query,accession,organism,host,genome_length,rbp_product,rbp_aa_len
klebsiella,PX670413,Klebsiella phage RSU-phaWit,Klebsiella pneumoniae,44098,tail fiber protein,307
klebsiella,PX670412,Klebsiella phage RSU-phaR4,Klebsiella pneumoniae,178625,long tail fiber protein distal subunit,723
klebsiella,PX670412,Klebsiella phage RSU-phaR4,Klebsiella pneumoniae,178625,long tail fiber protein distal subunit,742
klebsiella,PX670412,Klebsiella phage RSU-phaR4,Klebsiella pneumoniae,178625,tail fiber adhesin,172
klebsiella,PX670411,Klebsiella phage RSU-phaL3-2,Klebsiella pneumoniae,44164,tail fiber protein,651
klebsiella,PX670411,Klebsiella phage RSU-phaL3-2,Klebsiella pneumoniae,44164,tail fiber protein,816
klebsiella,PX670409,Klebsiella phage RSU-phaK5,Klebsiella michiganensis,48080,tail fiber protein,687
klebsiella,PX670408,Klebsiella phage RSU-phaG4,Klebsiella pneumoniae,41219,tail fiber protein,1017
klebsiella,PX670407,Klebsiella phage RSU-F9L,Klebsiella pneumoniae,39468,tail fiber protein,921
klebsiella,PX670406,Klebsiella phage RSU-F8R5,Klebsiella pneumoniae,50480,tail fiber protein,845
klebsiella,PX670405,Klebsiella phage RSU-F7K6,Klebsiella pneumoniae,44279,tail fiber protein,651
klebsiella,PX670405,Klebsiella phage RSU-F7K6,Klebsiella pneumoniae,44279,tail fiber protein,858
klebsiella,PX670404,Klebsiella phage RSU-F6R3,Klebsiella pneumoniae,48305,tail fiber protein,414
klebsiella,PX670403,Klebsiella phage RSU-F6R1,Klebsiella pneumoniae,44029,tail fiber protein,652
klebsiella,PX670403,Klebsiella phage RSU-F6R1,Klebsiella pneumoniae,44029,tail fiber protein,794
klebsiella,PX670402,Klebsiella phage RSU-F6L1,Klebsiella pneumoniae,48794,tail fiber protein,827
klebsiella,PX670401,Klebsiella phage RSU-F6K4,Klebsiella pneumoniae,44444,tail fiber protein,825
klebsiella,PX670401,Klebsiella phage RSU-F6K4,Klebsiella pneumoniae,44444,tail fiber protein,318
klebsiella,PX670400,Klebsiella phage RSU-F5L3,Klebsiella pneumoniae,44147,tail fiber protein,651
klebsiella,PX670400,Klebsiella phage RSU-F5L3,Klebsiella pneumoniae,44147,tail fiber protein,318
klebsiella,PX670399,Klebsiella phage RSU-F4L,Klebsiella pneumoniae,43073,tail fiber protein,748
klebsiella,PX670399,Klebsiella phage RSU-F4L,Klebsiella pneumoniae,43073,tail fiber protein,318
klebsiella,PX670397,Klebsiella phage RSU-F4K4-1,Klebsiella oxytoca species complex,44307,tail fiber protein,825
klebsiella,PX670397,Klebsiella phage RSU-F4K4-1,Klebsiella oxytoca species complex,44307,tail fiber protein,318
klebsiella,PX670396,Klebsiella phage RSU-F4K3,Klebsiella pneumoniae,45805,tail fiber protein,648
klebsiella,PX670396,Klebsiella phage RSU-F4K3,Klebsiella pneumoniae,45805,tail fiber protein,328
klebsiella,PX670392,Klebsiella phage RSU-F1K2,Klebsiella pneumoniae,43675,tail fiber protein,1243
klebsiella,PX670391,Klebsiella phage RSU-F1K1,Klebsiella pneumoniae,43673,tail fiber protein,1243
klebsiella,PX670390,Klebsiella phage RSU-F10L,Klebsiella pneumoniae,40697,tail fiber protein,921
klebsiella,PX670388,Klebsiella phage RSU-219-1F10,Klebsiella pneumoniae,47503,tail fiber protein,827
klebsiella,PX694429,Klebsiella phage vB_Kpn9997-EKp2,Klebsiella sp. ATCC 9997,39371,tail fiber protein,404
klebsiella,PX694428,Klebsiella phage vB_Kpn582610-EKp146,Klebsiella sp. MRSN 582610,40894,tail fiber protein,903
klebsiella,PX694428,Klebsiella phage vB_Kpn582610-EKp146,Klebsiella sp. MRSN 582610,40894,tail spike protein,528
klebsiella,PX694427,Klebsiella phage vB_Kpn546043-EKp39,Klebsiella sp. MRSN 546043,40428,tail fiber protein,778
klebsiella,PX694427,Klebsiella phage vB_Kpn546043-EKp39,Klebsiella sp. MRSN 546043,40428,tail fiber protein,157
klebsiella,PX694425,Klebsiella phage vB_Kpn533757-EKp119,Klebsiella sp. MRSN 533757,40428,tail fiber protein,511
klebsiella,PX694424,Klebsiella phage vB_Kpn517281-EKp181,Klebsiella sp. MRSN 517281,40546,tail fiber protein,1017
klebsiella,PX694423,Klebsiella phage vB_Kpn508238-EKp110,Klebsiella sp. MRSN 508238,40273,tail fiber protein,921
klebsiella,PX694421,Klebsiella phage vB_Kpn419800-EKp24,Klebsiella sp. MRSN 419800,41484,tail fiber protein,903
klebsiella,PX694420,Klebsiella phage vB_Kpn27617-EKp55,Klebsiella sp. MRSN 27617,40927,tail fiber protein,777
klebsiella,PX694420,Klebsiella phage vB_Kpn27617-EKp55,Klebsiella sp. MRSN 27617,40927,tail spike protein,576
klebsiella,PX694419,Klebsiella phage vB_Kpn18776-EKp44,Klebsiella sp. MRSN 18776,41853,tail fiber protein,557
klebsiella,PX694414,Klebsiella phage vB_Kpn106667-EKp167,Klebsiella sp. MRSN 106667,40438,tail fiber protein,777
klebsiella,PX694412,Klebsiella phage vB_Kpn101683-EKp160,Klebsiella sp. MRSN 101683,40116,tail spike protein,520
klebsiella,PX651778,Klebsiella phage PKP-2,Klebsiella pneumoniae,46909,tail fiber protein/lysozyme,483
klebsiella,PX651778,Klebsiella phage PKP-2,Klebsiella pneumoniae,46909,tail fiber protein,216
klebsiella,NC_103859,Klebsiella phage ABTNL-2,Klebsiella pneumoniae,49159,tail fiber protein,1276
klebsiella,NC_103859,Klebsiella phage ABTNL-2,Klebsiella pneumoniae,49159,tail fiber protein,875
klebsiella,PX943720,Klebsiella phage RAN69,Klebsiella pneumoniae,43585,tail spike protein,577
klebsiella,PX943720,Klebsiella phage RAN69,Klebsiella pneumoniae,43585,tail fiber protein,307
klebsiella,PX206436,Klebsiella phage vB_KpnS_CHNYNDL1,Klebsiella pneumoniae ATCC 700603,165941,L-shaped tail fiber protein,1393
klebsiella,PX206436,Klebsiella phage vB_KpnS_CHNYNDL1,Klebsiella pneumoniae ATCC 700603,165941,tail fibers protein,230
klebsiella,PX206436,Klebsiella phage vB_KpnS_CHNYNDL1,Klebsiella pneumoniae ATCC 700603,165941,tail fiber protein,378
klebsiella,PX206436,Klebsiella phage vB_KpnS_CHNYNDL1,Klebsiella pneumoniae ATCC 700603,165941,tail fibers protein,163
klebsiella,PX915675,Klebsiella phage phi1_146014,Klebsiella pneumoniae,40900,tail fiber protein,1017
klebsiella,PX915674,Klebsiella phage phi1_146016,Klebsiella pneumoniae,40362,tail fiber protein,1017
klebsiella,PX915673,Klebsiella phage phi1_146012,Klebsiella pneumoniae,178268,long tail fiber protein distal subunit,721
klebsiella,PX915673,Klebsiella phage phi1_146012,Klebsiella pneumoniae,178268,long tail fiber protein distal subunit,737
klebsiella,PX915673,Klebsiella phage phi1_146012,Klebsiella pneumoniae,178268,tail fiber adhesin,172
klebsiella,PX915672,Klebsiella phage phi1_146011,Klebsiella pneumoniae,46989,tail fiber protein,971
klebsiella,PX915625,Klebsiella phage KP7P9,Klebsiella pneumoniae KP7,168549,L-shaped tail fiber protein,1509
klebsiella,PX915625,Klebsiella phage KP7P9,Klebsiella pneumoniae KP7,168549,tail fiber adhesin,175
klebsiella,PX872124,Klebsiella phage KP5P3,Klebsiella pneumoniae KP5,170472,tail fibers protein,107
klebsiella,PX872124,Klebsiella phage KP5P3,Klebsiella pneumoniae KP5,170472,long tail fiber distal subunit,1383
klebsiella,PX872123,Klebsiella phage KP5P1,Klebsiella pneumoniae KP5,169692,tail fibers protein,107
klebsiella,PX872123,Klebsiella phage KP5P1,Klebsiella pneumoniae KP5,169692,tail fiber protein,1383
klebsiella,PX866606,Klebsiella phage Crius,Klebsiella aerogenes NCDC 819-56,52194,tail fiber protein,1157
klebsiella,PX866606,Klebsiella phage Crius,Klebsiella aerogenes NCDC 819-56,52194,tail fiber protein,892
klebsiella,PX904473,Klebsiella phage vB_KpnS_MUC343,Klebsiella pneumoniae MUC343,50200,tail fiber protein,733
klebsiella,PX904473,Klebsiella phage vB_KpnS_MUC343,Klebsiella pneumoniae MUC343,50200,tail fiber tip protein,1148
klebsiella,PX904472,Klebsiella phage vB_KpnM_MUC347,Klebsiella pneumoniae MUC347,296408,tail fiber protein,743
klebsiella,PX904472,Klebsiella phage vB_KpnM_MUC347,Klebsiella pneumoniae MUC347,296408,virion-associated protein/tail fiber,451
klebsiella,PX904472,Klebsiella phage vB_KpnM_MUC347,Klebsiella pneumoniae MUC347,296408,tailspike protein,1268
klebsiella,PX904472,Klebsiella phage vB_KpnM_MUC347,Klebsiella pneumoniae MUC347,296408,tailspike protein,889
klebsiella,PX904472,Klebsiella phage vB_KpnM_MUC347,Klebsiella pneumoniae MUC347,296408,tailspike protein,655
klebsiella,PX904472,Klebsiella phage vB_KpnM_MUC347,Klebsiella pneumoniae MUC347,296408,tailspike protein,999
klebsiella,PX904472,Klebsiella phage vB_KpnM_MUC347,Klebsiella pneumoniae MUC347,296408,tailspike protein,592
klebsiella,PX904472,Klebsiella phage vB_KpnM_MUC347,Klebsiella pneumoniae MUC347,296408,tail spike protein,698
klebsiella,PX906587,Klebsiella phage KP47,Klebsiella quasipneumoniae subsp. quasipneumoniae KH1,47396,tail fiber protein,405
klebsiella,PQ400079,Klebsiella phage Nika,Klebsiella pneumoniae K14,40165,tail spike protein,921
klebsiella,PQ400078,Klebsiella phage Pie,Klebsiella pneumoniae K14,40308,non-contractile tail fiber protein,667
klebsiella,PQ400077,Klebsiella phage Kiwi,Klebsiella pneumoniae K14,44094,tailspike protein,676
klebsiella,PQ400077,Klebsiella phage Kiwi,Klebsiella pneumoniae K14,44094,tailspike protein,748
klebsiella,PX880622,Klebsiella phage CP-p-KP-25289,Klebsiella pneumoniae,49060,tail fiber protein,961
klebsiella,PX733326,Klebsiella phage CP-p-KP-21008,Klebsiella pneumoniae,43711,tail fiber protein,318
klebsiella,PX733326,Klebsiella phage CP-p-KP-21008,Klebsiella pneumoniae,43711,tail fiber protein,651
klebsiella,PX842722,Klebsiella phage Henu-K20018,Klebsiella pneumoniae Kp408,40599,tail fiber protein,777
klebsiella,PX641096,Klebsiella phage vB_kpnP_ZB27,Klebsiella pneumoniae Kp202,50486,tail fiber protein,1232
klebsiella,PX641096,Klebsiella phage vB_kpnP_ZB27,Klebsiella pneumoniae Kp202,50486,tail fiber protein,845
klebsiella,PQ305823,Klebsiella phage KPW17,Klebsiella pneumoniae ATCC 10031,50416,tail fiber protein,860
klebsiella,PX725530,Klebsiella phage SW04,Klebsiella pneumoniae ATCC BAA-2146,50837,tail fiber protein,1256
klebsiella,PX693206,Klebsiella phage XDRKpn-3,Klebsiella pneumoniae (clinical isolate),50029,tail fiber protein,216
klebsiella,PX693206,Klebsiella phage XDRKpn-3,Klebsiella pneumoniae (clinical isolate),50029,tail spike,741
klebsiella,PX693206,Klebsiella phage XDRKpn-3,Klebsiella pneumoniae (clinical isolate),50029,tail fiber protein,199
klebsiella,PQ621133,Klebsiella phage Beam,Klebsiella pneumoniae KP125,170432,L-shaped tail fiber protein,1380
klebsiella,PQ621133,Klebsiella phage Beam,Klebsiella pneumoniae KP125,170432,tail fibers protein,225
klebsiella,PQ621133,Klebsiella phage Beam,Klebsiella pneumoniae KP125,170432,tail fiber protein,107
klebsiella,PQ621133,Klebsiella phage Beam,Klebsiella pneumoniae KP125,170432,tail fibers protein,163
klebsiella,PQ621133,Klebsiella phage Beam,Klebsiella pneumoniae KP125,170432,straight tail fiber,451
klebsiella,PQ621132,Klebsiella phage Rec,Klebsiella pneumoniae KP125,167933,L-shaped tail fiber protein,1391
klebsiella,PQ621132,Klebsiella phage Rec,Klebsiella pneumoniae KP125,167933,tail fibers protein,216
klebsiella,PQ621132,Klebsiella phage Rec,Klebsiella pneumoniae KP125,167933,tail fiber protein,378
klebsiella,PQ621132,Klebsiella phage Rec,Klebsiella pneumoniae KP125,167933,tail fibers protein,163
klebsiella,PQ621132,Klebsiella phage Rec,Klebsiella pneumoniae KP125,167933,straight tail fiber,448
klebsiella,PQ621131,Klebsiella phage QTY,Klebsiella pneumoniae KP125,167428,tail fiber protein,378
klebsiella,PQ621131,Klebsiella phage QTY,Klebsiella pneumoniae KP125,167428,tail fibers protein,225
klebsiella,PQ621131,Klebsiella phage QTY,Klebsiella pneumoniae KP125,167428,L-shaped tail fiber protein,1428
klebsiella,PQ621131,Klebsiella phage QTY,Klebsiella pneumoniae KP125,167428,straight tail fiber,448
klebsiella,PQ621131,Klebsiella phage QTY,Klebsiella pneumoniae KP125,167428,tail fibers protein,163
klebsiella,PQ621130,Klebsiella phage LK3,Klebsiella pneumoniae KP125,49048,tail fiber protein,1276
klebsiella,PQ621124,Klebsiella phage KL35,Klebsiella pneumoniae KP125,165835,L-shaped tail fiber protein,1474
klebsiella,PQ621124,Klebsiella phage KL35,Klebsiella pneumoniae KP125,165835,tail fibers protein,225
klebsiella,PQ621124,Klebsiella phage KL35,Klebsiella pneumoniae KP125,165835,tail fiber protein,378
klebsiella,PQ621124,Klebsiella phage KL35,Klebsiella pneumoniae KP125,165835,tail fibers protein,163
klebsiella,PQ621124,Klebsiella phage KL35,Klebsiella pneumoniae KP125,165835,straight tail fiber,448
klebsiella,PQ621123,Klebsiella phage ACE,Klebsiella pneumoniae KP125,175589,L-shaped tail fiber protein,1235
klebsiella,PQ621123,Klebsiella phage ACE,Klebsiella pneumoniae KP125,175589,tail fibers protein,461
klebsiella,PQ621122,Klebsiella phage APV,Klebsiella pneumoniae KP125,176400,tail fibers protein,461
klebsiella,PQ621122,Klebsiella phage APV,Klebsiella pneumoniae KP125,176400,L-shaped tail fiber protein,1321
klebsiella,PQ621121,Klebsiella phage Turmeric,Klebsiella pneumoniae KP125,165747,straight tail fiber,448
klebsiella,PQ621121,Klebsiella phage Turmeric,Klebsiella pneumoniae KP125,165747,tail fiber protein,1459
klebsiella,PQ621121,Klebsiella phage Turmeric,Klebsiella pneumoniae KP125,165747,tail fibers protein,220
klebsiella,PQ621121,Klebsiella phage Turmeric,Klebsiella pneumoniae KP125,165747,tail fibers protein,163
klebsiella,PQ529758,Klebsiella phage LK1,Klebsiella pneumoniae KP125,177771,tail fibers protein,461
klebsiella,PQ529758,Klebsiella phage LK1,Klebsiella pneumoniae KP125,177771,L-shaped tail fiber protein,1243
klebsiella,PP874908,Klebsiella phage B_KpuU_PhiKuK6,Klebsiella quasipneumoniae 700603,51251,tail fiber protein,646
klebsiella,PX550018,Klebsiella phage EB-Kpn129,"Klebsiella pneumoniae (clinical isolate, antibiotic-sensitive)",167340,tail fiber adhesin,175
klebsiella,PX550018,Klebsiella phage EB-Kpn129,"Klebsiella pneumoniae (clinical isolate, antibiotic-sensitive)",167340,tail fiber protein,1517
klebsiella,PV933830,Klebsiella phage BEV19,Klebsiella pneumoniae,47750,tail fiber protein,147
klebsiella,PV933830,Klebsiella phage BEV19,Klebsiella pneumoniae,47750,tail spike protein,831
klebsiella,PV933828,Klebsiella phage BIV-G10,Klebsiella pneumoniae,45459,putative tail fiber protein,832
klebsiella,AB716667,Klebsiella phage A4528-K2-1,,43365,putative tail fiber protein,307
klebsiella,PX666696,Klebsiella phage KP_NC20,Klebsiella pneumoniae W119,49140,tail fiber protein,907
klebsiella,PX674087,Klebsiella phage PK38,Klebsiella pneumoniae KP7,43481,non-contractile tail fiber protein,798
klebsiella,PX120903,Klebsiella phage CP-p-KP-21067,Klebsiella pneumoniae,38762,tail fiber protein,542
klebsiella,NC_105760,Klebsiella phage P-K7R,,52111,tail fiber protein,1425
klebsiella,NC_105760,Klebsiella phage P-K7R,,52111,tail fiber protein,1192
klebsiella,PX411091,Klebsiella phage MAB5,Klebsiella pneumoniae,48547,tail fiber protein,992
klebsiella,PX411091,Klebsiella phage MAB5,Klebsiella pneumoniae,48547,tail fiber protein,1148
klebsiella,PX411090,Klebsiella phage MAB2,Klebsiella pneumoniae,45829,tail fiber protein,669
klebsiella,PX411090,Klebsiella phage MAB2,Klebsiella pneumoniae,45829,tail fiber protein,328
klebsiella,PX630711,Klebsiella phage Artin,Klebsiella pneumoniae (clinical samples),46603,non-contractile tail fiber protein,843
klebsiella,PX577203,Klebsiella phage vB_Kpn_18-1,Klebsiella pneumoniae,41326,tail spike protein,576
klebsiella,PX275746,Klebsiella phage vB_KaeP_KM6,Klebsiella aerogenes KM3,37829,long tail fiber protein,363
klebsiella,PX246282,Klebsiella phage vB_KaeP_KM5,Klebsiella aerogenes KM3,37829,long tail fiber protein,217
klebsiella,PX246281,Klebsiella phage vB_KpnM_KM4,Klebsiella pneumoniae KM1,174198,side tail fiber protein,388
klebsiella,PX246281,Klebsiella phage vB_KpnM_KM4,Klebsiella pneumoniae KM1,174198,short tail fiber protein,461
klebsiella,PX246281,Klebsiella phage vB_KpnM_KM4,Klebsiella pneumoniae KM1,174198,long-tail fiber protein,374
klebsiella,PX246281,Klebsiella phage vB_KpnM_KM4,Klebsiella pneumoniae KM1,174198,long-tail fiber protein,222
klebsiella,PX246280,Klebsiella phage vB_KpnM_KM1,Klebsiella pneumoniae KM1,175050,long-tail fiber protein,374
klebsiella,PX246280,Klebsiella phage vB_KpnM_KM1,Klebsiella pneumoniae KM1,175050,long-tail fiber protein,222
klebsiella,PX246280,Klebsiella phage vB_KpnM_KM1,Klebsiella pneumoniae KM1,175050,side tail fiber protein,1237
klebsiella,PX246280,Klebsiella phage vB_KpnM_KM1,Klebsiella pneumoniae KM1,175050,short tail fiber protein,461
klebsiella,PX557717,Klebsiella phage KpS7,Klebsiella pneumoniae,167663,tail fiber,448
klebsiella,PX557717,Klebsiella phage KpS7,Klebsiella pneumoniae,167663,tail fiber protein,378
klebsiella,PX557717,Klebsiella phage KpS7,Klebsiella pneumoniae,167663,tail fiber protein,216
klebsiella,PX557717,Klebsiella phage KpS7,Klebsiella pneumoniae,167663,L-shaped tail fiber protein,1476
klebsiella,PX557717,Klebsiella phage KpS7,Klebsiella pneumoniae,167663,tail fiber adhesin,179
klebsiella,PP566237,Klebsiella phage vB_XU-P1,Klebsiella sp.,43917,tail fiber protein,611
klebsiella,PP566237,Klebsiella phage vB_XU-P1,Klebsiella sp.,43917,tail fiber protein,192
klebsiella,PP566237,Klebsiella phage vB_XU-P1,Klebsiella sp.,43917,tail fibers protein,790
klebsiella,PX283063,Klebsiella phage KPP-X1,Klebsiella pneumoniae ATCC 700603,146898,tail fiber protein,682
klebsiella,PX283063,Klebsiella phage KPP-X1,Klebsiella pneumoniae ATCC 700603,146898,L-shaped tail fiber protein,278
klebsiella,PX446291,Klebsiella phage Junood_PK1,Klebsiella pneumoniae,175100,short tail fiber protein,461
klebsiella,PX446291,Klebsiella phage Junood_PK1,Klebsiella pneumoniae,175100,long-tail fiber protein,374
klebsiella,PX446291,Klebsiella phage Junood_PK1,Klebsiella pneumoniae,175100,long-tail fiber protein,222
klebsiella,PV287707,Klebsiella phage UHKP,Klebsiella pneumoniae,62542,putative tail fiber protein,121
klebsiella,PQ329252,Klebsiella phage vB_XU-P2,Klebsiella sp.,43917,tail fiber protein,611
klebsiella,PQ329252,Klebsiella phage vB_XU-P2,Klebsiella sp.,43917,tail fiber protein,192
klebsiella,PQ329252,Klebsiella phage vB_XU-P2,Klebsiella sp.,43917,tail fibers protein,790
klebsiella,PX093639,Klebsiella phage Skif1059,Klebsiella pneumoniae,74854,tail spike protein,877
klebsiella,PV987926,Klebsiella phage JAB13,Klebsiella pneumoniae G3-5,158306,tailspike protein,997
klebsiella,PV987926,Klebsiella phage JAB13,Klebsiella pneumoniae G3-5,158306,tailspike protein,771
klebsiella,PV987926,Klebsiella phage JAB13,Klebsiella pneumoniae G3-5,158306,tail fiber protein,831
klebsiella,PV987926,Klebsiella phage JAB13,Klebsiella pneumoniae G3-5,158306,tail fiber protein,755
klebsiella,PQ434564,Klebsiella phage P8451,Klebsiella pneumoniae H8451,40602,tail fibers protein,744
klebsiella,PP739164,Klebsiella phage P39,Klebsiella pneumoniae Kp214,41806,tail fiber protein,771
klebsiella,PP739164,Klebsiella phage P39,Klebsiella pneumoniae Kp214,41806,tail fiber protein,491
klebsiella,PP739164,Klebsiella phage P39,Klebsiella pneumoniae Kp214,41806,tail fiber protein,382
klebsiella,PV784032,Klebsiella phage Kp10Bj_LN54_14,Klebsiella sp.,167615,tail fiber protein,1468
klebsiella,PV784032,Klebsiella phage Kp10Bj_LN54_14,Klebsiella sp.,167615,tail fiber adhesin,175
klebsiella,PV784031,Klebsiella phage Kp2Bj_LN294_M23,Klebsiella sp.,170567,tail fiber adhesin,175
klebsiella,PV784031,Klebsiella phage Kp2Bj_LN294_M23,Klebsiella sp.,170567,tail fiber protein,1504
klebsiella,PV784030,Klebsiella phage Kp1Bj_HH11_M23,Klebsiella sp.,170568,tail fiber protein,1504
klebsiella,PV784030,Klebsiella phage Kp1Bj_HH11_M23,Klebsiella sp.,170568,tail fiber adhesin,175
klebsiella,PP993148,Klebsiella phage vB_KleM_kp20,Klebsiella michiganensis,174032,tail fiber protein,1269
klebsiella,PP993148,Klebsiella phage vB_KleM_kp20,Klebsiella michiganensis,174032,tail fiber adhesin,175
klebsiella,PX241558,Klebsiella phage ZBNAB01,Klebsiella pneumoniae,49936,tail fiber protein,894
klebsiella,PV357749,Klebsiella phage KP1402,Klebsiella pneumoniae,44117,tail fiber protein,530
klebsiella,PV357749,Klebsiella phage KP1402,Klebsiella pneumoniae,44117,tail spike protein,571
klebsiella,PV357747,Klebsiella phage KP1301,Klebsiella pneumoniae,166652,tail fiber protein,1550
klebsiella,PV357747,Klebsiella phage KP1301,Klebsiella pneumoniae,166652,tail fiber adhesin,175
klebsiella,PV357746,Klebsiella phage KP1203,Klebsiella pneumoniae,346508,tail fiber protein,1037
klebsiella,PV357746,Klebsiella phage KP1203,Klebsiella pneumoniae,346508,tail fiber protein,694
klebsiella,PV357746,Klebsiella phage KP1203,Klebsiella pneumoniae,346508,tail fiber protein,595
klebsiella,PV357746,Klebsiella phage KP1203,Klebsiella pneumoniae,346508,tail fiber protein,709
klebsiella,PV357746,Klebsiella phage KP1203,Klebsiella pneumoniae,346508,tail fiber protein,266
klebsiella,PV357745,Klebsiella phage KP1202,Klebsiella pneumoniae,167360,tail fiber adhesin,179
klebsiella,PV357745,Klebsiella phage KP1202,Klebsiella pneumoniae,167360,tail fiber protein,1478
klebsiella,PV357744,Klebsiella phage KP0405,Klebsiella pneumoniae,351880,tail fiber protein,708
klebsiella,PV357744,Klebsiella phage KP0405,Klebsiella pneumoniae,351880,tail spike protein,124
klebsiella,PV357744,Klebsiella phage KP0405,Klebsiella pneumoniae,351880,tail fiber protein,804
klebsiella,PV357744,Klebsiella phage KP0405,Klebsiella pneumoniae,351880,tail fiber protein,694
klebsiella,PV357744,Klebsiella phage KP0405,Klebsiella pneumoniae,351880,tail fiber protein,595
klebsiella,PV702342,Klebsiella phage PKP_K9,Klebsiella pneumoniae,112679,tail fiber protein,680
klebsiella,PV702342,Klebsiella phage PKP_K9,Klebsiella pneumoniae,112679,collar tail protein for L-shaped tail fiber attachment,139
klebsiella,PV702342,Klebsiella phage PKP_K9,Klebsiella pneumoniae,112679,central tail fiber J,948
klebsiella,PV702342,Klebsiella phage PKP_K9,Klebsiella pneumoniae,112679,receptor binding tail protein,658
klebsiella,PV702341,Klebsiella phage PKP_Kh11,Klebsiella pneumoniae,165732,tail fiber protein,1391
klebsiella,PV904160,Klebsiella phage SAKp10309,Klebsiella pneumoniae MTCC 10309,39516,tail fiber protein,188
klebsiella,PV759140,Klebsiella phage vB_KpnLmqsRe28-2,Klebsiella pneumoniae,113176,receptor-binding protein,207
klebsiella,PV759140,Klebsiella phage vB_KpnLmqsRe28-2,Klebsiella pneumoniae,113176,receptor-binding protein,433
klebsiella,PV759140,Klebsiella phage vB_KpnLmqsRe28-2,Klebsiella pneumoniae,113176,L-shaped tail fiber protein,139
klebsiella,PV683293,Klebsiella phage HMGUkp5,Klebsiella sp.,155465,tail fiber protein,768
klebsiella,PV683293,Klebsiella phage HMGUkp5,Klebsiella sp.,155465,tail spike protein,541
klebsiella,PV683293,Klebsiella phage HMGUkp5,Klebsiella sp.,155465,tail spike protein,675
klebsiella,PV683292,Klebsiella phage HMGUkp2,Klebsiella sp.,170329,tail fiber adhesin,175
klebsiella,PV683292,Klebsiella phage HMGUkp2,Klebsiella sp.,170329,tail fiber protein,1500
klebsiella,PV683291,Klebsiella phage HMGUkp4,Klebsiella sp.,40364,tail fiber protein,595
klebsiella,PV683291,Klebsiella phage HMGUkp4,Klebsiella sp.,40364,tail fiber protein,903
klebsiella,PV683290,Klebsiella phage HMGUkp3,Klebsiella sp.,40721,tail fiber protein,903
klebsiella,PV683289,Klebsiella phage HMGUkp1,Klebsiella sp.,179170,long tail fiber protein distal subunit,722
klebsiella,PV683289,Klebsiella phage HMGUkp1,Klebsiella sp.,179170,long tail fiber protein distal subunit,743
klebsiella,PV683289,Klebsiella phage HMGUkp1,Klebsiella sp.,179170,tail fiber adhesin,172
klebsiella,PV239574,Klebsiella phage ATCCa,Klebsiella pneumoniae ATCC13883,166469,tail fiber protein,378
klebsiella,PV239574,Klebsiella phage ATCCa,Klebsiella pneumoniae ATCC13883,166469,tail fiber protein,216
klebsiella,PV239574,Klebsiella phage ATCCa,Klebsiella pneumoniae ATCC13883,166469,tail fiber protein,1478
klebsiella,PV239574,Klebsiella phage ATCCa,Klebsiella pneumoniae ATCC13883,166469,tail fibers protein,179
klebsiella,PV239574,Klebsiella phage ATCCa,Klebsiella pneumoniae ATCC13883,166469,straight tail fiber,448
klebsiella,PV239574,Klebsiella phage ATCCa,Klebsiella pneumoniae ATCC13883,166469,tail fibers protein,163
klebsiella,PV239574,Klebsiella phage ATCCa,Klebsiella pneumoniae ATCC13883,166469,tail fibers protein,102
klebsiella,PV872879,Klebsiella phage vB_KpnP_ZH4,Klebsiella pneumoniae ZH-KP-4,36181,putative tail fiber protein,192
klebsiella,PV872879,Klebsiella phage vB_KpnP_ZH4,Klebsiella pneumoniae ZH-KP-4,36181,tail fibers protein,790
klebsiella,PV833077,Klebsiella phage vB_KpnP_KM2,Klebsiella pneumoniae,174682,side tail fiber protein,1237
klebsiella,PV402690,Klebsiella phage HBM00,Klebsiella variicola AJ292 (clinical isolate),48734,tail fiber protein,405
klebsiella,PV402689,Klebsiella phage BHM14,Klebsiella variicola 04153260899A (clinical isolate),51610,tail fiber protein,892
klebsiella,PV402688,Klebsiella phage PNU90,Klebsiella variicola 04153260899A (clinical isolate),51782,tail fiber protein,892
klebsiella,PV402687,Klebsiella phage CBB98,Klebsiella pneumoniae KPC2 (clinical isolate),49696,tail fiber protein,883
klebsiella,PV081217,Klebsiella phage Kpn02SCE,Klebsiella pneumoniae NCTC-13439,49460,tail fiber protein,893
klebsiella,PV081216,Klebsiella phage Kpn01BRG,Klebsiella pneumoniae NCTC-13439,51716,tail fiber protein,877
klebsiella,PQ338058,Klebsiella phage TPL-03,Klebsiella sp.,59598,tail fiber protein,1516
klebsiella,PQ338058,Klebsiella phage TPL-03,Klebsiella sp.,59598,tail fiber adhesin,175
klebsiella,PV963844,Klebsiella phage THQ_07,Klebsiella pneumoniae AMR-0197,169451,tail fiber adhesin,175
klebsiella,PV963844,Klebsiella phage THQ_07,Klebsiella pneumoniae AMR-0197,169451,tail fiber protein,1507
klebsiella,PV963843,Klebsiella phage THK_07,Klebsiella pneumoniae AMR-0197,169304,tail fiber protein,1391
ecoli,PZ334583,Escherichia phage EcoStrike,Escherichia coli M2-35,45069,tail spike protein,632
ecoli,PZ334583,Escherichia phage EcoStrike,Escherichia coli M2-35,45069,tail fiber protein,320
ecoli,PZ247578,Escherichia phage vB_EcoA-Sparklingdew,Escherichia coli,37944,tailspike protein,188
ecoli,PZ247578,Escherichia phage vB_EcoA-Sparklingdew,Escherichia coli,37944,tailspike protein,728
ecoli,PV946933,Escherichia phage vB_EcoM_51,Escherichia coli (multidrug-resistant),167016,tail fiber protein,1087
ecoli,PV946933,Escherichia phage vB_EcoM_51,Escherichia coli (multidrug-resistant),167016,short tail fiber protein,516
ecoli,PV946933,Escherichia phage vB_EcoM_51,Escherichia coli (multidrug-resistant),167016,tail fiber protein,77
ecoli,PV889368,Escherichia phage vB-EcoP-B10,Escherichia sp. B10,40015,tail fiber protein,188
ecoli,PZ296771,Escherichia phage vB_EcoM_QH01,Escherichia sp.,166658,short tail fiber protein,527
ecoli,PZ296771,Escherichia phage vB_EcoM_QH01,Escherichia sp.,166658,long-tail fiber protein,1041
ecoli,PZ296771,Escherichia phage vB_EcoM_QH01,Escherichia sp.,166658,long-tail fiber protein,221
ecoli,PZ296771,Escherichia phage vB_EcoM_QH01,Escherichia sp.,166658,long-tail fiber protein,371
ecoli,PV357172,Escherichia phage vB_Ecoli_HMKU_E6,Escherichia coli E6,110899,tail fiber protein,212
ecoli,PV357172,Escherichia phage vB_Ecoli_HMKU_E6,Escherichia coli E6,110899,tail fiber protein,164
ecoli,PV357172,Escherichia phage vB_Ecoli_HMKU_E6,Escherichia coli E6,110899,tail fiber protein,299
ecoli,PV357172,Escherichia phage vB_Ecoli_HMKU_E6,Escherichia coli E6,110899,tail fiber protein,1219
ecoli,PV357172,Escherichia phage vB_Ecoli_HMKU_E6,Escherichia coli E6,110899,tail fiber protein,949
ecoli,PV357172,Escherichia phage vB_Ecoli_HMKU_E6,Escherichia coli E6,110899,tail fiber protein,685
ecoli,PV357172,Escherichia phage vB_Ecoli_HMKU_E6,Escherichia coli E6,110899,side tail fiber protein Stf,782
ecoli,PV357172,Escherichia phage vB_Ecoli_HMKU_E6,Escherichia coli E6,110899,tail fiber protein,530
ecoli,PV357171,Escherichia phage vB_Ecoli_HMKU_E5,Escherichia coli E5,110901,tail fiber protein,164
ecoli,PV357171,Escherichia phage vB_Ecoli_HMKU_E5,Escherichia coli E5,110901,tail fiber protein,299
ecoli,PV357171,Escherichia phage vB_Ecoli_HMKU_E5,Escherichia coli E5,110901,tail fiber protein,1219
ecoli,PV357171,Escherichia phage vB_Ecoli_HMKU_E5,Escherichia coli E5,110901,tail fiber protein,949
ecoli,PV357171,Escherichia phage vB_Ecoli_HMKU_E5,Escherichia coli E5,110901,tail fiber protein,685
ecoli,PV357171,Escherichia phage vB_Ecoli_HMKU_E5,Escherichia coli E5,110901,side tail fiber protein Stf,782
ecoli,PV357171,Escherichia phage vB_Ecoli_HMKU_E5,Escherichia coli E5,110901,tail fiber protein,530
ecoli,PV357171,Escherichia phage vB_Ecoli_HMKU_E5,Escherichia coli E5,110901,tail fiber protein,212
ecoli,PV357170,Escherichia phage vB_Ecoli_HMKU_E4,Escherichia coli E4,42358,tailspike protein,156
ecoli,PV357170,Escherichia phage vB_Ecoli_HMKU_E4,Escherichia coli E4,42358,tail fiber protein,329
ecoli,PV357169,Escherichia phage vB_Ecoli_HMKU_E2,Escherichia coli E2,43293,tail fiber protein,329
ecoli,PZ168832,Escherichia phage EHEC-B,Escherichia coli O157:H7 ATCC 35150,67296,tail fiber protein,785
ecoli,PZ168832,Escherichia phage EHEC-B,Escherichia coli O157:H7 ATCC 35150,67296,tail fiber protein,155
ecoli,PZ168832,Escherichia phage EHEC-B,Escherichia coli O157:H7 ATCC 35150,67296,tail fiber protein,165
ecoli,PZ168832,Escherichia phage EHEC-B,Escherichia coli O157:H7 ATCC 35150,67296,tail fiber protein,177
ecoli,PZ168832,Escherichia phage EHEC-B,Escherichia coli O157:H7 ATCC 35150,67296,tail fiber protein,186
ecoli,PZ166176,Escherichia phage vECPPW15,Escherichia coli,149378,tail fiber protein,233
ecoli,PZ166176,Escherichia phage vECPPW15,Escherichia coli,149378,tail fiber protein,157
ecoli,PZ166176,Escherichia phage vECPPW15,Escherichia coli,149378,tailspike protein,648
ecoli,PZ166176,Escherichia phage vECPPW15,Escherichia coli,149378,tail fiber protein,674
ecoli,PZ151149,Escherichia phage Vb_EcoM_P9,Escherichia coli GZEC-1,162926,tail fiber protein,496
ecoli,PX930854,Escherichia phage vB_Eco_EFF13,Escherichia coli WG5,89596,long-tail fiber protein,395
ecoli,PX930854,Escherichia phage vB_Eco_EFF13,Escherichia coli WG5,89596,long-tail fiber protein,794
ecoli,PX930853,Escherichia phage vB_Eco_EUR32,Escherichia coli WG5,51150,tail fibers protein,814
ecoli,PX930852,Escherichia phage vB_Eco_INF11,Escherichia coli WG5,89584,tail fibers protein,794
ecoli,PX930852,Escherichia phage vB_Eco_INF11,Escherichia coli WG5,89584,tail fiber protein,395
ecoli,PX930852,Escherichia phage vB_Eco_INF11,Escherichia coli WG5,89584,tail fibers protein,160
ecoli,PX930851,Escherichia phage vB_Eco_EFF11A,Escherichia coli WG5,166951,long tail fiber protein distal subunit,1109
ecoli,PX930851,Escherichia phage vB_Eco_EFF11A,Escherichia coli WG5,166951,tail fiber protein,258
ecoli,PZ256265,Escherichia phage ev_rybdy6,Escherichia coli ATCC BAA-2469,77212,tail fiber protein,322
ecoli,PZ256265,Escherichia phage ev_rybdy6,Escherichia coli ATCC BAA-2469,77212,tail fiber protein,1005
ecoli,PZ256265,Escherichia phage ev_rybdy6,Escherichia coli ATCC BAA-2469,77212,tail fiber protein,732
ecoli,PZ256265,Escherichia phage ev_rybdy6,Escherichia coli ATCC BAA-2469,77212,tail fiber protein,852
ecoli,PZ256264,Escherichia phage ev_rybdy2,Escherichia coli ATCC BAA-2469,77715,tail fiber protein,322
ecoli,PZ256264,Escherichia phage ev_rybdy2,Escherichia coli ATCC BAA-2469,77715,tail fiber protein,1005
ecoli,PZ256264,Escherichia phage ev_rybdy2,Escherichia coli ATCC BAA-2469,77715,tail fiber protein,733
ecoli,PZ256264,Escherichia phage ev_rybdy2,Escherichia coli ATCC BAA-2469,77715,tail fiber protein,852
ecoli,PZ256263,Escherichia phage ev_rybdy1,Escherichia coli ATCC BAA-2469,76930,tail fiber protein,322
ecoli,PZ256263,Escherichia phage ev_rybdy1,Escherichia coli ATCC BAA-2469,76930,tail fiber protein,1005
ecoli,PZ256263,Escherichia phage ev_rybdy1,Escherichia coli ATCC BAA-2469,76930,tail fiber protein,732
ecoli,PZ256263,Escherichia phage ev_rybdy1,Escherichia coli ATCC BAA-2469,76930,tail fiber protein,758
ecoli,PZ273787,Escherichia phage vB_EcoS_KanT1,Escherichia coli BW25113,49998,central tail fiber J,1139
ecoli,PZ273787,Escherichia phage vB_EcoS_KanT1,Escherichia coli BW25113,49998,tail fiber protein,615
ecoli,PX123545,Escherichia phage vB_EcoP_SSK1,Escherichia coli O111:H2,39506,tail spike protein,769
ecoli,PX068456,Escherichia phage ECP2402,Escherichia coli,146024,tail fiber protein,656
ecoli,PX068456,Escherichia phage ECP2402,Escherichia coli,146024,tail fiber protein,326
ecoli,PX068456,Escherichia phage ECP2402,Escherichia coli,146024,tail spike protein,690
ecoli,PX068456,Escherichia phage ECP2402,Escherichia coli,146024,putative tail fiber protein,719
ecoli,PX068456,Escherichia phage ECP2402,Escherichia coli,146024,tail fiber protein,157
ecoli,PX068456,Escherichia phage ECP2402,Escherichia coli,146024,tail fiber protein,236
ecoli,PX068455,Escherichia phage ECP2308,Escherichia coli,136614,putative tail fiber protein,581
ecoli,PX068455,Escherichia phage ECP2308,Escherichia coli,136614,tail fiber protein,347
ecoli,PX068455,Escherichia phage ECP2308,Escherichia coli,136614,tail fiber protein,346
ecoli,PX068455,Escherichia phage ECP2308,Escherichia coli,136614,putative tail fiber protein,690
ecoli,PX068455,Escherichia phage ECP2308,Escherichia coli,136614,tail fiber protein,1279
ecoli,PX068455,Escherichia phage ECP2308,Escherichia coli,136614,lateral tail fiber protein,1266
ecoli,PX068454,Escherichia phage ECP2306,Escherichia coli,135638,putative tail fiber protein,581
ecoli,PX068454,Escherichia phage ECP2306,Escherichia coli,135638,tail fiber protein,346
ecoli,PX068454,Escherichia phage ECP2306,Escherichia coli,135638,central tail fiber J,1279
ecoli,PX068454,Escherichia phage ECP2306,Escherichia coli,135638,lateral tail fiber protein,1266
ecoli,PZ212788,Escherichia phage 5540,Escherichia coli ET38 (527_CL100139376_L02),131071,tail fiber protein,222
ecoli,PZ212788,Escherichia phage 5540,Escherichia coli ET38 (527_CL100139376_L02),131071,tail fiber protein,1270
ecoli,PZ212788,Escherichia phage 5540,Escherichia coli ET38 (527_CL100139376_L02),131071,central tail fiber J,1279
ecoli,PZ212788,Escherichia phage 5540,Escherichia coli ET38 (527_CL100139376_L02),131071,tail fiber protein,346
ecoli,PZ212788,Escherichia phage 5540,Escherichia coli ET38 (527_CL100139376_L02),131071,tail fiber protein,347
ecoli,PZ212788,Escherichia phage 5540,Escherichia coli ET38 (527_CL100139376_L02),131071,tail fiber protein,581
ecoli,PZ171032,Escherichia phage 5537,Escherichia coli ET38 (527_CL100139376_L02),135160,tail fiber protein,581
ecoli,PZ171032,Escherichia phage 5537,Escherichia coli ET38 (527_CL100139376_L02),135160,tail fiber protein,347
ecoli,PZ171032,Escherichia phage 5537,Escherichia coli ET38 (527_CL100139376_L02),135160,tail fiber protein,346
ecoli,PZ171032,Escherichia phage 5537,Escherichia coli ET38 (527_CL100139376_L02),135160,central tail fiber J,1381
ecoli,PZ171032,Escherichia phage 5537,Escherichia coli ET38 (527_CL100139376_L02),135160,tail fiber protein,1270
ecoli,PZ171032,Escherichia phage 5537,Escherichia coli ET38 (527_CL100139376_L02),135160,tail fiber protein,222
ecoli,PX132564,Escherichia phage vB_Eco_ppH1,Escherichia coli GCU-H1,47573,side tail fiber protein,673
ecoli,PX583170,Escherichia phage vB-EcoM-Eg05,Escherichia coli,56260,tail fiber protein,382
ecoli,PX583170,Escherichia phage vB-EcoM-Eg05,Escherichia coli,56260,tail fiber protein,464
ecoli,PX583170,Escherichia phage vB-EcoM-Eg05,Escherichia coli,56260,putative tail fiber protein,341
ecoli,PX393110,Escherichia phage Inksom_phi50-4,Escherichia coli,112912,tail-spike-N domain-containing protein,255
ecoli,PX393110,Escherichia phage Inksom_phi50-4,Escherichia coli,112912,long tail fiber protein,994
ecoli,PX393110,Escherichia phage Inksom_phi50-4,Escherichia coli,112912,tail fiber protein,483
ecoli,PX393109,Escherichia phage Inksom_phi25-4,Escherichia coli,113488,tail fiber protein,483
ecoli,PX393109,Escherichia phage Inksom_phi25-4,Escherichia coli,113488,long tail fiber protein,995
ecoli,PX393109,Escherichia phage Inksom_phi25-4,Escherichia coli,113488,putative tail fibers protein,207
ecoli,PX393109,Escherichia phage Inksom_phi25-4,Escherichia coli,113488,putative tail fibers protein,305
ecoli,PX393109,Escherichia phage Inksom_phi25-4,Escherichia coli,113488,tail-spike-N domain-containing protein,255
ecoli,PX393108,Escherichia phage Inksom_phi25-6,Escherichia coli,167245,tail fiber protein,78
ecoli,PX393108,Escherichia phage Inksom_phi25-6,Escherichia coli,167245,long-tail fiber protein,371
ecoli,PX393108,Escherichia phage Inksom_phi25-6,Escherichia coli,167245,tail fiber protein,219
ecoli,PX393108,Escherichia phage Inksom_phi25-6,Escherichia coli,167245,long tail fiber protein,1318
ecoli,PX393108,Escherichia phage Inksom_phi25-6,Escherichia coli,167245,short tail fiber protein,527
ecoli,PZ049337,Escherichia phage EC1KC,Escherichia coli (multidrug-resistant strain),52976,tail fiber protein,450
ecoli,PZ049337,Escherichia phage EC1KC,Escherichia coli (multidrug-resistant strain),52976,tail fiber protein,463
ecoli,PZ049337,Escherichia phage EC1KC,Escherichia coli (multidrug-resistant strain),52976,tail fiber protein,399
ecoli,PZ091942,Escherichia phage vB_EcoP_P61425,Escherichia coli,77933,tail fiber protein,336
ecoli,PZ091942,Escherichia phage vB_EcoP_P61425,Escherichia coli,77933,tail fiber protein,1001
ecoli,PZ091942,Escherichia phage vB_EcoP_P61425,Escherichia coli,77933,tail fiber protein,729
ecoli,PZ091942,Escherichia phage vB_EcoP_P61425,Escherichia coli,77933,tail fiber protein,852
ecoli,PZ091942,Escherichia phage vB_EcoP_P61425,Escherichia coli,77933,tail fiber protein,364
ecoli,PX962436,Escherichia phage vB_EcS_Jnl-01,Escherichia coli,48115,tail fiber protein,401
ecoli,PX969075,Escherichia phage mEp409,Escherichia coli K-12 (W3110),40709,central tail fiber receptor binding protein,1146
ecoli,PX969075,Escherichia phage mEp409,Escherichia coli K-12 (W3110),40709,tail fiber protein,422
ecoli,PX943856,Escherichia phage vB_EcoM-RPN242-TrD10,Escherichia coli M242-D10F1,154921,tail spike protein,741
ecoli,PX943856,Escherichia phage vB_EcoM-RPN242-TrD10,Escherichia coli M242-D10F1,154921,tail fiber protein,807
ecoli,PX943856,Escherichia phage vB_EcoM-RPN242-TrD10,Escherichia coli M242-D10F1,154921,tail spike protein,849
ecoli,PX943856,Escherichia phage vB_EcoM-RPN242-TrD10,Escherichia coli M242-D10F1,154921,tail spike protein,1063
ecoli,PX021331,Escherichia phage Serwaa,Escherichia coli,62144,tail fiber protein,1046
ecoli,PX021331,Escherichia phage Serwaa,Escherichia coli,62144,tail fiber protein,261
ecoli,PZ049694,Escherichia phage MEC7,Escherichia coli ATCC 43890 (O157:H7),168475,tail fiber protein,1291
ecoli,PZ049694,Escherichia phage MEC7,Escherichia coli ATCC 43890 (O157:H7),168475,long tail fiber protein distal subunit,1081
ecoli,PZ053912,Escherichia phage phiM,Escherichia coli,170036,tail fiber protein,135
ecoli,PZ053912,Escherichia phage phiM,Escherichia coli,170036,tail fiber protein,183
ecoli,PZ053912,Escherichia phage phiM,Escherichia coli,170036,short tail fiber protein,527
ecoli,PZ053912,Escherichia phage phiM,Escherichia coli,170036,tail fiber protein,375
ecoli,PZ053912,Escherichia phage phiM,Escherichia coli,170036,tail fiber protein,220
ecoli,OZ418234,Escherichia phage ue_4E6,,41487,"tail fiber protein, T7_Gp17-like protein",729
ecoli,OZ418233,Escherichia phage ue_4C9,,40362,"tail fiber protein, T7_Gp17-like protein",729
ecoli,OZ418230,Escherichia phage jv_4E6,,42499,central tail fiber protein,1160
ecoli,OZ418230,Escherichia phage jv_4E6,,42499,tail fiber protein,673
ecoli,OZ418229,Escherichia phage Josas_2H4,,50385,central tail fiber protein,1159
ecoli,OZ418229,Escherichia phage Josas_2H4,,50385,tail fiber protein,791
ecoli,OZ418229,Escherichia phage Josas_2H4,,50385,tail fiber protein,346
ecoli,PX572931,Escherichia phage Tiny,Escherichia sp.,53007,tail fiber protein,450
ecoli,PX572931,Escherichia phage Tiny,Escherichia sp.,53007,tail fiber protein,463
ecoli,PX572931,Escherichia phage Tiny,Escherichia sp.,53007,tail fiber protein,399
ecoli,PZ050807,Escherichia phage KBU_SV1,Escherichia coli,45190,tail fiber protein,293
ecoli,PZ019086,Escherichia phage Wasif,Escherichia coli S87,169810,tail fiber protein,102
ecoli,PZ019086,Escherichia phage Wasif,Escherichia coli S87,169810,long tail fiber protein distal subunit,1241
ecoli,PZ019086,Escherichia phage Wasif,Escherichia coli S87,169810,tail fiber protein host specificity,261
ecoli,PZ019084,Escherichia phage Rayhan,Escherichia coli S87,166406,tail fiber protein,102
ecoli,PZ019084,Escherichia phage Rayhan,Escherichia coli S87,166406,long tail fiber protein distal subunit,1262
ecoli,PZ019084,Escherichia phage Rayhan,Escherichia coli S87,166406,tail fiber protein host specificity,264
ecoli,PZ019085,Escherichia phage Anabia,Escherichia coli S87,168431,long tail fiber protein distal subunit,1044
ecoli,PZ019085,Escherichia phage Anabia,Escherichia coli S87,168431,tail fiber protein,98
ecoli,PZ019083,Escherichia phage Azraf,Escherichia coli S87,41142,tail fiber protein,466
ecoli,PZ019083,Escherichia phage Azraf,Escherichia coli S87,41142,tail spike protein,708
ecoli,PZ019082,Escherichia phage Ayan,Escherichia coli S87,40613,tail fiber protein,466
ecoli,PZ019082,Escherichia phage Ayan,Escherichia coli S87,40613,tail spike protein,675
ecoli,PX418922,Escherichia phage Junood_PK_3,Escherichia coli,149814,tailspike protein,833
ecoli,PX418922,Escherichia phage Junood_PK_3,Escherichia coli,149814,tailspike protein,101
ecoli,OM867527,Escherichia phage GN07,Escherichia coli,70120,tailspike protein,965
ecoli,OM867526,Escherichia phage GN06,Escherichia coli,107237,tail fiber protein,212
ecoli,OM867526,Escherichia phage GN06,Escherichia coli,107237,tail fiber protein,700
ecoli,OM867526,Escherichia phage GN06,Escherichia coli,107237,tail fibers protein,463
ecoli,PX994957,Escherichia phage vB_EcoM-DCSW23lw,sewage water,167430,tail fiber protein,102
ecoli,PX994957,Escherichia phage vB_EcoM-DCSW23lw,sewage water,167430,tail fibers protein,78
ecoli,PX994957,Escherichia phage vB_EcoM-DCSW23lw,sewage water,167430,long tail fiber protein,1108
ecoli,PX994957,Escherichia phage vB_EcoM-DCSW23lw,sewage water,167430,short tail fiber protein,516
ecoli,PZ000615,Escherichia phage vB_EcoM_Ww_Az2,Escherichia coli,51960,tail fiber protein,218
ecoli,PZ000615,Escherichia phage vB_EcoM_Ww_Az2,Escherichia coli,51960,tail fiber protein,1300
ecoli,PZ000615,Escherichia phage vB_EcoM_Ww_Az2,Escherichia coli,51960,tail fiber protein,659
ecoli,PZ026127,Escherichia phage EC-2-32-1,Escherichia coli,171349,short tail fiber protein,508
ecoli,PZ026127,Escherichia phage EC-2-32-1,Escherichia coli,171349,tail fiber protein,265
ecoli,PX907403,Escherichia phage Char3.1A,Escherichia coli,44856,tail fiber protein,532
ecoli,PX907402,Escherichia phage Char4.1C,Escherichia coli,44317,tail fiber protein,532
ecoli,PX907401,Escherichia phage Char1o2,Escherichia coli,44007,tail fiber protein,373
ecoli,PX853812,Escherichia phage SF-E4,Escherichia coli ATCC 35150,167895,short tail fiber protein,516
ecoli,PX853812,Escherichia phage SF-E4,Escherichia coli ATCC 35150,167895,tail fiber protein,78
ecoli,PX853812,Escherichia phage SF-E4,Escherichia coli ATCC 35150,167895,tail fiber protein,371
ecoli,PX853812,Escherichia phage SF-E4,Escherichia coli ATCC 35150,167895,long-tail fiber protein,1109
ecoli,PX853812,Escherichia phage SF-E4,Escherichia coli ATCC 35150,167895,tail fibers protein,259
ecoli,PX880103,Escherichia phage Shurale,Escherichia coli MG1655DeltaRM,165503,long tail fiber protein distal subunit,1180
ecoli,PX880103,Escherichia phage Shurale,Escherichia coli MG1655DeltaRM,165503,tail fiber protein,259
ecoli,PX880102,Escherichia phage Tulpar,Escherichia coli MG1655DeltaRM,166272,long tail fiber protein distal subunit,1109
ecoli,PX880102,Escherichia phage Tulpar,Escherichia coli MG1655DeltaRM,166272,tail fiber protein,258
ecoli,PX880101,Escherichia phage Baiterek,Escherichia coli MG1655DeltaRM,135305,tail fiber protein,222
ecoli,PX880101,Escherichia phage Baiterek,Escherichia coli MG1655DeltaRM,135305,tail fiber protein,1270
ecoli,PX880101,Escherichia phage Baiterek,Escherichia coli MG1655DeltaRM,135305,central tail fiber J,1279
ecoli,PX880101,Escherichia phage Baiterek,Escherichia coli MG1655DeltaRM,135305,tail fiber protein,346
ecoli,PX880101,Escherichia phage Baiterek,Escherichia coli MG1655DeltaRM,135305,tail fiber protein,347
ecoli,PX880101,Escherichia phage Baiterek,Escherichia coli MG1655DeltaRM,135305,tail fiber protein,581
ecoli,PX880100,Escherichia phage Samruk,Escherichia coli MG1655DeltaRM,108532,central tail fiber J,949
ecoli,PX880100,Escherichia phage Samruk,Escherichia coli MG1655DeltaRM,108532,collar tail protein for L-shaped tail fiber attachment,140
ecoli,PX880100,Escherichia phage Samruk,Escherichia coli MG1655DeltaRM,108532,tail fiber protein,1116
ecoli,PX880100,Escherichia phage Samruk,Escherichia coli MG1655DeltaRM,108532,tail fiber protein,695
ecoli,PX880100,Escherichia phage Samruk,Escherichia coli MG1655DeltaRM,108532,receptor binding tail protein,585
ecoli,PX880099,Escherichia phage Aidakhar,Escherichia coli EV76,152157,tail fiber protein,233
ecoli,PX880099,Escherichia phage Aidakhar,Escherichia coli EV76,152157,tail fiber protein,157
ecoli,PX880099,Escherichia phage Aidakhar,Escherichia coli EV76,152157,tail fiber protein,353
ecoli,PX880099,Escherichia phage Aidakhar,Escherichia coli EV76,152157,tail fiber protein,674
ecoli,PX880098,Escherichia phage Taldykol,Escherichia coli MG1655DeltaRM,44688,tail spike protein,643
ecoli,PX974237,Escherichia phage vB_EcoS_GZMU_EI9,Escherichia coli,44742,tail fiber protein,661
ecoli,PX651718,Escherichia phage vB_EcoM_D15,Escherichia coli,52949,tail fiber protein,214
ecoli,PX651718,Escherichia phage vB_EcoM_D15,Escherichia coli,52949,tail fiber protein,399
ecoli,NC_105433,Escherichia phage vB_EcoD_Poky,raw sewage,51374,putative tail fiber protein,1192
ecoli,NC_105433,Escherichia phage vB_EcoD_Poky,raw sewage,51374,putative tail fiber,767
ecoli,NC_105619,Escherichia phage vB_EcoS_SA32RD,dairy cattle,48980,tail fiber protein,1149
ecoli,NC_105618,Escherichia phage vB_EcoS_SA30RD,dairy cattle,50465,tail fiber protein,222
ecoli,NC_105618,Escherichia phage vB_EcoS_SA30RD,dairy cattle,50465,tail fiber protein,1150
ecoli,NC_105618,Escherichia phage vB_EcoS_SA30RD,dairy cattle,50465,tail fiber protein,708
ecoli,NC_105617,Escherichia phage vB_EcoS_SA12KD,dairy cattle,50709,tail fiber protein,1150
ecoli,NC_109358,Escherichia phage LHE71,Escherichia coli K-12,50158,tail fiber,594
ecoli,NC_109358,Escherichia phage LHE71,Escherichia coli K-12,50158,tail spike protein,101
ecoli,NC_109358,Escherichia phage LHE71,Escherichia coli K-12,50158,tail fiber,222
ecoli,NC_105106,Escherichia phage LeonhardEuler,Escherichia coli K-12,50192,lateral tail fiber protein,660
ecoli,NC_129764,Escherichia phage vB_EcoS_Chapo,,51099,tail fibers protein,222
ecoli,NC_129764,Escherichia phage vB_EcoS_Chapo,,51099,tail fibers protein,117
ecoli,NC_129764,Escherichia phage vB_EcoS_Chapo,,51099,tail fiber protein,1150
ecoli,NC_129764,Escherichia phage vB_EcoS_Chapo,,51099,tail fibers protein,708
ecoli,NC_105105,Escherichia phage BrunoManser,Escherichia coli K-12,49298,lateral tail fiber protein,594
ecoli,NC_101840,Escherichia phage orkinos,Escherichia coli K-12 MG1655,49798,tail fiber protein,1192
ecoli,NC_105436,Escherichia phage JLBYU26,,51253,putative tail fiber protein,1192
ecoli,NC_105436,Escherichia phage JLBYU26,,51253,putative tail fiber protein,872
ecoli,NC_105507,Escherichia phage JLBYU16,,49995,putative tail fiber protein,1204
ecoli,NC_105507,Escherichia phage JLBYU16,,49995,tail fiber domain-containing protein,231
ecoli,NC_105507,Escherichia phage JLBYU16,,49995,putative prophage tail fiber N-terminal domain-containing protein,651
ecoli,NC_101820,Escherichia phage ityhuna,Escherichia coli K-12 MG1655,50768,putative tail fiber protein,1192
ecoli,NC_101820,Escherichia phage ityhuna,Escherichia coli K-12 MG1655,50768,tail fiber protein,664
ecoli,NC_103567,Escherichia phage U136B,Escherichia coli,49223,putative tail fiber protein,1258
ecoli,NC_103567,Escherichia phage U136B,Escherichia coli,49223,putative tail fiber protein,790
ecoli,NC_102605,Escherichia phage vB_EcoS_011D2,Escherichia coli,50633,tail fiber protein,709
ecoli,NC_102605,Escherichia phage vB_EcoS_011D2,Escherichia coli,50633,tail fiber protein,1258
ecoli,NC_130088,Escherichia phage vB_EcoD_Mishu,sewage,49713,putative tail fiber protein,1258
ecoli,NC_130088,Escherichia phage vB_EcoD_Mishu,sewage,49713,putative tail fiber protein,789
ecoli,NC_105102,Escherichia phage DanielBernoulli,Escherichia coli K-12,50731,lateral tail fiber protein,639
ecoli,PX930192,Escherichia phage Doce,Escherichia coli K-12,89002,tail fiber protein,382
ecoli,PX930192,Escherichia phage Doce,Escherichia coli K-12,89002,tail fiber protein,779
ecoli,PX915678,Escherichia phage vB_EcoM_PhiSG_Ec1,Escherichia coli MCC2246,165848,long-tail fiber protein,371
ecoli,PX915678,Escherichia phage vB_EcoM_PhiSG_Ec1,Escherichia coli MCC2246,165848,long-tail fiber protein,218
ecoli,PX915678,Escherichia phage vB_EcoM_PhiSG_Ec1,Escherichia coli MCC2246,165848,short tail fiber protein,516
ecoli,PX922076,Escherichia phage ThamKa,urban stagnant water,135886,tail fiber protein,581
ecoli,PX922076,Escherichia phage ThamKa,urban stagnant water,135886,tail fiber protein,347
ecoli,PX922076,Escherichia phage ThamKa,urban stagnant water,135886,tail fiber protein,346
ecoli,PX922076,Escherichia phage ThamKa,urban stagnant water,135886,central tail fiber J,1279
ecoli,PX922076,Escherichia phage ThamKa,urban stagnant water,135886,tail fiber protein,1270
ecoli,PX922076,Escherichia phage ThamKa,urban stagnant water,135886,tail fiber protein,222
ecoli,PQ821741,Escherichia phage S11,Escherichia coli,40867,tail fiber protein,171
ecoli,PX871047,Escherichia phage vB_EcoS-Vi12,lake water,42242,tail fiber protein,826
ecoli,PX871047,Escherichia phage vB_EcoS-Vi12,lake water,42242,tailspike protein,604
ecoli,PX842581,Escherichia phage SF-E5,Escherichia coli ATCC 35150,167255,short tail fiber protein,516
ecoli,PX842581,Escherichia phage SF-E5,Escherichia coli ATCC 35150,167255,long-tail fiber protein,1109
ecoli,PX842581,Escherichia phage SF-E5,Escherichia coli ATCC 35150,167255,tail fiber protein,259
ecoli,PX848766,Escherichia phage PEC-36,Escherichia coli EC539,56547,tail fiber protein,446
ecoli,PX848766,Escherichia phage PEC-36,Escherichia coli EC539,56547,tail fiber protein,298
ecoli,PX848766,Escherichia phage PEC-36,Escherichia coli EC539,56547,tail fiber protein,207
ecoli,PX787811,Escherichia phage vB_EcoM_G9X,Escherichia coli,170172,short tail fiber protein,508
ecoli,PX787811,Escherichia phage vB_EcoM_G9X,Escherichia coli,170172,long tail fiber,1349
ecoli,PX787811,Escherichia phage vB_EcoM_G9X,Escherichia coli,170172,long tail fiber distal subunit,1104
ecoli,PX759568,Escherichia phage Rep13-52,Escherichia coli,166662,tail fiber protein,265
ecoli,PX759568,Escherichia phage Rep13-52,Escherichia coli,166662,long tail fiber protein distal subunit,1024
ecoli,PX759567,Escherichia phage Huge,Escherichia coli,39152,tail fiber protein,558
ecoli,PQ226819,Escherichia phage vB_EcoP_AMO3819-2,Escherichia sp.,44488,non-contractile tail fiber protein,320
ecoli,PQ037200,Escherichia phage vB_EcoS_AMO3640,Escherichia sp.,44332,tail fiber protein,553
ecoli,PX418213,Escherichia phage S3.1.1,Escherichia coli,119413,L-shaped tail fiber protein,140
ecoli,PX418213,Escherichia phage S3.1.1,Escherichia coli,119413,receptor-binding protein,595
ecoli,PX741047,Escherichia phage PG3,bovine feces,167177,putative short tail fiber protein,516
ecoli,PX741047,Escherichia phage PG3,bovine feces,167177,putative long-tail fiber protein,371
ecoli,PX741047,Escherichia phage PG3,bovine feces,167177,putative long-tail fiber protein,218
ecoli,PX741047,Escherichia phage PG3,bovine feces,167177,putative tail fiber adhesin protein,258
ecoli,PX741046,Escherichia phage L73,dairy farm effluent,166839,putative short tail fiber protein,527
ecoli,PX741046,Escherichia phage L73,dairy farm effluent,166839,putative long-tail fiber protein,371
ecoli,PX741046,Escherichia phage L73,dairy farm effluent,166839,putative long-tail fiber protein,219
ecoli,PX741046,Escherichia phage L73,dairy farm effluent,166839,putative long-tail fiber protein,1075
ecoli,PX741045,Escherichia phage A4.3,pooled sample of bovine feces and dairy farm effluents,139846,putative tail fiber protein,347
ecoli,PX741045,Escherichia phage A4.3,pooled sample of bovine feces and dairy farm effluents,139846,putative tail fiber protein,346
ecoli,PX741045,Escherichia phage A4.3,pooled sample of bovine feces and dairy farm effluents,139846,putative tail spike protein TSP1,1270
ecoli,PX741045,Escherichia phage A4.3,pooled sample of bovine feces and dairy farm effluents,139846,putative tail spike protein,222
ecoli,PX741096,Escherichia phage BpE1AUH,Escherichia coli K-12,134410,putative tail fiber protein,222
ecoli,PX741096,Escherichia phage BpE1AUH,Escherichia coli K-12,134410,putative tail fiber protein,1266
ecoli,PX741096,Escherichia phage BpE1AUH,Escherichia coli K-12,134410,putative tail fiber protein,198
ecoli,PX741096,Escherichia phage BpE1AUH,Escherichia coli K-12,134410,putative tail fiber protein,1081
ecoli,PX741096,Escherichia phage BpE1AUH,Escherichia coli K-12,134410,putative tail fiber protein,346
ecoli,PX741096,Escherichia phage BpE1AUH,Escherichia coli K-12,134410,tail fiber protein,104
ecoli,PX741096,Escherichia phage BpE1AUH,Escherichia coli K-12,134410,putative tail fiber protein,347
ecoli,PX741096,Escherichia phage BpE1AUH,Escherichia coli K-12,134410,putative tail fiber protein,581
ecoli,NC_105113,Escherichia phage GreteKellenberger,Escherichia coli K-12,114196,lateral tail fiber protein,1034
ecoli,NC_105113,Escherichia phage GreteKellenberger,Escherichia coli K-12,114196,tail fiber protein,581
ecoli,NC_105113,Escherichia phage GreteKellenberger,Escherichia coli K-12,114196,receptor-binding tail tip protein,593
ecoli,PX705375,Escherichia phage CF03,Escherichia coli ATCC 25922,77673,tail fiber protein,65
ecoli,PX682545,Escherichia phage phiEco73,Escherichia coli G0073,39919,tail spike protein,472
ecoli,PX682545,Escherichia phage phiEco73,Escherichia coli G0073,39919,tail fiber protein,188
ecoli,PX682545,Escherichia phage phiEco73,Escherichia coli G0073,39919,tail spike protein,334
ecoli,PX667728,Escherichia phage NL42,Escherichia coli (DH5alpha),88358,tail fibers protein,783
ecoli,PX620742,Escherichia phage vB_ECC-2,Escherichia coli,38762,tail fiber protein,559
ecoli,PX620741,Escherichia phage vB_BS-2,Escherichia coli,38775,tail fiber protein,599
ecoli,PX405663,Escherichia phage Junood_PK1,Escherichia coli,45326,tail fiber domain-containing protein,771
ecoli,PX405662,Escherichia phage Junood_PK2,Escherichia coli,39213,tail fiber protein,558
ecoli,PV615262,Escherichia phage vB_Eco_01KA,Escherichia coli,39611,tail fiber protein,243
ecoli,PX645697,Escherichia phage vB_EcoP_ZCEC16,Escherichia coli,77362,tail fiber protein,926
ecoli,PX645697,Escherichia phage vB_EcoP_ZCEC16,Escherichia coli,77362,tail fiber protein,716
ecoli,PX645697,Escherichia phage vB_EcoP_ZCEC16,Escherichia coli,77362,tail fiber protein,1005
ecoli,PX645697,Escherichia phage vB_EcoP_ZCEC16,Escherichia coli,77362,tail fiber protein,342
ecoli,PX521588,Escherichia phage vB_EcoA_8D1,Escherichia coli,168000,tail fiber protein,1276
ecoli,PX521588,Escherichia phage vB_EcoA_8D1,Escherichia coli,168000,tail fiber protein,527
ecoli,PX521587,Escherichia phage vB_EcoA_3D2,Escherichia coli,151346,tail fiber protein,235
ecoli,PX521587,Escherichia phage vB_EcoA_3D2,Escherichia coli,151346,tail fiber protein,353
ecoli,PX521587,Escherichia phage vB_EcoA_3D2,Escherichia coli,151346,tail fiber protein,674
ecoli,PX521586,Escherichia phage vB_EcoA_1D1,Escherichia coli,150823,tail fiber protein,235
ecoli,PX521586,Escherichia phage vB_EcoA_1D1,Escherichia coli,150823,tail spike protein,744
ecoli,PX521586,Escherichia phage vB_EcoA_1D1,Escherichia coli,150823,tail fiber protein,353
ecoli,PX521586,Escherichia phage vB_EcoA_1D1,Escherichia coli,150823,tail fiber protein,674
ecoli,PX516694,Escherichia phage OLB156,Escherichia coli 11-1677A,168143,tail fiber protein,527
ecoli,PX516694,Escherichia phage OLB156,Escherichia coli 11-1677A,168143,tail fiber protein,220
ecoli,PX516694,Escherichia phage OLB156,Escherichia coli 11-1677A,168143,tail fiber protein,1078
ecoli,PX282428,Escherichia phage HME2,Escherichia coli ATCC 43890,158278,tail fiber protein,269
ecoli,PX282428,Escherichia phage HME2,Escherichia coli ATCC 43890,158278,putative tail fiber,396
ecoli,PX282428,Escherichia phage HME2,Escherichia coli ATCC 43890,158278,tail spike TSP1,1036
ecoli,PX282428,Escherichia phage HME2,Escherichia coli ATCC 43890,158278,tail fiber protein,926
ecoli,PX282428,Escherichia phage HME2,Escherichia coli ATCC 43890,158278,tail spike TSP1,680
ecoli,OM418627,Escherichia phage Lambda h434 imm21,Escherichia coli,43452,side tail fiber protein,437
ecoli,OM418626,Escherichia phage Lambda imm434,Escherichia coli,47326,tail fiber protein,401
ecoli,OM418626,Escherichia phage Lambda imm434,Escherichia coli,47326,tail fiber protein,314
ecoli,OM418625,Escherichia phage Lambda imm21,Escherichia coli,46148,tail fiber protein,682
ecoli,OL657228,Escherichia phage 21,Escherichia coli,42931,central tail fiber,1160
ecoli,OL657228,Escherichia phage 21,Escherichia coli,42931,side tail fiber,686
ecoli,OL657227,Escherichia phage 434,Escherichia coli,47075,central tail fiber,1137
ecoli,OL657227,Escherichia phage 434,Escherichia coli,47075,side tail fiber,437
ecoli,OL657226,Escherichia phage 434,Escherichia coli,47993,central tail fiber,1137
ecoli,OL657226,Escherichia phage 434,Escherichia coli,47993,side tail fiber,437
ecoli,NC_100129,Escherichia phage Jahat_MG145,Escherichia coli,50984,tail fiber protein,651
ecoli,NC_100129,Escherichia phage Jahat_MG145,Escherichia coli,50984,tail fiber protein,1192
ecoli,NC_105104,Escherichia phage JohannLBurckhardt,Escherichia coli K-12,49715,lateral tail fiber protein,827
ecoli,NC_130051,Escherichia phage IsaakIselin,Escherichia coli K-12,49911,lateral tail fiber protein,666
ecoli,NC_105100,Escherichia phage KarlJaspers,Escherichia coli K-12,51474,lateral tail fiber protein,651
ecoli,NC_105513,Escherichia phage JLBYU41,,51277,putative tail fiber protein,1192
ecoli,NC_105513,Escherichia phage JLBYU41,,51277,putative tail fiber protein,798
ecoli,PX655591,Escherichia phage vB_EcoP_ZCEC17,Escherichia coli O114,38819,tail spike protein,766
ecoli,PX514237,Escherichia phage EPIMAM03,Escherichia coli ATCC 25922,45238,tail fiber protein,293
ecoli,NC_105101,Escherichia phage JakobBernoulli,Escherichia coli K-12,51129,lateral tail fiber protein,741
ecoli,NC_111505,Escherichia phage YP-6,Escherichia coli,139323,tail fiber protein,347
ecoli,NC_111505,Escherichia phage YP-6,Escherichia coli,139323,putative tail fiber protein,346
ecoli,NC_111505,Escherichia phage YP-6,Escherichia coli,139323,tail fiber domain-containing protein,1266
ecoli,NC_105137,Escherichia phage WalterGehring,Escherichia coli K-12,140659,lateral tail fiber protein,865
ecoli,NC_105137,Escherichia phage WalterGehring,Escherichia coli K-12,140659,lateral tail fiber protein,1266
ecoli,NC_105137,Escherichia phage WalterGehring,Escherichia coli K-12,140659,tail fiber protein,196
ecoli,NC_105137,Escherichia phage WalterGehring,Escherichia coli K-12,140659,lateral tail fiber protein with fibronectin type III domain,1279
ecoli,NC_105137,Escherichia phage WalterGehring,Escherichia coli K-12,140659,lateral tail fiber protein,690
ecoli,NC_105137,Escherichia phage WalterGehring,Escherichia coli K-12,140659,short tail fiber protein,346
ecoli,NC_105137,Escherichia phage WalterGehring,Escherichia coli K-12,140659,short tail fiber protein,347
ecoli,NC_105137,Escherichia phage WalterGehring,Escherichia coli K-12,140659,lateral tail fiber protein with glycosidase domain,581
ecoli,NC_105137,Escherichia phage WalterGehring,Escherichia coli K-12,140659,lateral tail fiber protein with intimin domain,1875
ecoli,NC_129898,Escherichia phage vB_EcoM_SYGMH1,Escherichia coli min27,137423,tail fiber protein,346
ecoli,NC_129898,Escherichia phage vB_EcoM_SYGMH1,Escherichia coli min27,137423,tail fiber protein,347
ecoli,NC_129898,Escherichia phage vB_EcoM_SYGMH1,Escherichia coli min27,137423,tail fiber protein,581
ecoli,NC_129898,Escherichia phage vB_EcoM_SYGMH1,Escherichia coli min27,137423,tail fibers protein,68
ecoli,NC_129898,Escherichia phage vB_EcoM_SYGMH1,Escherichia coli min27,137423,tail fiber protein,1479
ecoli,NC_104726,Escherichia phage vB_EcoM_SophiaRose,North Davis,139943,putative tail fiber protein,581
ecoli,NC_104726,Escherichia phage vB_EcoM_SophiaRose,North Davis,139943,putative tail fiber protein,347
ecoli,NC_104726,Escherichia phage vB_EcoM_SophiaRose,North Davis,139943,putative tail fiber protein,104
ecoli,NC_104726,Escherichia phage vB_EcoM_SophiaRose,North Davis,139943,putative tail fiber protein,346
ecoli,NC_104726,Escherichia phage vB_EcoM_SophiaRose,North Davis,139943,putative tail fiber protein,690
ecoli,NC_104726,Escherichia phage vB_EcoM_SophiaRose,North Davis,139943,putative tail fiber protein,141
ecoli,NC_094493,Escherichia phage PDX,Escherichia coli,138427,tail fiber protein,581
ecoli,NC_101842,Escherichia phage pangalan,Escherichia coli K-12 MG1655,136944,putative tail fiber protein,222
ecoli,NC_101842,Escherichia phage pangalan,Escherichia coli K-12 MG1655,136944,putative tail fiber protein,865
ecoli,NC_101842,Escherichia phage pangalan,Escherichia coli K-12 MG1655,136944,tail fiber protein,1479
ecoli,NC_101842,Escherichia phage pangalan,Escherichia coli K-12 MG1655,136944,putative tail fiber protein,141
ecoli,NC_101842,Escherichia phage pangalan,Escherichia coli K-12 MG1655,136944,putative tail fiber protein,690
ecoli,NC_101842,Escherichia phage pangalan,Escherichia coli K-12 MG1655,136944,putative tail fiber protein,346
ecoli,NC_101842,Escherichia phage pangalan,Escherichia coli K-12 MG1655,136944,tail fiber protein,104
ecoli,NC_101842,Escherichia phage pangalan,Escherichia coli K-12 MG1655,136944,tail fiber protein,344
ecoli,NC_101842,Escherichia phage pangalan,Escherichia coli K-12 MG1655,136944,putative tail fiber protein,581
ecoli,NC_101838,Escherichia phage nomine,Escherichia coli K-12 MG1655,137991,putative tail fiber protein,222
ecoli,NC_101838,Escherichia phage nomine,Escherichia coli K-12 MG1655,137991,putative tail fiber protein,865
ecoli,NC_101838,Escherichia phage nomine,Escherichia coli K-12 MG1655,137991,tail fiber protein,1479
ecoli,NC_101838,Escherichia phage nomine,Escherichia coli K-12 MG1655,137991,putative tail fiber protein,141
ecoli,NC_101838,Escherichia phage nomine,Escherichia coli K-12 MG1655,137991,putative tail fiber protein,690
ecoli,NC_101838,Escherichia phage nomine,Escherichia coli K-12 MG1655,137991,putative tail fiber protein,346
ecoli,NC_101838,Escherichia phage nomine,Escherichia coli K-12 MG1655,137991,tail fiber protein,104
ecoli,NC_101838,Escherichia phage nomine,Escherichia coli K-12 MG1655,137991,tail fiber protein,347
ecoli,NC_101838,Escherichia phage nomine,Escherichia coli K-12 MG1655,137991,putative tail fiber protein,581
ecoli,PX375238,Escherichia phage suisiam,Escherichia coli,165213,tail fiber protein,496
ecoli,PX375238,Escherichia phage suisiam,Escherichia coli,165213,long tail fiber protein distal subunit,919
ecoli,PX375238,Escherichia phage suisiam,Escherichia coli,165213,tail fiber protein,266
ecoli,PX375237,Escherichia phage pathom,Escherichia coli,39665,tail fiber protein,575
ecoli,PX375236,Escherichia phage silpakorn,Escherichia coli,39409,tail fiber protein,642
ecoli,PX375235,Escherichia phage biotsu,Escherichia coli,39704,tail fiber protein,783
ecoli,PX586628,Escherichia phage BorMax,Escherichia coli ATCC 25922,45502,side tail fiber protein Stf,675
ecoli,PX586628,Escherichia phage BorMax,Escherichia coli ATCC 25922,45502,tail fiber,293
ecoli,NC_101837,Escherichia phage nom,Escherichia coli K-12 MG1655,136114,putative tail fiber protein,581
ecoli,NC_101837,Escherichia phage nom,Escherichia coli K-12 MG1655,136114,tail fiber protein,347
ecoli,NC_101837,Escherichia phage nom,Escherichia coli K-12 MG1655,136114,tail fiber protein,104
ecoli,NC_101837,Escherichia phage nom,Escherichia coli K-12 MG1655,136114,putative tail fiber protein,346
ecoli,NC_101837,Escherichia phage nom,Escherichia coli K-12 MG1655,136114,putative tail fiber protein,690
ecoli,NC_101837,Escherichia phage nom,Escherichia coli K-12 MG1655,136114,putative tail fiber protein,141
ecoli,NC_101837,Escherichia phage nom,Escherichia coli K-12 MG1655,136114,putative tail fiber protein,1270
ecoli,NC_101837,Escherichia phage nom,Escherichia coli K-12 MG1655,136114,putative tail fiber protein,865
ecoli,NC_101837,Escherichia phage nom,Escherichia coli K-12 MG1655,136114,putative tail fiber protein,222
