accession,annotated_host,p_ecoli,p_klebsiella,margin,call,top_receptor_ecoli,top_receptor_klebsiella,in_heldout_test
NC_094493,Escherichia coli,0.3633,0.2836,0.0797,confirmed-host,BtuB:0.985,lamB:0.999,False
NC_100129,Escherichia coli,1.0,0.0,1.0,confirmed-host,YaeT_BamA:1.000,OmpA:0.002,False
NC_101820,Escherichia coli,1.0,0.0,1.0,confirmed-host,FepA:1.000,OmpA:0.000,False
NC_101837,Escherichia coli,1.0,0.0001,0.9999,confirmed-host,TolC:1.000,OmpA:0.011,False
NC_101838,Escherichia coli,0.9934,0.0035,0.9899,confirmed-host,FepA:1.000,lamB:0.120,False
NC_101840,Escherichia coli,1.0,0.0,1.0,confirmed-host,YaeT_BamA:1.000,OmpA:0.000,False
NC_101842,Escherichia coli,0.9974,0.0013,0.9961,confirmed-host,FepA:1.000,lamB:0.065,False
NC_102605,Escherichia coli,0.9999,0.0,0.9999,confirmed-host,FepA:1.000,OmpA:0.010,False
NC_103567,Escherichia coli,0.9996,0.0001,0.9996,confirmed-host,YaeT_BamA:1.000,OmpA:0.011,False
NC_103859,Klebsiella pneumoniae,0.0001,1.0,0.9999,confirmed-host,OmpA:0.966,lamB:1.000,True
NC_104395,Klebsiella pneumoniae,0.0002,0.9999,0.9998,confirmed-host,LamB:0.957,lamB:1.000,False
NC_104627,Klebsiella pneumoniae,0.0001,0.9999,0.9999,confirmed-host,LamB:0.964,lamB:1.000,False
NC_104628,Klebsiella pneumoniae,0.0001,0.9998,0.9997,confirmed-host,OmpA:0.955,lamB:1.000,False
NC_104629,Klebsiella pneumoniae,0.0202,0.9915,0.9712,confirmed-host,OmpA:0.925,lamB:0.999,True
NC_104630,Klebsiella pneumoniae,0.0001,1.0,0.9999,confirmed-host,LamB:0.951,lamB:1.000,False
NC_104631,Klebsiella pneumoniae,0.0001,0.9999,0.9999,confirmed-host,OmpA:0.938,lamB:1.000,True
NC_104632,Klebsiella pneumoniae,0.0,1.0,1.0,confirmed-host,LamB:0.985,lamB:1.000,False
NC_104633,Klebsiella pneumoniae,0.0,1.0,1.0,confirmed-host,LamB:0.959,ompK35:1.000,False
NC_104812,Klebsiella pneumoniae,0.0001,0.9999,0.9997,confirmed-host,LamB:0.991,lamB:1.000,False
NC_105100,Escherichia coli,0.9989,0.0032,0.9956,confirmed-host,YaeT_BamA:1.000,OmpA:0.145,False
NC_105101,Escherichia coli,1.0,0.0,0.9999,confirmed-host,YaeT_BamA:1.000,OmpA:0.001,False
NC_105102,Escherichia coli,1.0,0.0,1.0,confirmed-host,YaeT_BamA:1.000,OmpA:0.001,False
NC_105104,Escherichia coli,0.9986,0.0005,0.9981,confirmed-host,TolC:1.000,OmpA:0.018,False
NC_105105,Escherichia coli,0.9999,0.0001,0.9998,confirmed-host,TolC:1.000,OmpA:0.011,False
NC_105106,Escherichia coli,0.9915,0.0111,0.9805,confirmed-host,Tsx:1.000,OmpA:0.869,True
NC_105113,Escherichia coli,0.9992,0.0002,0.999,confirmed-host,FepA:1.000,OmpA:0.008,True
NC_105137,Escherichia coli,0.9967,0.0062,0.9905,confirmed-host,YaeT_BamA:1.000,lamB:0.554,False
NC_105154,Klebsiella pneumoniae,0.0,1.0,1.0,confirmed-host,LamB:0.996,lamB:1.000,False
NC_105155,Klebsiella pneumoniae,0.0,1.0,0.9999,confirmed-host,OmpA:0.996,OmpA:1.000,False
NC_105611,Klebsiella pneumoniae,0.0002,0.9997,0.9996,confirmed-host,OmpA:0.974,lamB:1.000,False
NC_105638,Klebsiella pneumoniae,0.0003,0.9999,0.9996,confirmed-host,LamB:0.957,lamB:1.000,False
NC_105640,Klebsiella pneumoniae,0.0011,0.9978,0.9968,confirmed-host,LamB:0.970,lamB:1.000,False
NC_105644,Klebsiella pneumoniae,0.0002,0.9999,0.9997,confirmed-host,LamB:0.961,lamB:1.000,False
NC_105721,Klebsiella pneumoniae,0.0001,1.0,0.9999,confirmed-host,LamB:0.987,lamB:1.000,False
NC_105792,Klebsiella pneumoniae,0.0,1.0,1.0,confirmed-host,LamB:0.996,lamB:1.000,True
NC_106494,Klebsiella pneumoniae,0.0029,0.9973,0.9944,confirmed-host,LamB:0.592,ompK35:1.000,False
NC_106517,Klebsiella pneumoniae,0.0002,0.9999,0.9997,confirmed-host,LamB:0.998,lamB:1.000,False
NC_106518,Klebsiella pneumoniae,0.0002,1.0,0.9998,confirmed-host,LamB:0.997,lamB:1.000,False
NC_107938,Klebsiella pneumoniae,0.0066,0.994,0.9874,confirmed-host,OmpA:0.947,OmpA:0.999,False
NC_107939,Klebsiella pneumoniae,0.0003,0.9999,0.9996,confirmed-host,OmpC:0.925,ompK35:1.000,False
NC_107940,Klebsiella pneumoniae,0.0001,0.9999,0.9999,confirmed-host,OmpA:0.992,lamB:1.000,False
NC_109358,Escherichia coli,0.9973,0.002,0.9953,confirmed-host,YaeT_BamA:1.000,OmpA:0.022,False
NC_109368,Klebsiella pneumoniae,0.0004,0.9992,0.9988,confirmed-host,FepA:1.000,lamB:1.000,False
NC_109729,Klebsiella pneumoniae,0.0009,0.9988,0.9979,confirmed-host,OmpA:0.973,OmpA:1.000,False
NC_110358,Klebsiella pneumoniae,0.0,1.0,1.0,confirmed-host,LamB:0.996,lamB:1.000,False
NC_110359,Klebsiella pneumoniae,0.0004,0.9995,0.999,confirmed-host,OmpA:0.955,lamB:1.000,False
NC_111505,Escherichia coli,0.9999,0.0002,0.9997,confirmed-host,FepA:1.000,OmpA:0.024,False
NC_129888,Klebsiella pneumoniae,0.0002,0.9999,0.9997,confirmed-host,LamB:0.961,lamB:1.000,False
NC_129898,Escherichia coli,0.9969,0.0043,0.9926,confirmed-host,BtuB:1.000,OmpA:0.747,False
NC_129956,Klebsiella pneumoniae,0.0003,0.9991,0.9988,confirmed-host,LamB:0.959,ompK36:0.999,False
NC_129957,Klebsiella pneumoniae,0.0001,1.0,0.9999,confirmed-host,LamB:0.996,lamB:1.000,True
NC_130051,Escherichia coli,0.9992,0.0004,0.9988,confirmed-host,FepA:1.000,OmpA:0.098,False
NC_130273,Klebsiella pneumoniae,0.0004,0.9997,0.9993,confirmed-host,LamB:0.961,lamB:1.000,False
NC_130765,Klebsiella pneumoniae,0.0003,0.9999,0.9996,confirmed-host,LamB:0.998,lamB:1.000,True
OL657226,Escherichia coli,0.9983,0.0002,0.9981,confirmed-host,TolC:1.000,lamB:0.304,False
OL657227,Escherichia coli,0.9984,0.0002,0.9982,confirmed-host,TolC:1.000,lamB:0.264,False
OL657228,Escherichia coli,0.9993,0.0001,0.9992,confirmed-host,YaeT_BamA:1.000,OmpA:0.003,False
OM418625,Escherichia coli,0.9992,0.0011,0.9981,confirmed-host,BtuB:1.000,lamB:0.009,True
OM418626,Escherichia coli,0.9991,0.006,0.993,confirmed-host,BtuB:1.000,lamB:0.030,False
OM418627,Escherichia coli,0.9995,0.0,0.9995,confirmed-host,TolC:1.000,lamB:0.128,False
OM867526,Escherichia coli,0.9308,0.2069,0.7239,confirmed-host,FhuA:0.997,OmpA:0.626,True
OM867527,Escherichia coli,0.0295,0.9983,-0.9688,candidate-host-switch,LamB:0.962,ompK36:1.000,True
OP373729,Klebsiella pneumoniae,0.0008,0.9994,0.9986,confirmed-host,OmpC:0.995,ompK36:1.000,False
OQ817854,Escherichia coli,0.9999,0.0001,0.9998,confirmed-host,BtuB:1.000,OmpA:0.007,True
OQ863736,Klebsiella pneumoniae,0.0176,0.9993,0.9817,confirmed-host,LamB:0.967,lamB:1.000,True
OR090976,Klebsiella pneumoniae,0.0,1.0,1.0,confirmed-host,OmpA:0.989,ompK35:1.000,False
OR090977,Klebsiella pneumoniae,0.0001,1.0,0.9999,confirmed-host,LamB:0.952,lamB:1.000,True
OR090978,Klebsiella pneumoniae,0.0211,0.9865,0.9654,confirmed-host,LamB:0.977,lamB:0.997,False
OR090979,Klebsiella pneumoniae,0.0001,1.0,0.9999,confirmed-host,OmpA:0.993,ompK35:1.000,False
OR090980,Klebsiella pneumoniae,0.0,1.0,0.9999,confirmed-host,LamB:0.986,lamB:1.000,False
OR090981,Klebsiella pneumoniae,0.0001,1.0,0.9999,confirmed-host,OmpA:0.985,ompK35:1.000,False
OR090982,Klebsiella pneumoniae,0.0012,0.9986,0.9974,confirmed-host,OmpA:0.841,ompK35:0.999,False
OR090983,Klebsiella pneumoniae,0.0213,0.9873,0.9659,confirmed-host,LamB:0.978,lamB:0.997,False
OR090984,Klebsiella pneumoniae,0.0008,0.9994,0.9986,confirmed-host,OmpA:0.882,ompK35:1.000,False
OR090985,Klebsiella pneumoniae,0.0008,0.9994,0.9986,confirmed-host,OmpA:0.882,ompK35:1.000,True
OR090986,Klebsiella pneumoniae,0.0,1.0,1.0,confirmed-host,OmpA:0.997,ompK35:1.000,False
OR090987,Klebsiella pneumoniae,0.0006,0.9997,0.9992,confirmed-host,OmpA:0.984,ompK35:1.000,False
OR090988,Klebsiella pneumoniae,0.0001,0.9999,0.9997,confirmed-host,LamB:0.977,ompK35:1.000,False
OR090989,Klebsiella pneumoniae,0.0004,0.9996,0.9992,confirmed-host,OmpA:0.975,OmpA:1.000,False
OR090990,Klebsiella pneumoniae,0.0001,1.0,0.9999,confirmed-host,OmpA:0.982,ompK35:1.000,False
OR090991,Klebsiella pneumoniae,0.0313,0.9729,0.9417,confirmed-host,LamB:0.993,lamB:1.000,False
OR090992,Klebsiella pneumoniae,0.9998,0.0001,-0.9998,candidate-host-switch,BtuB:1.000,OmpA:0.078,False
OR090993,Klebsiella pneumoniae,0.0004,0.9996,0.9992,confirmed-host,OmpA:0.947,OmpA:1.000,False
OR090995,Klebsiella pneumoniae,0.0,1.0,1.0,confirmed-host,OmpA:0.989,ompK35:1.000,False
OR896820,Escherichia coli,0.9997,0.0001,0.9997,confirmed-host,YaeT_BamA:1.000,lamB:0.003,False
OR896823,Escherichia coli,1.0,0.0,1.0,confirmed-host,TolC:1.000,OmpA:0.001,False
PP739164,Klebsiella pneumoniae,0.0006,0.9996,0.9989,confirmed-host,FepA:1.000,OmpA:1.000,False
PQ249162,Klebsiella pneumoniae,0.0002,0.9999,0.9997,confirmed-host,OmpA:0.955,lamB:1.000,False
PQ249163,Klebsiella pneumoniae,0.0039,0.9969,0.993,confirmed-host,OmpA:0.925,OmpA:0.999,False
PQ305823,Klebsiella pneumoniae,0.0001,1.0,0.9999,confirmed-host,OmpA:0.984,ompK35:1.000,False
PQ306522,Klebsiella pneumoniae,0.0005,0.9997,0.9991,confirmed-host,OmpA:0.921,OmpA:1.000,False
PQ306523,Klebsiella pneumoniae,0.0033,0.9947,0.9913,confirmed-host,OmpA:0.972,ompK36:1.000,False
PQ400077,Klebsiella pneumoniae,0.0025,0.9954,0.993,confirmed-host,OmpC:0.933,OmpA:1.000,False
PQ400078,Klebsiella pneumoniae,0.2974,0.2271,-0.0703,confirmed-host,FepA:0.996,lamB:0.929,False
PQ400079,Klebsiella pneumoniae,0.0,0.9999,0.9999,confirmed-host,OmpA:0.997,lamB:1.000,True
PQ434564,Klebsiella pneumoniae,0.0,1.0,1.0,confirmed-host,LamB:0.985,lamB:1.000,False
PQ478073,Escherichia coli,0.3538,0.9386,-0.5848,candidate-host-switch,YaeT_BamA:0.999,lamB:0.999,False
PQ529758,Klebsiella pneumoniae,0.0009,0.9991,0.9982,confirmed-host,OmpC:0.974,lamB:1.000,False
PQ621121,Klebsiella pneumoniae,0.4749,0.1624,-0.3125,candidate-host-switch,BtuB:0.940,ompK35:0.854,True
PQ621122,Klebsiella pneumoniae,0.0001,1.0,0.9999,confirmed-host,OmpC:0.985,ompK35:1.000,True
PQ621123,Klebsiella pneumoniae,0.0006,0.9995,0.9989,confirmed-host,OmpC:0.979,lamB:1.000,False
PQ621124,Klebsiella pneumoniae,0.0007,0.9994,0.9987,confirmed-host,OmpC:0.891,ompK35:1.000,False
PQ621130,Klebsiella pneumoniae,0.0001,1.0,0.9999,confirmed-host,LamB:0.987,ompK35:1.000,False
PQ621131,Klebsiella pneumoniae,0.0021,0.9984,0.9963,confirmed-host,LamB:0.934,lamB:0.999,False
PQ621132,Klebsiella pneumoniae,0.0013,0.9986,0.9973,confirmed-host,OmpA:0.764,ompK35:1.000,False
PQ621133,Klebsiella pneumoniae,0.0003,0.9991,0.9988,confirmed-host,OmpC:0.894,OmpA:0.999,False
PQ628034,Klebsiella pneumoniae,0.0001,1.0,0.9999,confirmed-host,LamB:0.995,lamB:1.000,False
PQ724392,Escherichia coli,0.9996,0.0003,0.9993,confirmed-host,BtuB:1.000,OmpA:0.007,False
PQ724393,Escherichia coli,0.9949,0.0016,0.9933,confirmed-host,BtuB:1.000,OmpA:0.056,False
PQ724394,Escherichia coli,0.6091,0.4703,0.1388,confirmed-host,FepA:0.999,ompK35:0.870,True
PQ821741,Escherichia coli,0.0082,0.9881,-0.9799,candidate-host-switch,TolC:0.976,ompK36:1.000,True
PQ824572,Klebsiella pneumoniae,0.0,0.9999,0.9999,confirmed-host,LamB:0.963,lamB:1.000,False
PV081216,Klebsiella pneumoniae,0.0809,0.726,0.6451,confirmed-host,LamB:0.926,lamB:0.999,False
PV081217,Klebsiella pneumoniae,0.0001,0.9992,0.9991,confirmed-host,LamB:0.930,OmpA:1.000,False
PV239574,Klebsiella pneumoniae,0.0,1.0,1.0,confirmed-host,OmpC:0.966,ompK35:1.000,False
PV240279,Klebsiella pneumoniae,0.0,1.0,0.9999,confirmed-host,OmpA:0.949,ompK35:1.000,False
PV240281,Klebsiella pneumoniae,0.0,1.0,1.0,confirmed-host,OmpA:0.957,lamB:1.000,False
PV240282,Klebsiella pneumoniae,0.0001,1.0,0.9999,confirmed-host,OmpC:0.968,ompK35:1.000,False
PV287707,Klebsiella pneumoniae,0.0007,0.998,0.9974,confirmed-host,YaeT_BamA:1.000,OmpA:0.999,False
PV357169,Escherichia coli,0.9917,0.0054,0.9862,confirmed-host,FhuA:0.998,OmpA:0.101,False
PV357170,Escherichia coli,0.9937,0.0047,0.989,confirmed-host,FhuA:1.000,ompK36:0.038,False
PV357171,Escherichia coli,0.9999,0.0001,0.9998,confirmed-host,YaeT_BamA:1.000,OmpA:0.002,False
PV357172,Escherichia coli,0.9989,0.0009,0.998,confirmed-host,YaeT_BamA:1.000,OmpA:0.011,False
PV357744,Klebsiella pneumoniae,0.0035,0.9945,0.991,confirmed-host,LamB:0.774,ompK35:0.999,False
PV357745,Klebsiella pneumoniae,0.0,1.0,1.0,confirmed-host,OmpC:0.997,ompK35:1.000,False
PV357746,Klebsiella pneumoniae,0.0376,0.961,0.9234,confirmed-host,OmpA:0.967,OmpA:0.994,True
PV357747,Klebsiella pneumoniae,0.0,1.0,1.0,confirmed-host,OmpC:0.964,ompK35:1.000,False
PV357749,Klebsiella pneumoniae,0.0,1.0,1.0,confirmed-host,OmpA:0.989,ompK35:1.000,True
PV402687,Klebsiella pneumoniae,0.0014,0.9937,0.9923,confirmed-host,OmpA:0.953,lamB:1.000,True
PV419677,Escherichia coli,0.9956,0.0048,0.9908,confirmed-host,BtuB:1.000,OmpA:0.040,False
PV467748,Escherichia coli,0.3575,0.6497,-0.2922,candidate-host-switch,FepA:0.999,ompK35:0.927,False
PV615262,Escherichia coli,1.0,0.0003,0.9997,confirmed-host,YaeT_BamA:1.000,lamB:0.976,False
PV702341,Klebsiella pneumoniae,0.0005,0.9997,0.9992,confirmed-host,OmpA:0.918,lamB:1.000,False
PV702342,Klebsiella pneumoniae,0.0123,0.9842,0.9719,confirmed-host,LamB:0.825,lamB:0.998,False
PV759140,Klebsiella pneumoniae,0.0,1.0,1.0,confirmed-host,LamB:0.995,lamB:1.000,False
PV833077,Klebsiella pneumoniae,0.0003,0.9998,0.9994,confirmed-host,OmpA:0.912,ompK35:1.000,False
PV833090,Klebsiella pneumoniae,0.0001,1.0,0.9999,confirmed-host,LamB:0.998,lamB:1.000,False
PV833092,Klebsiella pneumoniae,0.0012,0.9971,0.9959,confirmed-host,YaeT_BamA:0.966,ompK35:0.999,False
PV833093,Klebsiella pneumoniae,0.9819,0.0053,-0.9766,candidate-host-switch,BtuB:1.000,OmpA:0.218,True
PV871781,Escherichia coli,0.9998,0.0001,0.9997,confirmed-host,YaeT_BamA:1.000,OmpA:0.010,False
PV871783,Escherichia coli,0.9999,0.0,0.9999,confirmed-host,BtuB:1.000,OmpA:0.003,True
PV871784,Klebsiella pneumoniae,0.0,1.0,1.0,confirmed-host,LamB:0.989,lamB:1.000,False
PV872879,Klebsiella pneumoniae,0.0002,1.0,0.9998,confirmed-host,OmpC:0.994,ompK35:1.000,True
PV904160,Klebsiella pneumoniae,0.1515,0.9012,0.7498,confirmed-host,TolC:0.993,ompK35:1.000,False
PV933828,Klebsiella pneumoniae,0.0009,0.9984,0.9975,confirmed-host,YaeT_BamA:1.000,lamB:0.999,False
PV933830,Klebsiella pneumoniae,0.0,1.0,0.9999,confirmed-host,LamB:0.987,ompK35:1.000,False
PV946933,Escherichia coli,0.9983,0.0001,0.9982,confirmed-host,FepA:1.000,lamB:0.029,True
PV948520,Klebsiella pneumoniae,0.0,1.0,1.0,confirmed-host,OmpA:0.985,ompK35:1.000,False
PV963843,Klebsiella pneumoniae,0.0003,0.9993,0.9991,confirmed-host,OmpA:0.869,lamB:1.000,True
PV963844,Klebsiella pneumoniae,0.0,1.0,1.0,confirmed-host,OmpC:0.951,ompK35:1.000,False
PV976138,Klebsiella pneumoniae,0.0019,0.9936,0.9917,confirmed-host,LamB:0.676,lamB:1.000,False
PV987926,Klebsiella pneumoniae,0.0013,0.9991,0.9978,confirmed-host,OmpA:0.955,OmpA:0.999,False
PX021331,Escherichia coli,0.9999,0.0,0.9999,confirmed-host,YaeT_BamA:1.000,OmpA:0.001,False
PX024856,Escherichia coli,0.9999,0.0001,0.9999,confirmed-host,FepA:1.000,OmpA:0.001,True
PX050470,Escherichia coli,0.9979,0.0019,0.996,confirmed-host,FepA:1.000,lamB:0.030,False
PX060898,Klebsiella pneumoniae,0.0016,0.9985,0.9969,confirmed-host,OmpA:0.933,OmpA:1.000,False
PX060899,Klebsiella pneumoniae,0.0002,0.9999,0.9997,confirmed-host,OmpA:0.910,lamB:1.000,False
PX060900,Klebsiella pneumoniae,0.0,1.0,1.0,confirmed-host,OmpC:0.988,ompK35:1.000,False
PX060901,Klebsiella pneumoniae,0.0,1.0,1.0,confirmed-host,OmpC:0.985,ompK35:1.000,False
PX060902,Klebsiella pneumoniae,0.0001,0.9998,0.9997,confirmed-host,OmpA:0.989,OmpA:1.000,True
PX060903,Klebsiella pneumoniae,0.0,1.0,1.0,confirmed-host,OmpA:0.907,ompK35:1.000,False
PX068454,Escherichia coli,0.9959,0.0121,0.9838,confirmed-host,FepA:1.000,OmpA:0.187,False
PX068455,Escherichia coli,0.9971,0.004,0.9931,confirmed-host,FepA:1.000,OmpA:0.091,False
PX068456,Escherichia coli,0.9834,0.0054,0.9779,confirmed-host,YaeT_BamA:1.000,OmpA:0.715,False
PX093639,Klebsiella pneumoniae,0.0015,0.9964,0.9949,confirmed-host,OmpC:0.999,ompK36:1.000,False
PX116399,Escherichia coli,0.9937,0.005,0.9887,confirmed-host,FepA:1.000,ompK36:0.073,False
PX120903,Klebsiella pneumoniae,0.0016,0.998,0.9964,confirmed-host,OmpA:0.786,ompK35:0.998,False
PX123545,Escherichia coli,0.9997,0.0001,0.9996,confirmed-host,FepA:1.000,OmpA:0.006,False
PX130993,Klebsiella pneumoniae,0.0,1.0,1.0,confirmed-host,OmpA:1.000,ompK35:1.000,True
PX130994,Klebsiella pneumoniae,0.0001,1.0,0.9999,confirmed-host,OmpA:0.965,OmpA:1.000,False
PX130995,Klebsiella pneumoniae,0.0,1.0,1.0,confirmed-host,OmpA:0.995,OmpA:1.000,False
PX130996,Klebsiella pneumoniae,0.0,1.0,1.0,confirmed-host,OmpA:1.000,ompK35:1.000,False
PX130997,Klebsiella pneumoniae,0.0,1.0,1.0,confirmed-host,OmpA:1.000,ompK35:1.000,False
PX130998,Klebsiella pneumoniae,0.0016,0.9981,0.9965,confirmed-host,OmpA:0.926,ompK35:0.999,False
PX131000,Klebsiella pneumoniae,0.0,1.0,1.0,confirmed-host,OmpA:0.995,OmpA:1.000,False
PX131001,Klebsiella pneumoniae,0.0037,0.9958,0.9921,confirmed-host,OmpA:0.918,ompK35:0.998,False
PX131002,Klebsiella pneumoniae,0.0009,0.9998,0.9989,confirmed-host,OmpA:0.972,OmpA:1.000,False
PX131003,Klebsiella pneumoniae,0.0009,0.9998,0.9989,confirmed-host,OmpA:0.972,OmpA:1.000,False
PX131004,Klebsiella pneumoniae,0.0007,0.9981,0.9974,confirmed-host,YaeT_BamA:1.000,lamB:0.999,False
PX131005,Klebsiella pneumoniae,0.0,0.9999,0.9999,confirmed-host,OmpC:0.950,ompK35:1.000,True
PX132334,Escherichia coli,0.9928,0.0062,0.9866,confirmed-host,YaeT_BamA:1.000,OmpA:0.374,False
PX132564,Escherichia coli,0.9996,0.0001,0.9995,confirmed-host,YaeT_BamA:1.000,OmpA:0.009,False
PX170208,Klebsiella pneumoniae,0.0001,1.0,0.9999,confirmed-host,OmpC:0.986,lamB:1.000,False
PX206436,Klebsiella pneumoniae,0.0,1.0,1.0,confirmed-host,OmpC:0.975,ompK35:1.000,False
PX241558,Klebsiella pneumoniae,0.0001,1.0,0.9999,confirmed-host,OmpA:0.972,lamB:1.000,False
PX246280,Klebsiella pneumoniae,0.001,0.9993,0.9983,confirmed-host,OmpC:0.924,lamB:1.000,False
PX246281,Klebsiella pneumoniae,0.0011,0.9994,0.9983,confirmed-host,OmpC:0.951,OmpA:1.000,True
PX260882,Escherichia coli,0.9968,0.0034,0.9933,confirmed-host,Tsx:1.000,ompK36:0.202,False
PX282428,Escherichia coli,0.986,0.008,0.978,confirmed-host,YaeT_BamA:0.998,ompK36:0.283,False
PX283063,Klebsiella pneumoniae,0.0017,0.9961,0.9944,confirmed-host,LamB:0.992,lamB:1.000,False
PX315802,Klebsiella pneumoniae,0.0313,0.8658,0.8346,confirmed-host,OmpF:0.850,lamB:0.989,False
PX315803,Klebsiella pneumoniae,0.0,1.0,1.0,confirmed-host,LamB:0.976,lamB:1.000,False
PX315804,Klebsiella pneumoniae,0.0003,0.9997,0.9995,confirmed-host,OmpA:0.994,OmpA:1.000,True
PX375235,Escherichia coli,0.9999,0.0003,0.9996,confirmed-host,YaeT_BamA:1.000,ompK36:0.033,False
PX375236,Escherichia coli,1.0,0.0,1.0,confirmed-host,YaeT_BamA:1.000,OmpA:0.009,False
PX375237,Escherichia coli,0.9998,0.0,0.9998,confirmed-host,YaeT_BamA:1.000,OmpA:0.096,False
PX375238,Escherichia coli,0.9995,0.0,0.9995,confirmed-host,FepA:1.000,lamB:0.002,False
PX393108,Escherichia coli,1.0,0.0,1.0,confirmed-host,YaeT_BamA:1.000,OmpA:0.001,False
PX393109,Escherichia coli,0.9982,0.0014,0.9968,confirmed-host,FhuA:1.000,ompK36:0.423,False
PX393110,Escherichia coli,0.9995,0.0009,0.9986,confirmed-host,YaeT_BamA:1.000,ompK36:0.028,False
PX402466,Escherichia coli,0.9997,0.0002,0.9994,confirmed-host,FhuA:1.000,OmpA:0.009,False
PX402468,Escherichia coli,0.9998,0.0001,0.9997,confirmed-host,FhuA:1.000,OmpA:0.004,False
PX404940,Klebsiella pneumoniae,0.0018,0.9975,0.9957,confirmed-host,OmpC:0.957,lamB:1.000,False
PX405662,Escherichia coli,0.9993,0.0009,0.9984,confirmed-host,Tsx:1.000,OmpA:0.016,False
PX405663,Escherichia coli,0.9978,0.0,0.9978,confirmed-host,BtuB:1.000,OmpA:0.033,True
PX411090,Klebsiella pneumoniae,0.0001,0.9998,0.9997,confirmed-host,OmpC:0.917,ompK35:1.000,True
PX411091,Klebsiella pneumoniae,0.0001,0.9999,0.9998,confirmed-host,LamB:0.944,lamB:1.000,False
PX413393,Klebsiella pneumoniae,0.0002,0.9999,0.9996,confirmed-host,OmpA:0.947,lamB:1.000,False
PX418213,Escherichia coli,0.997,0.002,0.995,confirmed-host,FepA:1.000,lamB:0.124,False
PX418922,Escherichia coli,0.503,0.4827,0.0204,confirmed-host,YaeT_BamA:1.000,ompK35:0.998,True
PX446291,Klebsiella pneumoniae,0.0045,0.9959,0.9914,confirmed-host,BtuB:0.961,lamB:1.000,False
PX502229,Klebsiella pneumoniae,0.0,1.0,1.0,confirmed-host,LamB:0.993,lamB:1.000,False
PX502230,Klebsiella pneumoniae,0.0,1.0,1.0,confirmed-host,LamB:0.997,lamB:1.000,False
PX502231,Klebsiella pneumoniae,0.0,1.0,1.0,confirmed-host,LamB:0.993,lamB:1.000,False
PX502232,Klebsiella pneumoniae,0.0001,1.0,0.9999,confirmed-host,OmpC:0.993,lamB:1.000,False
PX502233,Klebsiella pneumoniae,0.0,1.0,1.0,confirmed-host,LamB:0.988,lamB:1.000,False
PX502234,Klebsiella pneumoniae,0.0,1.0,1.0,confirmed-host,LamB:0.997,lamB:1.000,False
PX502235,Klebsiella pneumoniae,0.0,1.0,1.0,confirmed-host,LamB:0.993,lamB:1.000,False
PX502236,Klebsiella pneumoniae,0.0,1.0,1.0,confirmed-host,LamB:0.993,lamB:1.000,False
PX502237,Klebsiella pneumoniae,0.0,1.0,1.0,confirmed-host,LamB:0.993,lamB:1.000,False
PX502238,Klebsiella pneumoniae,0.5424,0.3284,-0.214,candidate-host-switch,Tsx:0.998,OmpA:0.996,True
PX502240,Klebsiella pneumoniae,0.0029,0.9965,0.9936,confirmed-host,OmpA:0.995,OmpA:1.000,False
PX502241,Klebsiella pneumoniae,0.0001,0.9998,0.9997,confirmed-host,LamB:0.985,lamB:1.000,False
PX502242,Klebsiella pneumoniae,0.0001,0.9998,0.9997,confirmed-host,LamB:0.992,lamB:1.000,False
PX502243,Klebsiella pneumoniae,0.0023,0.9978,0.9956,confirmed-host,YaeT_BamA:0.992,lamB:1.000,False
PX502244,Klebsiella pneumoniae,0.0001,0.9999,0.9998,confirmed-host,LamB:0.992,lamB:1.000,False
PX502245,Klebsiella pneumoniae,0.0,1.0,1.0,confirmed-host,LamB:0.996,lamB:1.000,False
PX502246,Klebsiella pneumoniae,0.0001,0.9999,0.9998,confirmed-host,LamB:0.991,lamB:1.000,False
PX502247,Klebsiella pneumoniae,0.0016,0.9995,0.9979,confirmed-host,LamB:0.976,ompK35:1.000,False
PX502248,Klebsiella pneumoniae,0.0001,0.9999,0.9999,confirmed-host,LamB:0.991,lamB:1.000,False
PX502249,Klebsiella pneumoniae,0.0007,0.9996,0.9989,confirmed-host,LamB:0.994,lamB:1.000,False
PX502250,Klebsiella pneumoniae,0.0002,0.9994,0.9992,confirmed-host,LamB:0.990,lamB:1.000,False
PX502252,Escherichia coli,0.9994,0.0004,0.999,confirmed-host,FepA:1.000,ompK36:0.209,True
PX514237,Escherichia coli,0.9994,0.0002,0.9992,confirmed-host,FhuA:1.000,lamB:0.079,False
PX516694,Escherichia coli,1.0,0.0,1.0,confirmed-host,Tsx:1.000,lamB:0.001,False
PX521586,Escherichia coli,0.9998,0.001,0.9988,confirmed-host,YaeT_BamA:1.000,lamB:0.092,False
PX521587,Escherichia coli,1.0,0.0003,0.9996,confirmed-host,YaeT_BamA:1.000,lamB:0.431,True
PX521588,Escherichia coli,0.9999,0.0001,0.9999,confirmed-host,YaeT_BamA:1.000,lamB:0.003,False
PX529439,Klebsiella pneumoniae,0.0,1.0,1.0,confirmed-host,OmpC:0.998,ompK36:1.000,False
PX550018,Klebsiella pneumoniae,0.0,1.0,1.0,confirmed-host,OmpC:0.973,lamB:1.000,False
PX557717,Klebsiella pneumoniae,0.0719,0.9707,0.8988,confirmed-host,OmpF:0.942,lamB:0.995,False
PX577203,Klebsiella pneumoniae,0.0001,1.0,0.9999,confirmed-host,OmpA:0.945,ompK35:1.000,False
PX583170,Escherichia coli,1.0,0.0,1.0,confirmed-host,FepA:1.000,OmpA:0.001,False
PX586628,Escherichia coli,0.9994,0.0003,0.9991,confirmed-host,FepA:1.000,OmpA:0.009,False
PX620741,Escherichia coli,0.9892,0.0042,0.985,confirmed-host,YaeT_BamA:1.000,lamB:0.091,False
PX620742,Escherichia coli,0.9569,0.0136,0.9434,confirmed-host,TolC:0.999,OmpA:0.683,False
PX630711,Klebsiella pneumoniae,0.0,1.0,1.0,confirmed-host,OmpA:0.994,ompK36:1.000,False
PX641096,Klebsiella pneumoniae,0.0001,1.0,0.9999,confirmed-host,LamB:0.993,lamB:1.000,False
PX645697,Escherichia coli,0.9996,0.0006,0.999,confirmed-host,FepA:1.000,OmpA:0.019,False
PX651718,Escherichia coli,0.9957,0.0046,0.9911,confirmed-host,YaeT_BamA:1.000,ompK36:0.118,False
PX651778,Klebsiella pneumoniae,0.0019,0.9987,0.9968,confirmed-host,LamB:0.956,lamB:0.999,False
PX655591,Escherichia coli,0.0006,0.9979,-0.9973,candidate-host-switch,OmpA:0.921,ompK36:0.999,True
PX666696,Klebsiella pneumoniae,0.0001,0.9999,0.9999,confirmed-host,LamB:0.994,ompK35:1.000,True
PX667728,Escherichia coli,0.9996,0.0004,0.9992,confirmed-host,BtuB:1.000,OmpA:0.628,False
PX670388,Klebsiella pneumoniae,0.0006,0.9996,0.9991,confirmed-host,OmpC:0.995,ompK36:1.000,False
PX670390,Klebsiella pneumoniae,0.0,0.9999,0.9999,confirmed-host,OmpA:0.995,lamB:1.000,False
PX670391,Klebsiella pneumoniae,0.0,1.0,1.0,confirmed-host,OmpA:0.970,ompK35:1.000,False
PX670392,Klebsiella pneumoniae,0.0,1.0,1.0,confirmed-host,OmpA:0.970,ompK35:1.000,False
PX670396,Klebsiella pneumoniae,0.0103,0.9907,0.9804,confirmed-host,OmpC:0.927,ompK36:0.999,False
PX670399,Klebsiella pneumoniae,0.0001,1.0,0.9999,confirmed-host,OmpC:0.971,OmpA:1.000,True
PX670400,Klebsiella pneumoniae,0.0001,0.9999,0.9998,confirmed-host,OmpA:0.989,OmpA:1.000,False
PX670401,Klebsiella pneumoniae,0.0035,0.997,0.9935,confirmed-host,LamB:0.905,OmpA:1.000,False
PX670402,Klebsiella pneumoniae,0.0005,0.9996,0.9991,confirmed-host,OmpC:0.995,ompK36:1.000,False
PX670403,Klebsiella pneumoniae,0.0,1.0,1.0,confirmed-host,OmpA:0.997,OmpA:1.000,False
PX670404,Klebsiella pneumoniae,0.0008,0.9982,0.9974,confirmed-host,LamB:0.980,OmpA:1.000,False
PX670405,Klebsiella pneumoniae,0.0002,0.9999,0.9996,confirmed-host,OmpA:0.998,lamB:1.000,False
PX670406,Klebsiella pneumoniae,0.0001,1.0,0.9999,confirmed-host,OmpA:0.980,ompK35:1.000,False
PX670407,Klebsiella pneumoniae,0.0001,0.9981,0.998,confirmed-host,OmpA:0.996,lamB:1.000,False
PX670408,Klebsiella pneumoniae,0.0,1.0,1.0,confirmed-host,LamB:0.992,lamB:1.000,False
PX670411,Klebsiella pneumoniae,0.0001,1.0,0.9999,confirmed-host,OmpA:0.998,OmpA:1.000,False
PX670412,Klebsiella pneumoniae,0.0011,0.9989,0.9978,confirmed-host,OmpA:0.963,OmpA:1.000,False
PX670413,Klebsiella pneumoniae,0.0074,0.999,0.9916,confirmed-host,OmpA:0.918,OmpA:1.000,True
PX670414,Klebsiella pneumoniae,0.0,1.0,0.9999,confirmed-host,OmpC:0.878,ompK35:1.000,False
PX670415,Klebsiella pneumoniae,0.0,1.0,0.9999,confirmed-host,OmpC:0.994,lamB:1.000,True
PX674087,Klebsiella pneumoniae,0.0004,0.9999,0.9995,confirmed-host,FepA:1.000,OmpA:1.000,False
PX682545,Escherichia coli,0.9912,0.0032,0.9881,confirmed-host,TolC:1.000,ompK36:0.059,False
PX693206,Klebsiella pneumoniae,0.0,1.0,1.0,confirmed-host,LamB:0.996,ompK35:1.000,False
PX694288,Klebsiella pneumoniae,0.0001,0.9999,0.9998,confirmed-host,OmpA:0.954,ompK35:1.000,False
PX694289,Klebsiella pneumoniae,0.0005,0.9996,0.9991,confirmed-host,OmpC:0.916,ompK35:1.000,False
PX705375,Escherichia coli,0.5546,0.9913,-0.4368,candidate-host-switch,FhuA:0.998,ompK36:1.000,False
PX725530,Klebsiella pneumoniae,0.0,1.0,1.0,confirmed-host,LamB:0.998,lamB:1.000,False
PX733326,Klebsiella pneumoniae,0.0,1.0,0.9999,confirmed-host,OmpA:0.997,OmpA:1.000,False
PX741096,Escherichia coli,0.9992,0.001,0.9981,confirmed-host,FhuA:1.000,ompK36:0.078,False
PX759567,Escherichia coli,0.9863,0.0064,0.9799,confirmed-host,TolC:1.000,OmpA:0.496,False
PX759568,Escherichia coli,0.9999,0.0001,0.9998,confirmed-host,FepA:1.000,lamB:0.003,False
PX787811,Escherichia coli,0.9927,0.0072,0.9856,confirmed-host,FepA:1.000,lamB:0.130,False
PX842581,Escherichia coli,1.0,0.0,1.0,confirmed-host,FepA:1.000,lamB:0.006,False
PX842722,Klebsiella pneumoniae,0.0,1.0,1.0,confirmed-host,LamB:0.977,lamB:1.000,False
PX843005,Klebsiella pneumoniae,0.0,1.0,1.0,confirmed-host,LamB:0.968,ompK35:1.000,False
PX848766,Escherichia coli,0.9999,0.0001,0.9999,confirmed-host,FepA:1.000,OmpA:0.002,True
PX853812,Escherichia coli,0.9999,0.0,0.9999,confirmed-host,YaeT_BamA:1.000,OmpA:0.001,False
PX872123,Klebsiella pneumoniae,0.0003,0.9997,0.9994,confirmed-host,OmpA:0.975,OmpA:1.000,False
PX872124,Klebsiella pneumoniae,0.0003,0.9997,0.9994,confirmed-host,OmpA:0.975,OmpA:1.000,False
PX872915,Klebsiella pneumoniae,0.0004,0.9997,0.9992,confirmed-host,OmpA:0.940,lamB:1.000,False
PX872919,Klebsiella pneumoniae,0.0,1.0,1.0,confirmed-host,LamB:0.989,lamB:1.000,False
PX872920,Klebsiella pneumoniae,0.0,1.0,1.0,confirmed-host,LamB:0.989,lamB:1.000,False
PX872921,Klebsiella pneumoniae,0.0,1.0,1.0,confirmed-host,LamB:0.989,lamB:1.000,True
PX872922,Klebsiella pneumoniae,0.0,1.0,1.0,confirmed-host,OmpC:0.887,lamB:1.000,False
PX872923,Klebsiella pneumoniae,0.0007,0.9989,0.9983,confirmed-host,LamB:0.986,lamB:1.000,False
PX880098,Escherichia coli,1.0,0.0,1.0,confirmed-host,YaeT_BamA:1.000,OmpA:0.001,False
PX880099,Escherichia coli,0.9962,0.0152,0.9809,confirmed-host,YaeT_BamA:1.000,lamB:0.800,True
PX880100,Escherichia coli,0.9997,0.0006,0.9991,confirmed-host,YaeT_BamA:1.000,lamB:0.006,False
PX880101,Escherichia coli,0.9999,0.0003,0.9996,confirmed-host,YaeT_BamA:1.000,lamB:0.003,True
PX880102,Escherichia coli,0.9999,0.0001,0.9998,confirmed-host,FepA:1.000,lamB:0.019,False
PX880103,Escherichia coli,0.9882,0.0101,0.9781,confirmed-host,FepA:0.999,lamB:0.973,False
PX880622,Klebsiella pneumoniae,0.0007,0.9994,0.9987,confirmed-host,OmpA:0.952,lamB:1.000,False
PX904472,Klebsiella pneumoniae,0.0136,0.977,0.9634,confirmed-host,OmpC:0.911,OmpA:0.995,True
PX904473,Klebsiella pneumoniae,0.0,1.0,1.0,confirmed-host,LamB:0.993,lamB:1.000,False
PX904586,Escherichia coli,0.9992,0.0005,0.9987,confirmed-host,YaeT_BamA:1.000,lamB:0.080,False
PX907401,Escherichia coli,0.9986,0.0021,0.9965,confirmed-host,YaeT_BamA:1.000,OmpA:0.741,False
PX907402,Escherichia coli,0.9989,0.001,0.9978,confirmed-host,YaeT_BamA:1.000,lamB:0.813,False
PX907403,Escherichia coli,0.9989,0.001,0.9978,confirmed-host,YaeT_BamA:1.000,lamB:0.813,False
PX915625,Klebsiella pneumoniae,0.0,1.0,1.0,confirmed-host,OmpC:0.967,ompK35:1.000,False
PX915672,Klebsiella pneumoniae,0.0002,0.9999,0.9997,confirmed-host,OmpA:0.975,lamB:1.000,False
PX915673,Klebsiella pneumoniae,0.0001,1.0,0.9999,confirmed-host,OmpA:0.991,OmpA:1.000,False
PX915674,Klebsiella pneumoniae,0.0,1.0,1.0,confirmed-host,LamB:0.990,lamB:1.000,False
PX915675,Klebsiella pneumoniae,0.0,1.0,1.0,confirmed-host,LamB:0.991,lamB:1.000,True
PX915678,Escherichia coli,0.995,0.0046,0.9903,confirmed-host,YaeT_BamA:1.000,lamB:0.525,False
PX930192,Escherichia coli,1.0,0.0,0.9999,confirmed-host,BtuB:1.000,OmpA:0.025,False
PX930851,Escherichia coli,1.0,0.0001,0.9998,confirmed-host,FepA:1.000,lamB:0.019,False
PX930852,Escherichia coli,0.998,0.0006,0.9974,confirmed-host,BtuB:1.000,lamB:0.829,False
PX930853,Escherichia coli,0.9996,0.0005,0.9991,confirmed-host,YaeT_BamA:1.000,OmpA:0.096,False
PX930854,Escherichia coli,0.9998,0.0003,0.9995,confirmed-host,BtuB:1.000,OmpA:0.210,False
PX943615,Klebsiella pneumoniae,0.0002,1.0,0.9998,confirmed-host,LamB:0.971,ompK35:1.000,True
PX943720,Klebsiella pneumoniae,0.0016,0.9989,0.9972,confirmed-host,OmpA:0.982,ompK36:0.999,False
PX943856,Escherichia coli,0.992,0.0092,0.9828,confirmed-host,YaeT_BamA:1.000,ompK36:0.031,False
PX946034,Klebsiella pneumoniae,0.0031,0.9824,0.9792,confirmed-host,YaeT_BamA:0.981,lamB:1.000,True
PX962436,Escherichia coli,0.9997,0.0005,0.9992,confirmed-host,YaeT_BamA:1.000,OmpA:0.010,False
PX969075,Escherichia coli,0.9998,0.0,0.9998,confirmed-host,TolC:1.000,OmpA:0.004,False
PX969080,Klebsiella pneumoniae,0.0001,1.0,0.9999,confirmed-host,OmpA:0.984,ompK36:1.000,False
PX974237,Escherichia coli,0.9995,0.0002,0.9993,confirmed-host,YaeT_BamA:1.000,OmpA:0.006,False
PX974239,Klebsiella pneumoniae,0.0016,0.9987,0.9971,confirmed-host,FepA:0.995,lamB:1.000,False
PX974311,Klebsiella pneumoniae,0.0,1.0,1.0,confirmed-host,LamB:0.989,lamB:1.000,False
PX974332,Klebsiella pneumoniae,0.0001,1.0,0.9998,confirmed-host,OmpC:0.851,ompK35:1.000,True
PX974333,Klebsiella pneumoniae,0.0024,0.9966,0.9942,confirmed-host,OmpA:0.887,lamB:0.999,True
PX985797,Escherichia coli,0.9996,0.0002,0.9994,confirmed-host,YaeT_BamA:1.000,ompK36:0.975,False
PX985798,Escherichia coli,0.9993,0.0,0.9993,confirmed-host,YaeT_BamA:1.000,lamB:0.002,True
PX985799,Escherichia coli,0.9922,0.0074,0.9848,confirmed-host,Tsx:1.000,ompK36:0.044,False
PX997131,Klebsiella pneumoniae,0.0,1.0,1.0,confirmed-host,LamB:0.997,ompK35:1.000,False
PZ000615,Escherichia coli,0.9998,0.0002,0.9995,confirmed-host,TolC:1.000,lamB:0.002,False
PZ000751,Klebsiella pneumoniae,0.0002,0.9999,0.9996,confirmed-host,OmpA:0.933,lamB:1.000,False
PZ000752,Klebsiella pneumoniae,0.0001,0.9999,0.9998,confirmed-host,OmpA:0.977,ompK36:1.000,False
PZ012685,Escherichia coli,0.9984,0.0025,0.9959,confirmed-host,FhuA:1.000,OmpA:0.249,False
PZ019082,Escherichia coli,0.9894,0.0016,0.9878,confirmed-host,YaeT_BamA:1.000,OmpA:0.083,False
PZ019083,Escherichia coli,0.999,0.0004,0.9986,confirmed-host,YaeT_BamA:1.000,OmpA:0.059,False
PZ019084,Escherichia coli,0.9918,0.0089,0.9829,confirmed-host,TolC:1.000,OmpA:0.305,False
PZ019085,Escherichia coli,0.9998,0.0001,0.9997,confirmed-host,FepA:1.000,OmpA:0.007,False
PZ019086,Escherichia coli,0.9996,0.0001,0.9994,confirmed-host,YaeT_BamA:1.000,OmpA:0.064,False
PZ026127,Escherichia coli,0.6842,0.0033,0.6809,confirmed-host,BtuB:1.000,lamB:0.507,False
PZ036784,Klebsiella pneumoniae,0.0001,0.9995,0.9994,confirmed-host,OmpC:0.956,lamB:1.000,False
PZ049337,Escherichia coli,0.7727,0.1783,0.5944,confirmed-host,TolC:0.999,lamB:0.768,False
PZ049694,Escherichia coli,0.8639,0.2836,0.5803,confirmed-host,Tsx:0.999,ompK35:0.775,True
PZ050807,Escherichia coli,0.9998,0.0001,0.9997,confirmed-host,FhuA:1.000,lamB:0.017,True
PZ050808,Klebsiella pneumoniae,0.0039,0.9963,0.9924,confirmed-host,OmpA:0.835,ompK36:0.999,False
PZ053912,Escherichia coli,1.0,0.0,1.0,confirmed-host,Tsx:1.000,OmpA:0.000,False
PZ055531,Klebsiella pneumoniae,0.0002,1.0,0.9998,confirmed-host,OmpC:0.974,lamB:1.000,True
PZ055532,Klebsiella pneumoniae,0.0001,1.0,0.9998,confirmed-host,OmpA:0.986,ompK35:1.000,False
PZ055533,Klebsiella pneumoniae,0.0011,0.9983,0.9972,confirmed-host,OmpA:0.947,lamB:0.998,True
PZ055534,Klebsiella pneumoniae,0.0206,0.9608,0.9403,confirmed-host,LamB:0.925,OmpA:1.000,False
PZ055535,Klebsiella pneumoniae,0.0017,0.9995,0.9978,confirmed-host,LamB:0.883,OmpA:1.000,True
PZ055536,Klebsiella pneumoniae,0.0002,1.0,0.9998,confirmed-host,OmpC:0.977,lamB:1.000,False
PZ055537,Klebsiella pneumoniae,0.0001,0.9999,0.9998,confirmed-host,OmpA:0.946,lamB:1.000,False
PZ055538,Klebsiella pneumoniae,0.0001,0.9999,0.9999,confirmed-host,OmpA:0.947,lamB:1.000,False
PZ091928,Klebsiella pneumoniae,0.0011,0.9979,0.9968,confirmed-host,OmpA:0.975,ompK36:1.000,False
PZ091942,Escherichia coli,0.9999,0.0001,0.9998,confirmed-host,FhuA:1.000,OmpA:0.004,False
PZ103638,Klebsiella pneumoniae,0.0001,1.0,0.9999,confirmed-host,LamB:0.941,lamB:1.000,False
PZ103639,Klebsiella pneumoniae,0.0001,0.9998,0.9997,confirmed-host,OmpA:0.965,OmpA:1.000,False
PZ103640,Klebsiella pneumoniae,0.0,1.0,1.0,confirmed-host,OmpC:0.983,ompK35:1.000,False
PZ103641,Klebsiella pneumoniae,0.0001,0.9998,0.9997,confirmed-host,OmpA:0.964,ompK35:1.000,False
PZ103642,Klebsiella pneumoniae,0.0006,0.9999,0.9994,confirmed-host,OmpA:0.969,ompK35:1.000,False
PZ103643,Klebsiella pneumoniae,0.0,1.0,1.0,confirmed-host,OmpC:0.983,ompK35:1.000,False
PZ103644,Klebsiella pneumoniae,0.0,1.0,1.0,confirmed-host,OmpC:0.979,ompK35:1.000,False
PZ103645,Klebsiella pneumoniae,0.0002,0.9997,0.9995,confirmed-host,OmpC:0.992,ompK36:1.000,False
PZ103646,Klebsiella pneumoniae,0.0001,1.0,0.9999,confirmed-host,OmpA:0.996,lamB:1.000,False
PZ103647,Klebsiella pneumoniae,0.9489,0.1265,-0.8223,candidate-host-switch,YaeT_BamA:1.000,OmpA:0.689,False
PZ137471,Escherichia coli,0.9915,0.0111,0.9805,confirmed-host,Tsx:1.000,OmpA:0.869,True
PZ149775,Klebsiella pneumoniae,0.0012,0.9987,0.9975,confirmed-host,OmpA:0.938,lamB:1.000,False
PZ150740,Escherichia coli,0.994,0.0021,0.9919,confirmed-host,BtuB:1.000,OmpA:0.033,False
PZ151149,Escherichia coli,0.9985,0.0014,0.9971,confirmed-host,FepA:1.000,OmpA:0.030,False
PZ154895,Escherichia coli,0.9998,0.0002,0.9996,confirmed-host,YaeT_BamA:1.000,lamB:0.009,True
PZ154896,Escherichia coli,0.9974,0.0012,0.9962,confirmed-host,Tsx:1.000,OmpA:0.003,False
PZ154897,Escherichia coli,0.9996,0.0003,0.9993,confirmed-host,YaeT_BamA:1.000,lamB:0.010,False
PZ155155,Klebsiella pneumoniae,0.002,0.9969,0.9948,confirmed-host,YaeT_BamA:0.939,ompK35:0.999,False
PZ156440,Klebsiella pneumoniae,0.0,1.0,1.0,confirmed-host,OmpC:0.991,ompK35:1.000,False
PZ156441,Klebsiella pneumoniae,0.0045,0.9959,0.9914,confirmed-host,OmpA:0.929,lamB:1.000,False
PZ156442,Klebsiella pneumoniae,0.0045,0.9959,0.9914,confirmed-host,OmpA:0.929,lamB:1.000,True
PZ156443,Klebsiella pneumoniae,0.0,1.0,1.0,confirmed-host,OmpC:0.988,ompK35:1.000,False
PZ156444,Klebsiella pneumoniae,0.0,1.0,1.0,confirmed-host,OmpA:0.988,ompK35:1.000,False
PZ156445,Klebsiella pneumoniae,0.0,1.0,1.0,confirmed-host,OmpC:0.989,ompK35:1.000,False
PZ156446,Klebsiella pneumoniae,0.0,1.0,1.0,confirmed-host,OmpA:0.991,OmpA:1.000,True
PZ156447,Klebsiella pneumoniae,0.0,1.0,1.0,confirmed-host,LamB:0.998,ompK35:1.000,True
PZ166175,Escherichia coli,0.9996,0.0003,0.9993,confirmed-host,YaeT_BamA:1.000,OmpA:0.225,False
PZ166176,Escherichia coli,0.9936,0.0305,0.9631,confirmed-host,YaeT_BamA:1.000,lamB:0.719,True
PZ168289,Escherichia coli,0.9968,0.0011,0.9957,confirmed-host,YaeT_BamA:1.000,lamB:0.033,False
PZ168308,Klebsiella pneumoniae,0.0,1.0,1.0,confirmed-host,LamB:0.953,lamB:1.000,False
PZ168832,Escherichia coli,0.9991,0.0008,0.9983,confirmed-host,YaeT_BamA:1.000,OmpA:0.061,True
PZ169089,Klebsiella pneumoniae,0.0009,0.9989,0.998,confirmed-host,OmpC:0.979,ompK36:1.000,False
PZ171032,Escherichia coli,0.9998,0.0004,0.9994,confirmed-host,FepA:1.000,OmpA:0.016,False
PZ172995,Escherichia coli,0.9911,0.0089,0.9822,confirmed-host,YaeT_BamA:1.000,OmpA:0.276,False
PZ195872,Klebsiella pneumoniae,0.0003,0.9997,0.9993,confirmed-host,LamB:0.847,lamB:1.000,False
PZ212788,Escherichia coli,0.9999,0.0003,0.9996,confirmed-host,YaeT_BamA:1.000,lamB:0.004,False
PZ227171,Klebsiella pneumoniae,0.0001,1.0,0.9999,confirmed-host,LamB:0.997,lamB:1.000,True
PZ228299,Klebsiella pneumoniae,0.0028,0.9972,0.9944,confirmed-host,OmpA:0.999,OmpA:1.000,False
PZ229304,Escherichia coli,0.973,0.1586,0.8144,confirmed-host,YaeT_BamA:1.000,OmpA:0.917,True
PZ233469,Klebsiella pneumoniae,0.0,1.0,1.0,confirmed-host,LamB:1.000,ompK35:1.000,False
PZ233470,Klebsiella pneumoniae,0.0,1.0,1.0,confirmed-host,LamB:0.987,ompK35:1.000,False
PZ233471,Klebsiella pneumoniae,0.0,1.0,1.0,confirmed-host,LamB:0.968,ompK35:1.000,False
PZ233472,Klebsiella pneumoniae,0.0,1.0,1.0,confirmed-host,LamB:0.968,ompK35:1.000,False
PZ233473,Klebsiella pneumoniae,0.0001,0.9998,0.9997,confirmed-host,OmpA:0.944,ompK35:1.000,False
PZ233474,Klebsiella pneumoniae,0.0043,0.9962,0.9919,confirmed-host,OmpA:0.920,OmpA:0.999,False
PZ233475,Klebsiella pneumoniae,0.0001,1.0,0.9999,confirmed-host,LamB:0.996,lamB:1.000,False
PZ233476,Klebsiella pneumoniae,0.01,0.9924,0.9825,confirmed-host,OmpA:0.888,OmpA:0.999,False
PZ233477,Klebsiella pneumoniae,0.0,1.0,1.0,confirmed-host,OmpC:0.934,lamB:1.000,False
PZ233478,Klebsiella pneumoniae,0.0001,0.9998,0.9997,confirmed-host,OmpC:0.976,OmpA:1.000,False
PZ244632,Klebsiella pneumoniae,0.0,1.0,1.0,confirmed-host,LamB:0.993,lamB:1.000,False
PZ244633,Klebsiella pneumoniae,0.0,1.0,1.0,confirmed-host,LamB:0.976,lamB:1.000,False
PZ244634,Klebsiella pneumoniae,0.0,1.0,1.0,confirmed-host,LamB:0.976,lamB:1.000,False
PZ244635,Klebsiella pneumoniae,0.0002,1.0,0.9997,confirmed-host,LamB:0.992,ompK35:1.000,True
PZ247578,Escherichia coli,0.9967,0.0004,0.9963,confirmed-host,TolC:1.000,ompK36:0.021,False
PZ256258,Klebsiella pneumoniae,0.0,1.0,1.0,confirmed-host,OmpC:0.944,ompK35:1.000,False
PZ256259,Klebsiella pneumoniae,0.0,1.0,1.0,confirmed-host,OmpC:0.944,ompK35:1.000,False
PZ256260,Klebsiella pneumoniae,0.0,1.0,1.0,confirmed-host,OmpC:0.944,ompK35:1.000,False
PZ256261,Klebsiella pneumoniae,0.0,1.0,1.0,confirmed-host,OmpC:0.941,ompK35:1.000,False
PZ256262,Klebsiella pneumoniae,0.0,1.0,1.0,confirmed-host,OmpC:0.944,ompK35:1.000,False
PZ256263,Escherichia coli,0.9999,0.0001,0.9998,confirmed-host,FhuA:1.000,OmpA:0.005,False
PZ256264,Escherichia coli,0.9998,0.0002,0.9995,confirmed-host,FhuA:1.000,OmpA:0.015,False
PZ256265,Escherichia coli,0.9995,0.0001,0.9994,confirmed-host,FhuA:1.000,OmpA:0.010,True
PZ261141,Klebsiella pneumoniae,0.0,1.0,1.0,confirmed-host,LamB:0.991,lamB:1.000,False
PZ273787,Escherichia coli,0.9998,0.0003,0.9995,confirmed-host,BtuB:1.000,OmpA:0.002,False
PZ278543,Klebsiella pneumoniae,0.0003,0.9997,0.9994,confirmed-host,BtuB:0.985,lamB:1.000,False
PZ278544,Klebsiella pneumoniae,0.0098,0.9672,0.9574,confirmed-host,TolC:0.991,OmpA:1.000,True
PZ278545,Klebsiella pneumoniae,0.9968,0.0014,-0.9955,candidate-host-switch,TolC:1.000,OmpA:0.004,True
PZ295659,Escherichia coli,1.0,0.0,1.0,confirmed-host,YaeT_BamA:1.000,OmpA:0.000,False
PZ295673,Klebsiella pneumoniae,0.0003,0.9999,0.9997,confirmed-host,OmpA:0.971,OmpA:1.000,False
PZ311405,Escherichia coli,0.9999,0.0,0.9999,confirmed-host,YaeT_BamA:1.000,OmpA:0.023,False
PZ311406,Escherichia coli,0.9956,0.0331,0.9624,confirmed-host,Tsx:1.000,ompK35:0.457,True
PZ311407,Escherichia coli,0.9996,0.0003,0.9993,confirmed-host,FepA:1.000,lamB:0.191,False
PZ315864,Klebsiella pneumoniae,0.0022,0.9948,0.9926,confirmed-host,OmpC:0.919,ompK36:0.999,True
PZ324404,Escherichia coli,0.9998,0.0,0.9998,confirmed-host,YaeT_BamA:1.000,OmpA:0.002,False
PZ324406,Escherichia coli,0.9973,0.0021,0.9952,confirmed-host,FepA:1.000,OmpA:0.367,False
PZ324407,Escherichia coli,0.9999,0.0005,0.9993,confirmed-host,YaeT_BamA:1.000,lamB:0.006,False
PZ324408,Escherichia coli,0.4758,0.052,0.4237,confirmed-host,OmpA:0.938,OmpA:0.983,True
PZ324409,Escherichia coli,0.0,1.0,-1.0,candidate-host-switch,OmpC:0.973,lamB:1.000,False
PZ324410,Escherichia coli,0.9992,0.0019,0.9973,confirmed-host,YaeT_BamA:1.000,ompK35:0.296,False
PZ334583,Escherichia coli,1.0,0.0,0.9999,confirmed-host,FhuA:1.000,OmpA:0.001,False
PZ340978,Escherichia coli,1.0,0.0,1.0,confirmed-host,YaeT_BamA:1.000,OmpA:0.002,False
PZ344153,Klebsiella pneumoniae,0.0002,1.0,0.9998,confirmed-host,LamB:0.942,ompK35:1.000,True
PZ344858,Escherichia coli,0.9998,0.0002,0.9995,confirmed-host,Tsx:1.000,ompK36:0.038,False
PZ347775,Escherichia coli,0.9999,0.0001,0.9999,confirmed-host,YaeT_BamA:1.000,OmpA:0.001,False
PZ357121,Escherichia coli,0.8217,0.1736,0.6481,confirmed-host,Tsx:0.996,lamB:0.888,True
PZ362812,Escherichia coli,1.0,0.0001,0.9999,confirmed-host,YaeT_BamA:1.000,OmpA:0.004,False
PZ379074,Escherichia coli,0.9996,0.0007,0.9989,confirmed-host,YaeT_BamA:1.000,lamB:0.044,True
PZ379075,Escherichia coli,0.9999,0.0,0.9999,confirmed-host,FhuA:1.000,OmpA:0.002,False
PZ379076,Escherichia coli,0.9997,0.0001,0.9995,confirmed-host,YaeT_BamA:1.000,OmpA:0.013,False
PZ379176,Escherichia coli,0.9936,0.0023,0.9912,confirmed-host,BtuB:1.000,lamB:0.297,False
PZ379177,Escherichia coli,0.9995,0.0002,0.9993,confirmed-host,YaeT_BamA:1.000,lamB:0.024,False
PZ379178,Escherichia coli,1.0,0.0,1.0,confirmed-host,YaeT_BamA:1.000,OmpA:0.000,False
PZ379179,Escherichia coli,0.9979,0.0032,0.9947,confirmed-host,YaeT_BamA:1.000,OmpA:0.138,False
PZ379180,Escherichia coli,1.0,0.0,0.9999,confirmed-host,BtuB:1.000,OmpA:0.008,False
PZ379181,Escherichia coli,0.9988,0.0008,0.9979,confirmed-host,TolC:1.000,lamB:0.011,False
PZ379182,Escherichia coli,1.0,0.0,1.0,confirmed-host,YaeT_BamA:1.000,OmpA:0.000,False
PZ379183,Escherichia coli,0.9998,0.0,0.9998,confirmed-host,Tsx:1.000,OmpA:0.001,False
PZ379184,Escherichia coli,0.9996,0.0001,0.9995,confirmed-host,YaeT_BamA:1.000,lamB:0.004,False
PZ379185,Escherichia coli,0.9999,0.0,0.9999,confirmed-host,Tsx:1.000,OmpA:0.000,True
PZ379296,Klebsiella pneumoniae,0.0001,1.0,0.9999,confirmed-host,OmpA:0.909,OmpA:1.000,True
PZ379297,Klebsiella pneumoniae,0.0,1.0,1.0,confirmed-host,LamB:0.990,lamB:1.000,False
PZ379298,Klebsiella pneumoniae,0.0,1.0,1.0,confirmed-host,LamB:0.990,lamB:1.000,False
PZ379299,Klebsiella pneumoniae,0.0001,1.0,0.9999,confirmed-host,OmpA:0.909,OmpA:1.000,False
PZ379300,Klebsiella pneumoniae,0.0,1.0,1.0,confirmed-host,OmpC:0.992,lamB:1.000,False
PZ379305,Klebsiella pneumoniae,0.0021,0.9974,0.9953,confirmed-host,LamB:0.972,lamB:1.000,False
PZ379541,Escherichia coli,0.9998,0.0,0.9998,confirmed-host,Tsx:1.000,OmpA:0.001,True
PZ379542,Escherichia coli,1.0,0.0,1.0,confirmed-host,YaeT_BamA:1.000,OmpA:0.000,True
PZ379543,Escherichia coli,1.0,0.0,1.0,confirmed-host,YaeT_BamA:1.000,OmpA:0.000,False
PZ379544,Escherichia coli,0.9996,0.0001,0.9995,confirmed-host,YaeT_BamA:1.000,lamB:0.004,False
PZ379545,Escherichia coli,1.0,0.0,1.0,confirmed-host,YaeT_BamA:1.000,OmpA:0.000,False
PZ379546,Escherichia coli,0.9998,0.0,0.9998,confirmed-host,Tsx:1.000,OmpA:0.001,False
PZ379547,Escherichia coli,0.9995,0.0003,0.9992,confirmed-host,YaeT_BamA:1.000,OmpA:0.016,False
PZ379549,Escherichia coli,0.9998,0.0,0.9998,confirmed-host,Tsx:1.000,OmpA:0.001,False
PZ379550,Escherichia coli,0.9998,0.0,0.9998,confirmed-host,Tsx:1.000,OmpA:0.001,True
PZ379594,Escherichia coli,0.9977,0.0007,0.997,confirmed-host,YaeT_BamA:1.000,OmpA:0.003,False
PZ379595,Escherichia coli,0.9995,0.0003,0.9992,confirmed-host,YaeT_BamA:1.000,OmpA:0.016,False
PZ379596,Escherichia coli,0.9998,0.0,0.9998,confirmed-host,Tsx:1.000,OmpA:0.001,False
PZ379597,Escherichia coli,1.0,0.0,1.0,confirmed-host,YaeT_BamA:1.000,OmpA:0.000,False
PZ379598,Escherichia coli,1.0,0.0,0.9999,confirmed-host,YaeT_BamA:1.000,OmpA:0.006,False
PZ379599,Escherichia coli,1.0,0.0,1.0,confirmed-host,YaeT_BamA:1.000,OmpA:0.000,False
PZ379600,Escherichia coli,1.0,0.0,1.0,confirmed-host,YaeT_BamA:1.000,OmpA:0.000,False
PZ379601,Escherichia coli,1.0,0.0,1.0,confirmed-host,YaeT_BamA:1.000,OmpA:0.000,False
PZ379602,Escherichia coli,1.0,0.0,1.0,confirmed-host,YaeT_BamA:1.000,OmpA:0.001,False
PZ379603,Escherichia coli,1.0,0.0,1.0,confirmed-host,YaeT_BamA:1.000,OmpA:0.000,False
PZ383863,Escherichia coli,1.0,0.0,1.0,confirmed-host,YaeT_BamA:1.000,OmpA:0.001,False
PZ386946,Escherichia coli,0.9956,0.0031,0.9925,confirmed-host,YaeT_BamA:1.000,OmpA:0.428,False
PZ386947,Escherichia coli,0.9999,0.0001,0.9998,confirmed-host,FepA:1.000,OmpA:0.015,True
PZ386948,Escherichia coli,1.0,0.0001,0.9999,confirmed-host,FepA:1.000,OmpA:0.005,True
PZ386949,Escherichia coli,0.9999,0.0001,0.9999,confirmed-host,FepA:1.000,OmpA:0.008,False
PZ386951,Escherichia coli,0.9999,0.0,0.9999,confirmed-host,TolC:1.000,OmpA:0.009,False
PZ386952,Escherichia coli,0.9999,0.0001,0.9998,confirmed-host,TolC:1.000,OmpA:0.003,False
PZ386953,Escherichia coli,1.0,0.0,1.0,confirmed-host,FhuA:1.000,OmpA:0.001,False
PZ386955,Escherichia coli,0.9974,0.0056,0.9918,confirmed-host,FepA:1.000,OmpA:0.349,False
PZ386956,Escherichia coli,0.9999,0.0001,0.9998,confirmed-host,FepA:1.000,OmpA:0.001,False
PZ386957,Escherichia coli,1.0,0.0,1.0,confirmed-host,TolC:1.000,OmpA:0.001,False
PZ386958,Escherichia coli,0.9999,0.0004,0.9995,confirmed-host,BtuB:1.000,OmpA:0.041,False
PZ386959,Escherichia coli,0.9998,0.0004,0.9994,confirmed-host,BtuB:1.000,OmpA:0.144,True
PZ386960,Escherichia coli,0.9858,0.0082,0.9776,confirmed-host,TolC:0.996,OmpA:0.786,False
PZ386961,Escherichia coli,1.0,0.0,0.9999,confirmed-host,BtuB:1.000,OmpA:0.008,True
PZ386963,Escherichia coli,1.0,0.0,1.0,confirmed-host,BtuB:1.000,OmpA:0.004,True
PZ386964,Escherichia coli,0.9941,0.0103,0.9838,confirmed-host,YaeT_BamA:1.000,lamB:0.203,False
PZ386965,Escherichia coli,0.9986,0.0014,0.9972,confirmed-host,FepA:1.000,ompK35:0.243,False
PZ386966,Escherichia coli,1.0,0.0001,0.9999,confirmed-host,BtuB:1.000,OmpA:0.063,False
PZ386967,Escherichia coli,0.9947,0.0043,0.9904,confirmed-host,YaeT_BamA:1.000,ompK36:0.018,False
PZ386968,Escherichia coli,0.9946,0.0044,0.9902,confirmed-host,YaeT_BamA:1.000,ompK36:0.018,False
PZ386969,Escherichia coli,0.9946,0.0043,0.9903,confirmed-host,YaeT_BamA:1.000,ompK36:0.018,True
PZ386970,Escherichia coli,0.9977,0.0009,0.9969,confirmed-host,FepA:1.000,ompK36:0.023,True
PZ386971,Escherichia coli,0.9491,0.0743,0.8748,confirmed-host,YaeT_BamA:1.000,ompK36:0.375,False
PZ386972,Escherichia coli,0.9988,0.0009,0.9979,confirmed-host,YaeT_BamA:1.000,lamB:0.006,False
PZ386973,Escherichia coli,0.9985,0.0015,0.9971,confirmed-host,FepA:1.000,lamB:0.011,False
PZ386974,Escherichia coli,0.9994,0.0005,0.9988,confirmed-host,FepA:1.000,ompK35:0.062,True
PZ386975,Escherichia coli,1.0,0.0,1.0,confirmed-host,BtuB:1.000,OmpA:0.014,False
PZ386976,Escherichia coli,1.0,0.0004,0.9996,confirmed-host,BtuB:1.000,OmpA:0.048,False
PZ386977,Escherichia coli,0.9997,0.0001,0.9995,confirmed-host,FepA:1.000,OmpA:0.005,False
PZ386978,Escherichia coli,1.0,0.0,1.0,confirmed-host,BtuB:1.000,OmpA:0.014,False
PZ386979,Escherichia coli,0.9992,0.0002,0.999,confirmed-host,BtuB:1.000,lamB:0.003,False
PZ402300,Escherichia coli,0.9935,0.0053,0.9883,confirmed-host,FhuA:1.000,lamB:0.033,False
PZ402301,Escherichia coli,0.9998,0.0002,0.9996,confirmed-host,FepA:1.000,lamB:0.061,False
PZ402302,Escherichia coli,0.9999,0.0,0.9999,confirmed-host,FhuA:1.000,OmpA:0.001,False
PZ402303,Escherichia coli,1.0,0.0,1.0,confirmed-host,YaeT_BamA:1.000,OmpA:0.011,False
PZ402304,Escherichia coli,0.9986,0.0006,0.9979,confirmed-host,FepA:1.000,OmpA:0.015,False
PZ402305,Escherichia coli,0.9995,0.0017,0.9978,confirmed-host,YaeT_BamA:1.000,OmpA:0.005,False
PZ402949,Klebsiella pneumoniae,0.0003,0.9998,0.9995,confirmed-host,LamB:0.970,lamB:1.000,False
PZ405898,Klebsiella pneumoniae,0.0042,0.9957,0.9915,confirmed-host,BtuB:0.981,lamB:1.000,False
PZ405899,Klebsiella pneumoniae,0.0,1.0,1.0,confirmed-host,LamB:0.995,ompK35:1.000,False
PZ405959,Klebsiella pneumoniae,0.0006,0.999,0.9984,confirmed-host,OmpC:0.956,lamB:1.000,False
PZ406325,Klebsiella pneumoniae,0.0,1.0,0.9999,confirmed-host,LamB:0.733,lamB:1.000,False
PZ406326,Klebsiella pneumoniae,0.0,1.0,0.9999,confirmed-host,LamB:0.733,lamB:1.000,False
PZ406327,Klebsiella pneumoniae,0.0,1.0,0.9999,confirmed-host,LamB:0.733,lamB:1.000,False
PZ406328,Klebsiella pneumoniae,0.0,1.0,0.9999,confirmed-host,LamB:0.733,lamB:1.000,False
PZ406330,Klebsiella pneumoniae,0.0,1.0,0.9999,confirmed-host,LamB:0.733,lamB:1.000,False
PZ406331,Klebsiella pneumoniae,0.0,1.0,0.9999,confirmed-host,LamB:0.733,lamB:1.000,False
PZ406332,Klebsiella pneumoniae,0.0,1.0,0.9999,confirmed-host,LamB:0.733,lamB:1.000,False
PZ433559,Klebsiella pneumoniae,0.0,1.0,1.0,confirmed-host,LamB:0.989,lamB:1.000,True
PZ436093,Escherichia coli,0.9996,0.0005,0.9991,confirmed-host,FepA:1.000,OmpA:0.010,False
PZ440473,Klebsiella pneumoniae,0.0001,0.9999,0.9999,confirmed-host,LamB:0.937,lamB:1.000,True
PZ440474,Klebsiella pneumoniae,0.0001,0.9999,0.9998,confirmed-host,LamB:0.929,lamB:1.000,True
PZ445134,Escherichia coli,0.9986,0.0006,0.9979,confirmed-host,FepA:1.000,OmpA:0.015,False
PZ445405,Escherichia coli,0.9953,0.0008,0.9945,confirmed-host,YaeT_BamA:1.000,OmpA:0.083,True
PZ445406,Escherichia coli,0.9833,0.0095,0.9738,confirmed-host,TolC:0.998,OmpA:0.611,False
PZ445407,Escherichia coli,0.7581,0.1843,0.5738,confirmed-host,YaeT_BamA:1.000,OmpA:0.991,True
PZ445408,Escherichia coli,1.0,0.0,1.0,confirmed-host,TolC:1.000,OmpA:0.001,False
PZ445409,Escherichia coli,1.0,0.0,1.0,confirmed-host,FepA:1.000,OmpA:0.001,False
PZ445410,Escherichia coli,0.9999,0.0,0.9998,confirmed-host,FepA:1.000,OmpA:0.013,False
PZ445411,Escherichia coli,0.9996,0.0002,0.9993,confirmed-host,YaeT_BamA:1.000,lamB:0.003,True
PZ445412,Escherichia coli,0.9999,0.0,0.9999,confirmed-host,YaeT_BamA:1.000,OmpA:0.005,False
PZ445413,Escherichia coli,0.9999,0.0001,0.9997,confirmed-host,FepA:1.000,OmpA:0.005,False
PZ445414,Escherichia coli,0.9957,0.0033,0.9924,confirmed-host,TolC:0.999,OmpA:0.112,False
PZ445415,Escherichia coli,0.9969,0.0022,0.9947,confirmed-host,YaeT_BamA:1.000,OmpA:0.064,True
PZ445416,Escherichia coli,0.9982,0.0032,0.9949,confirmed-host,TolC:1.000,lamB:0.064,False
PZ445417,Escherichia coli,0.9959,0.0007,0.9951,confirmed-host,FepA:1.000,OmpA:0.035,False
PZ445418,Escherichia coli,1.0,0.0001,0.9998,confirmed-host,YaeT_BamA:1.000,lamB:0.001,False
PZ445419,Escherichia coli,1.0,0.0,1.0,confirmed-host,FepA:1.000,OmpA:0.002,False
PZ445420,Escherichia coli,0.9999,0.0001,0.9998,confirmed-host,FhuA:1.000,lamB:0.002,False
PZ445421,Escherichia coli,0.9999,0.0001,0.9998,confirmed-host,YaeT_BamA:1.000,OmpA:0.003,False
PZ445422,Escherichia coli,0.9999,0.0,0.9999,confirmed-host,YaeT_BamA:1.000,OmpA:0.006,False
PZ445423,Escherichia coli,0.9999,0.0,0.9999,confirmed-host,TolC:1.000,OmpA:0.004,False
PZ445424,Escherichia coli,0.9996,0.0026,0.9969,confirmed-host,YaeT_BamA:1.000,lamB:0.013,True
PZ445425,Escherichia coli,0.9998,0.0001,0.9997,confirmed-host,FhuA:1.000,OmpA:0.004,True
PZ445426,Escherichia coli,0.9999,0.0001,0.9999,confirmed-host,BtuB:1.000,ompK36:0.001,False
PZ445427,Escherichia coli,1.0,0.0,0.9999,confirmed-host,YaeT_BamA:1.000,OmpA:0.001,False
PZ445428,Escherichia coli,0.9996,0.0016,0.998,confirmed-host,YaeT_BamA:1.000,lamB:0.011,False
PZ445429,Escherichia coli,1.0,0.0002,0.9997,confirmed-host,YaeT_BamA:1.000,lamB:0.002,False
PZ445430,Escherichia coli,1.0,0.0,1.0,confirmed-host,YaeT_BamA:1.000,OmpA:0.000,True
PZ445431,Escherichia coli,0.9999,0.0,0.9999,confirmed-host,YaeT_BamA:1.000,OmpA:0.001,True
PZ445432,Escherichia coli,0.9991,0.0006,0.9985,confirmed-host,YaeT_BamA:1.000,lamB:0.019,False
PZ445433,Escherichia coli,0.9999,0.0,0.9999,confirmed-host,FepA:1.000,OmpA:0.004,False
PZ445434,Escherichia coli,1.0,0.0,0.9999,confirmed-host,FepA:1.000,OmpA:0.003,False
PZ445435,Escherichia coli,1.0,0.0,1.0,confirmed-host,YaeT_BamA:1.000,OmpA:0.001,False
PZ445436,Escherichia coli,0.9999,0.0,0.9999,confirmed-host,TolC:1.000,OmpA:0.011,True
PZ445437,Escherichia coli,0.9998,0.0,0.9998,confirmed-host,YaeT_BamA:1.000,OmpA:0.005,False
PZ445438,Escherichia coli,0.9999,0.0001,0.9998,confirmed-host,TolC:1.000,OmpA:0.029,False
PZ445439,Escherichia coli,0.9998,0.0001,0.9997,confirmed-host,FepA:1.000,OmpA:0.019,True
PZ445440,Escherichia coli,0.9985,0.0003,0.9982,confirmed-host,FepA:1.000,OmpA:0.004,True
PZ445441,Escherichia coli,1.0,0.0,1.0,confirmed-host,FhuA:1.000,OmpA:0.001,False
PZ445442,Escherichia coli,1.0,0.0,1.0,confirmed-host,FhuA:1.000,OmpA:0.001,False
PZ445443,Escherichia coli,1.0,0.0,1.0,confirmed-host,FhuA:1.000,OmpA:0.001,False
PZ445444,Escherichia coli,1.0,0.0,1.0,confirmed-host,FhuA:1.000,OmpA:0.001,False
PZ445445,Escherichia coli,1.0,0.0,1.0,confirmed-host,FhuA:1.000,OmpA:0.001,False
PZ445446,Escherichia coli,1.0,0.0,1.0,confirmed-host,FepA:1.000,OmpA:0.001,False
PZ445447,Escherichia coli,1.0,0.0,1.0,confirmed-host,FhuA:1.000,OmpA:0.001,False
PZ445448,Escherichia coli,1.0,0.0,1.0,confirmed-host,FhuA:1.000,OmpA:0.001,False
PZ445449,Escherichia coli,1.0,0.0,1.0,confirmed-host,FhuA:1.000,OmpA:0.001,False
PZ445450,Escherichia coli,1.0,0.0,1.0,confirmed-host,FhuA:1.000,OmpA:0.001,False
PZ445451,Escherichia coli,0.9993,0.0006,0.9987,confirmed-host,YaeT_BamA:1.000,OmpA:0.058,False
PZ445452,Escherichia coli,1.0,0.0,0.9999,confirmed-host,YaeT_BamA:1.000,OmpA:0.012,True
PZ445453,Escherichia coli,1.0,0.0,0.9999,confirmed-host,FepA:1.000,OmpA:0.007,False
PZ445454,Escherichia coli,0.9998,0.0001,0.9996,confirmed-host,BtuB:1.000,OmpA:0.072,True
PZ445455,Escherichia coli,0.7526,0.1347,0.618,confirmed-host,FepA:0.988,lamB:0.761,False
PZ445456,Escherichia coli,0.9998,0.0001,0.9998,confirmed-host,TolC:1.000,lamB:0.023,True
PZ445457,Escherichia coli,0.9927,0.0003,0.9924,confirmed-host,FhuA:1.000,OmpA:0.080,False
PZ445458,Escherichia coli,0.9937,0.007,0.9867,confirmed-host,FepA:1.000,ompK36:0.064,False
PZ445459,Escherichia coli,0.9999,0.0002,0.9998,confirmed-host,YaeT_BamA:1.000,lamB:0.026,False
PZ445460,Escherichia coli,1.0,0.0001,0.9999,confirmed-host,YaeT_BamA:1.000,lamB:0.005,True
PZ445461,Escherichia coli,1.0,0.0001,0.9999,confirmed-host,YaeT_BamA:1.000,lamB:0.006,False
PZ445462,Escherichia coli,0.9986,0.0001,0.9986,confirmed-host,FepA:1.000,OmpA:0.005,False
PZ445463,Escherichia coli,0.9991,0.0,0.9991,confirmed-host,BtuB:1.000,OmpA:0.001,True
PZ445464,Escherichia coli,0.9915,0.0008,0.9907,confirmed-host,Tsx:1.000,lamB:0.017,True
PZ445465,Escherichia coli,0.9999,0.0003,0.9996,confirmed-host,YaeT_BamA:1.000,lamB:0.018,False
PZ445466,Escherichia coli,0.9999,0.0002,0.9997,confirmed-host,YaeT_BamA:1.000,lamB:0.009,False
PZ445467,Escherichia coli,0.9995,0.0061,0.9935,confirmed-host,YaeT_BamA:1.000,lamB:0.161,True
PZ445469,Escherichia coli,1.0,0.0,1.0,confirmed-host,YaeT_BamA:1.000,OmpA:0.001,False
PZ445470,Escherichia coli,1.0,0.0,1.0,confirmed-host,FepA:1.000,OmpA:0.000,True
PZ445471,Escherichia coli,1.0,0.0,1.0,confirmed-host,FepA:1.000,OmpA:0.001,True
PZ445472,Escherichia coli,0.9999,0.0001,0.9998,confirmed-host,FhuA:1.000,OmpA:0.008,False
PZ445473,Escherichia coli,0.9963,0.0043,0.992,confirmed-host,BtuB:1.000,OmpA:0.054,False
PZ445484,Escherichia coli,0.9981,0.0017,0.9964,confirmed-host,BtuB:1.000,OmpA:0.040,False
PZ445485,Escherichia coli,0.995,0.0021,0.9929,confirmed-host,BtuB:1.000,lamB:0.108,False
PZ445487,Escherichia coli,0.928,0.2114,0.7166,confirmed-host,FepA:1.000,ompK36:0.623,True
PZ445488,Escherichia coli,0.9999,0.0001,0.9998,confirmed-host,FepA:1.000,OmpA:0.002,False
PZ445489,Escherichia coli,0.9998,0.0001,0.9997,confirmed-host,YaeT_BamA:1.000,lamB:0.001,False
PZ445492,Escherichia coli,0.9997,0.0001,0.9997,confirmed-host,YaeT_BamA:1.000,lamB:0.003,True
PZ445493,Escherichia coli,0.9977,0.0017,0.996,confirmed-host,TolC:1.000,OmpA:0.013,False
PZ445495,Escherichia coli,1.0,0.0,1.0,confirmed-host,TolC:1.000,OmpA:0.001,False
PZ445496,Escherichia coli,1.0,0.0,1.0,confirmed-host,YaeT_BamA:1.000,OmpA:0.000,False
PZ445497,Escherichia coli,0.9991,0.0003,0.9989,confirmed-host,FepA:1.000,OmpA:0.005,True
PZ445498,Escherichia coli,0.9999,0.0,0.9999,confirmed-host,YaeT_BamA:1.000,OmpA:0.001,False
PZ445499,Escherichia coli,1.0,0.0,1.0,confirmed-host,YaeT_BamA:1.000,OmpA:0.000,False
PZ445500,Escherichia coli,1.0,0.0,0.9999,confirmed-host,FepA:1.000,OmpA:0.002,False
PZ445501,Escherichia coli,1.0,0.0,1.0,confirmed-host,FepA:1.000,OmpA:0.003,False
PZ445502,Escherichia coli,1.0,0.0,1.0,confirmed-host,FepA:1.000,OmpA:0.001,False
PZ445503,Escherichia coli,0.9997,0.0007,0.999,confirmed-host,BtuB:1.000,OmpA:0.040,True
PZ445504,Escherichia coli,1.0,0.0,1.0,confirmed-host,YaeT_BamA:1.000,OmpA:0.001,False
PZ445505,Escherichia coli,0.9964,0.0031,0.9933,confirmed-host,FepA:1.000,lamB:0.044,False
PZ445506,Escherichia coli,0.9996,0.0001,0.9995,confirmed-host,YaeT_BamA:1.000,OmpA:0.002,False
PZ445507,Escherichia coli,0.9996,0.0002,0.9995,confirmed-host,TolC:1.000,OmpA:0.086,False
PZ445508,Escherichia coli,1.0,0.0,1.0,confirmed-host,YaeT_BamA:1.000,OmpA:0.000,False
PZ445509,Escherichia coli,0.996,0.0035,0.9925,confirmed-host,FhuA:1.000,ompK36:0.434,False
PZ445510,Escherichia coli,0.9996,0.0002,0.9994,confirmed-host,FepA:1.000,OmpA:0.037,False
PZ445512,Escherichia coli,1.0,0.0,1.0,confirmed-host,YaeT_BamA:1.000,OmpA:0.002,False
PZ445513,Escherichia coli,1.0,0.0,1.0,confirmed-host,FhuA:1.000,OmpA:0.001,False
PZ445514,Escherichia coli,0.9996,0.0005,0.9991,confirmed-host,FepA:1.000,OmpA:0.023,False
PZ445515,Escherichia coli,0.9999,0.0,0.9999,confirmed-host,YaeT_BamA:1.000,OmpA:0.001,False
PZ445516,Escherichia coli,0.9936,0.0112,0.9825,confirmed-host,YaeT_BamA:1.000,lamB:0.044,True
PZ445517,Escherichia coli,0.9994,0.0005,0.9989,confirmed-host,FepA:1.000,OmpA:0.079,False
PZ445529,Escherichia coli,1.0,0.0,1.0,confirmed-host,YaeT_BamA:1.000,OmpA:0.000,False
PZ445530,Escherichia coli,1.0,0.0,1.0,confirmed-host,FhuA:1.000,OmpA:0.001,True
PZ445531,Escherichia coli,1.0,0.0,1.0,confirmed-host,YaeT_BamA:1.000,OmpA:0.000,False
PZ445532,Escherichia coli,1.0,0.0,1.0,confirmed-host,Tsx:1.000,OmpA:0.001,False
PZ445533,Escherichia coli,1.0,0.0,1.0,confirmed-host,YaeT_BamA:1.000,OmpA:0.001,False
PZ445534,Escherichia coli,0.9999,0.0001,0.9998,confirmed-host,BtuB:1.000,OmpA:0.015,False
PZ445535,Escherichia coli,0.9996,0.0003,0.9994,confirmed-host,TolC:1.000,OmpA:0.365,False
PZ445536,Escherichia coli,1.0,0.0,1.0,confirmed-host,TolC:1.000,OmpA:0.002,False
PZ445537,Escherichia coli,0.9799,0.0171,0.9627,confirmed-host,TolC:1.000,OmpA:0.462,False
PZ445538,Escherichia coli,1.0,0.0,1.0,confirmed-host,YaeT_BamA:1.000,OmpA:0.000,False
PZ445539,Escherichia coli,1.0,0.0,1.0,confirmed-host,TolC:1.000,OmpA:0.013,True
PZ445540,Escherichia coli,0.9703,0.0148,0.9555,confirmed-host,YaeT_BamA:1.000,lamB:0.671,True
PZ445541,Escherichia coli,1.0,0.0,0.9999,confirmed-host,FepA:1.000,OmpA:0.014,False
PZ445542,Escherichia coli,0.9999,0.0,0.9999,confirmed-host,YaeT_BamA:1.000,OmpA:0.001,True
PZ445543,Escherichia coli,0.9999,0.0,0.9999,confirmed-host,FepA:1.000,OmpA:0.005,False
PZ445544,Escherichia coli,0.9987,0.0006,0.9981,confirmed-host,TolC:1.000,OmpA:0.041,False
PZ445545,Escherichia coli,1.0,0.0,1.0,confirmed-host,FhuA:1.000,OmpA:0.001,False
PZ445546,Escherichia coli,1.0,0.0,0.9999,confirmed-host,YaeT_BamA:1.000,OmpA:0.012,True
PZ445547,Escherichia coli,0.9995,0.0008,0.9987,confirmed-host,YaeT_BamA:1.000,OmpA:0.015,False
PZ445548,Escherichia coli,0.9992,0.0009,0.9983,confirmed-host,YaeT_BamA:1.000,OmpA:0.218,False
PZ445549,Escherichia coli,0.9999,0.0,0.9999,confirmed-host,TolC:1.000,OmpA:0.001,False
PZ445550,Escherichia coli,0.9939,0.0043,0.9897,confirmed-host,FepA:1.000,lamB:0.148,False
PZ445551,Escherichia coli,1.0,0.0,0.9999,confirmed-host,YaeT_BamA:1.000,OmpA:0.012,False
PZ445552,Escherichia coli,1.0,0.0,0.9999,confirmed-host,FepA:1.000,OmpA:0.006,False
PZ445553,Escherichia coli,0.9993,0.0002,0.9991,confirmed-host,FepA:1.000,OmpA:0.004,False
PZ445554,Escherichia coli,1.0,0.0,0.9999,confirmed-host,FepA:1.000,OmpA:0.002,False
PZ447393,Klebsiella pneumoniae,0.001,0.9993,0.9984,confirmed-host,OmpA:0.955,lamB:1.000,False
PZ447394,Klebsiella pneumoniae,0.0001,0.9998,0.9997,confirmed-host,OmpA:0.968,lamB:1.000,False
PZ452593,Escherichia coli,0.9987,0.0012,0.9975,confirmed-host,FepA:1.000,OmpA:0.087,False
PZ452599,Escherichia coli,0.9995,0.0002,0.9993,confirmed-host,TolC:1.000,OmpA:0.008,False
PZ452604,Escherichia coli,0.9984,0.0005,0.9979,confirmed-host,FepA:1.000,OmpA:0.022,True
PZ452605,Escherichia coli,0.9999,0.0001,0.9998,confirmed-host,FepA:1.000,lamB:0.002,False
PZ452606,Escherichia coli,0.9998,0.0,0.9998,confirmed-host,FepA:1.000,OmpA:0.017,False
PZ452607,Escherichia coli,0.9999,0.0,0.9999,confirmed-host,TolC:1.000,OmpA:0.001,False
PZ454251,Klebsiella pneumoniae,0.0001,0.9999,0.9998,confirmed-host,LamB:0.958,lamB:1.000,False
PZ465523,Escherichia coli,0.0164,0.9298,-0.9134,candidate-host-switch,YaeT_BamA:0.974,OmpA:0.998,True
PZ465524,Klebsiella pneumoniae,0.0001,1.0,0.9999,confirmed-host,OmpA:0.964,OmpA:1.000,False
PZ465525,Escherichia coli,0.9893,0.0005,0.9887,confirmed-host,FhuA:1.000,OmpA:0.012,True
PZ465526,Escherichia coli,0.9919,0.005,0.987,confirmed-host,YaeT_BamA:0.999,OmpA:0.203,False
PZ465527,Escherichia coli,1.0,0.0002,0.9998,confirmed-host,TolC:1.000,OmpA:0.484,False
PZ465528,Klebsiella pneumoniae,0.0,1.0,0.9999,confirmed-host,OmpA:0.980,ompK35:1.000,False
PZ465698,Klebsiella pneumoniae,0.0013,0.9999,0.9985,confirmed-host,LamB:0.956,ompK35:1.000,False
PZ466121,Klebsiella pneumoniae,0.0004,0.9997,0.9993,confirmed-host,OmpA:0.979,lamB:1.000,False
PZ466139,Klebsiella pneumoniae,0.0,0.9999,0.9999,confirmed-host,OmpA:0.963,ompK35:1.000,False
PZ467946,Klebsiella pneumoniae,0.0007,0.9982,0.9975,confirmed-host,TolC:0.994,OmpA:1.000,False
PZ476263,Escherichia coli,1.0,0.0001,0.9999,confirmed-host,TolC:1.000,lamB:0.031,False
PZ481756,Klebsiella pneumoniae,0.0,1.0,1.0,confirmed-host,LamB:0.986,lamB:1.000,False
PZ481759,Klebsiella pneumoniae,0.0,1.0,1.0,confirmed-host,OmpA:0.981,ompK35:1.000,False
PZ486388,Klebsiella pneumoniae,0.0004,0.9992,0.9988,confirmed-host,OmpA:0.989,lamB:1.000,False
PZ490076,Escherichia coli,0.4535,0.0256,0.4279,confirmed-host,TolC:1.000,ompK35:0.953,False
PZ495249,Escherichia coli,0.9994,0.0015,0.9979,confirmed-host,BtuB:1.000,lamB:0.012,False
PZ496580,Escherichia coli,1.0,0.0,0.9999,confirmed-host,FepA:1.000,OmpA:0.001,False
PZ496581,Escherichia coli,0.9999,0.0001,0.9999,confirmed-host,FepA:1.000,OmpA:0.002,True
PZ501484,Escherichia coli,0.9991,0.0009,0.9982,confirmed-host,FepA:1.000,OmpA:0.613,False
PZ501485,Escherichia coli,0.9991,0.0009,0.9982,confirmed-host,FepA:1.000,OmpA:0.613,False
PZ501486,Escherichia coli,0.9991,0.0009,0.9982,confirmed-host,FepA:1.000,OmpA:0.613,False
PZ502448,Klebsiella pneumoniae,0.0038,0.9947,0.9909,confirmed-host,LamB:0.950,OmpA:0.999,False
PZ502561,Klebsiella pneumoniae,0.0001,0.9999,0.9998,confirmed-host,OmpC:0.942,ompK35:1.000,False
PZ502562,Escherichia coli,0.9932,0.0054,0.9878,confirmed-host,YaeT_BamA:1.000,OmpA:0.908,False
PZ509021,Escherichia coli,0.9999,0.0001,0.9999,confirmed-host,FepA:1.000,OmpA:0.003,False
PZ509022,Escherichia coli,0.9998,0.0001,0.9997,confirmed-host,FepA:1.000,lamB:0.027,False
PZ513996,Escherichia coli,0.9923,0.0015,0.9908,confirmed-host,FepA:1.000,ompK36:0.099,False
PZ513997,Escherichia coli,0.1652,0.2141,-0.0488,confirmed-host,TolC:1.000,OmpA:0.976,False
PZ527900,Escherichia coli,0.9999,0.0,0.9999,confirmed-host,BtuB:1.000,OmpA:0.000,False
PZ533728,Klebsiella pneumoniae,0.0,1.0,0.9999,confirmed-host,OmpA:0.992,OmpA:1.000,False
PZ533729,Klebsiella pneumoniae,0.0,1.0,0.9999,confirmed-host,OmpA:0.997,OmpA:1.000,True
PZ533730,Klebsiella pneumoniae,0.0,0.9999,0.9999,confirmed-host,LamB:0.989,ompK35:1.000,False
PZ533731,Klebsiella pneumoniae,0.0001,1.0,0.9999,confirmed-host,OmpC:0.997,ompK36:1.000,False
PZ533732,Klebsiella pneumoniae,0.0015,0.9991,0.9976,confirmed-host,OmpA:0.758,lamB:1.000,False
PZ533733,Klebsiella pneumoniae,0.0017,0.9975,0.9958,confirmed-host,LamB:0.991,lamB:1.000,False
PZ533734,Klebsiella pneumoniae,0.0001,0.9999,0.9998,confirmed-host,OmpA:0.970,OmpA:1.000,False
PZ533735,Klebsiella pneumoniae,0.0,1.0,1.0,confirmed-host,OmpC:0.982,ompK35:1.000,True
PZ533736,Klebsiella pneumoniae,0.0001,0.9999,0.9998,confirmed-host,OmpA:0.987,ompK36:1.000,False
PZ533737,Klebsiella pneumoniae,0.0,1.0,1.0,confirmed-host,LamB:0.902,lamB:1.000,False
PZ533738,Klebsiella pneumoniae,0.0,1.0,1.0,confirmed-host,OmpA:0.997,ompK35:1.000,True
PZ533739,Klebsiella pneumoniae,0.0,1.0,1.0,confirmed-host,LamB:0.967,ompK35:1.000,False
PZ533740,Klebsiella pneumoniae,0.0,1.0,1.0,confirmed-host,LamB:0.992,lamB:1.000,False
PZ533741,Klebsiella pneumoniae,0.0054,0.9932,0.9878,confirmed-host,OmpA:0.932,ompK36:0.999,False
PZ533742,Klebsiella pneumoniae,0.0009,0.9987,0.9978,confirmed-host,OmpA:0.927,OmpA:0.999,True
PZ533743,Klebsiella pneumoniae,0.0001,1.0,0.9999,confirmed-host,OmpA:0.979,ompK35:1.000,True
PZ534511,Escherichia coli,0.9997,0.0007,0.999,confirmed-host,FepA:1.000,OmpA:0.027,True
PZ534512,Escherichia coli,1.0,0.0,1.0,confirmed-host,Tsx:1.000,OmpA:0.000,False
PZ534515,Escherichia coli,0.9999,0.0,0.9998,confirmed-host,BtuB:1.000,OmpA:0.022,True
PZ534532,Escherichia coli,0.9999,0.0004,0.9995,confirmed-host,YaeT_BamA:1.000,lamB:0.003,True
PZ534534,Escherichia coli,0.9999,0.0004,0.9995,confirmed-host,YaeT_BamA:1.000,lamB:0.003,False
PZ540269,Escherichia coli,1.0,0.0,1.0,confirmed-host,YaeT_BamA:1.000,OmpA:0.000,True
PZ542107,Klebsiella pneumoniae,0.0,1.0,1.0,confirmed-host,LamB:0.995,lamB:1.000,True
PZ543597,Escherichia coli,0.9995,0.0002,0.9993,confirmed-host,FepA:1.000,lamB:0.053,False
PZ544513,Escherichia coli,0.9987,0.0006,0.9981,confirmed-host,YaeT_BamA:1.000,lamB:0.120,False
PZ544685,Escherichia coli,0.9884,0.0073,0.9811,confirmed-host,FepA:1.000,ompK35:0.645,False
PZ547843,Klebsiella pneumoniae,0.0,1.0,1.0,confirmed-host,LamB:0.997,lamB:1.000,False
PZ554334,Escherichia coli,0.9999,0.0,0.9998,confirmed-host,BtuB:1.000,OmpA:0.019,True
PZ564098,Klebsiella pneumoniae,0.0001,1.0,0.9999,confirmed-host,OmpC:0.981,ompK35:1.000,False
PZ568324,Klebsiella pneumoniae,0.0016,0.9981,0.9965,confirmed-host,LamB:0.860,lamB:1.000,False
PZ569104,Klebsiella pneumoniae,0.0013,0.9991,0.9978,confirmed-host,OmpA:0.848,ompK35:1.000,False
PZ593571,Klebsiella pneumoniae,0.8555,0.6568,-0.1987,confirmed-host,FepA:1.000,lamB:1.000,True
PZ618369,Escherichia coli,0.6043,0.4489,0.1554,confirmed-host,YaeT_BamA:1.000,OmpA:0.996,True
PZ618370,Escherichia coli,0.9005,0.1517,0.7487,confirmed-host,YaeT_BamA:1.000,OmpA:0.989,True
PZ654711,Klebsiella pneumoniae,0.0004,0.9993,0.9988,confirmed-host,OmpA:0.898,OmpA:1.000,False
PZ654712,Klebsiella pneumoniae,0.0001,1.0,0.9999,confirmed-host,OmpC:0.947,lamB:1.000,False
PZ654713,Klebsiella pneumoniae,0.004,0.9954,0.9914,confirmed-host,LamB:0.938,ompK36:0.999,False
PZ662386,Escherichia coli,0.9995,0.0016,0.9979,confirmed-host,FepA:1.000,OmpA:0.189,False
PZ671982,Escherichia coli,1.0,0.0,0.9999,confirmed-host,BtuB:1.000,lamB:0.013,True
PZ674595,Escherichia coli,0.9995,0.0002,0.9993,confirmed-host,YaeT_BamA:1.000,OmpA:0.016,False
PZ683213,Escherichia coli,0.0011,0.9982,-0.9971,candidate-host-switch,OmpC:0.977,ompK36:1.000,True
PZ683264,Escherichia coli,1.0,0.0,1.0,confirmed-host,TolC:1.000,OmpA:0.213,False
PZ686473,Klebsiella pneumoniae,0.4167,0.5611,0.1444,confirmed-host,YaeT_BamA:1.000,OmpA:0.998,False
PZ689225,Klebsiella pneumoniae,0.0001,1.0,0.9998,confirmed-host,OmpA:0.996,ompK35:1.000,False
PZ689226,Klebsiella pneumoniae,0.0001,1.0,0.9999,confirmed-host,OmpA:0.994,lamB:1.000,False
PZ715802,Escherichia coli,1.0,0.0,1.0,confirmed-host,YaeT_BamA:1.000,OmpA:0.005,False
PZ715803,Escherichia coli,1.0,0.0,0.9999,confirmed-host,YaeT_BamA:1.000,OmpA:0.006,False
PZ715804,Escherichia coli,0.9031,0.029,0.874,confirmed-host,TolC:1.000,OmpA:0.796,True
PZ721830,Klebsiella pneumoniae,0.0035,0.9957,0.9922,confirmed-host,OmpA:0.969,OmpA:1.000,False
PZ721902,Escherichia coli,0.9935,0.0034,0.9901,confirmed-host,BtuB:1.000,OmpA:0.453,False
PZ721903,Escherichia coli,0.9371,0.0121,0.925,confirmed-host,TolC:1.000,ompK36:0.724,True
PZ725262,Escherichia coli,0.9997,0.0002,0.9995,confirmed-host,YaeT_BamA:1.000,OmpA:0.078,False
PZ736737,Klebsiella pneumoniae,0.0025,0.9976,0.995,confirmed-host,LamB:0.974,OmpA:1.000,True
PZ738962,Escherichia coli,0.9999,0.0002,0.9997,confirmed-host,FepA:1.000,OmpA:0.008,False
PZ744579,Escherichia coli,0.9999,0.0003,0.9996,confirmed-host,FepA:1.000,OmpA:0.028,False
PZ748594,Escherichia coli,0.9954,0.0045,0.9909,confirmed-host,YaeT_BamA:1.000,OmpA:0.056,False
PZ754631,Escherichia coli,1.0,0.0,1.0,confirmed-host,FepA:1.000,OmpA:0.001,False
PZ754632,Escherichia coli,0.9993,0.0002,0.9991,confirmed-host,BtuB:1.000,OmpA:0.051,False
PZ754749,Escherichia coli,1.0,0.0,1.0,confirmed-host,Tsx:1.000,OmpA:0.000,False
PZ755731,Klebsiella pneumoniae,0.0087,0.9925,0.9838,confirmed-host,OmpA:0.956,OmpA:0.998,False
PZ782780,Escherichia coli,0.9999,0.0,0.9999,confirmed-host,YaeT_BamA:1.000,OmpA:0.001,False
PZ786312,Escherichia coli,0.9896,0.001,0.9886,confirmed-host,BtuB:1.000,OmpA:0.540,True
PZ787336,Escherichia coli,0.9999,0.0001,0.9998,confirmed-host,BtuB:1.000,OmpA:0.017,True
PZ787841,Escherichia coli,0.9996,0.0005,0.9991,confirmed-host,YaeT_BamA:1.000,ompK36:0.382,False
PZ788954,Klebsiella pneumoniae,0.0001,1.0,0.9999,confirmed-host,LamB:0.999,lamB:1.000,False
PZ789118,Klebsiella pneumoniae,0.0001,0.9999,0.9999,confirmed-host,OmpA:0.992,lamB:1.000,True
PZ789120,Klebsiella pneumoniae,0.0002,0.9996,0.9994,confirmed-host,OmpA:0.989,OmpA:1.000,False
PZ789432,Escherichia coli,0.9994,0.0001,0.9993,confirmed-host,BtuB:1.000,lamB:0.006,False
PZ793367,Escherichia coli,0.9987,0.0013,0.9974,confirmed-host,BtuB:1.000,OmpA:0.190,False
PZ797503,Escherichia coli,0.0009,0.9994,-0.9985,candidate-host-switch,OmpC:0.992,ompK36:1.000,True
PZ798257,Klebsiella pneumoniae,0.0005,0.9998,0.9994,confirmed-host,LamB:0.998,lamB:1.000,False
PZ809289,Escherichia coli,0.9999,0.0,0.9999,confirmed-host,FepA:1.000,OmpA:0.001,False
PZ835552,Escherichia coli,0.9999,0.0001,0.9997,confirmed-host,FepA:1.000,OmpA:0.013,False
PZ836354,Klebsiella pneumoniae,0.0001,1.0,0.9999,confirmed-host,OmpA:0.988,ompK35:1.000,False
PZ869731,Escherichia coli,0.9999,0.0001,0.9998,confirmed-host,FepA:1.000,lamB:0.024,False
PZ871095,Escherichia coli,0.9989,0.0006,0.9983,confirmed-host,FhuA:1.000,ompK36:0.023,True
PZ871096,Escherichia coli,1.0,0.0,1.0,confirmed-host,YaeT_BamA:1.000,OmpA:0.001,False
PZ871097,Escherichia coli,1.0,0.0,1.0,confirmed-host,YaeT_BamA:1.000,OmpA:0.001,True
PZ871099,Escherichia coli,0.9992,0.0001,0.9991,confirmed-host,TolC:1.000,OmpA:0.022,False
PZ871100,Escherichia coli,0.9999,0.0001,0.9998,confirmed-host,FepA:1.000,ompK36:0.023,True
PZ878405,Escherichia coli,0.9989,0.0006,0.9983,confirmed-host,FhuA:1.000,ompK36:0.023,False
PZ885831,Klebsiella pneumoniae,0.0,1.0,1.0,confirmed-host,LamB:0.990,lamB:1.000,False
PZ886036,Klebsiella pneumoniae,0.0001,1.0,0.9999,confirmed-host,FepA:0.988,OmpA:1.000,False
PZ900181,Klebsiella pneumoniae,0.0,1.0,0.9999,confirmed-host,LamB:0.989,lamB:1.000,False
PZ917099,Escherichia coli,0.5957,0.9849,-0.3891,candidate-host-switch,YaeT_BamA:0.999,ompK35:1.000,True
PZ943414,Klebsiella pneumoniae,0.0001,0.9998,0.9997,confirmed-host,OmpA:0.979,OmpA:1.000,True
