cocktail_id,member_id,WT,delta_FhuA,delta_Tsx,delta_BtuB,delta_FepA,delta_TolC,delta_YaeT_BamA,delta_ompK36,delta_ompK35,delta_lamB,delta_OmpA
PD8-EC1,PD8-EC1.1,1,0.0,1.0,1.0,1.0,1.0,1.0,,,,
PD8-EC1,PD8-EC1.2,1,0.0,1.0,1.0,1.0,1.0,1.0,,,,
PD8-EC1,PD8-EC1.3,1,0.0,1.0,1.0,1.0,1.0,1.0,,,,
PD8-EC1,PD8-EC1.4,1,1.0,0.0,1.0,1.0,1.0,1.0,,,,
PD8-EC1,PD8-EC1.5,1,1.0,0.0,1.0,1.0,1.0,1.0,,,,
PD8-EC1,PD8-EC1.6,1,1.0,0.0,1.0,1.0,1.0,1.0,,,,
PD8-EC1,PD8-EC1.7,1,1.0,1.0,0.0,1.0,1.0,1.0,,,,
PD8-EC1,PD8-EC1.8,1,1.0,1.0,0.0,1.0,1.0,1.0,,,,
PD8-EC1,PD8-EC1.9,1,1.0,1.0,0.0,1.0,1.0,1.0,,,,
PD8-EC1,PD8-EC1.10,1,1.0,1.0,1.0,0.0,1.0,1.0,,,,
PD8-EC1,PD8-EC1.11,1,1.0,1.0,1.0,0.0,1.0,1.0,,,,
PD8-EC1,PD8-EC1.12,1,1.0,1.0,1.0,0.0,1.0,1.0,,,,
PD8-EC1,PD8-EC1.13,1,1.0,1.0,1.0,1.0,0.0,1.0,,,,
PD8-EC1,PD8-EC1.14,1,1.0,1.0,1.0,1.0,0.0,1.0,,,,
PD8-EC1,PD8-EC1.15,1,1.0,1.0,1.0,1.0,0.0,1.0,,,,
PD8-EC1,PD8-EC1.16,1,1.0,1.0,1.0,1.0,1.0,0.0,,,,
PD8-EC1,PD8-EC1.17,1,1.0,1.0,1.0,1.0,1.0,0.0,,,,
PD8-EC1,PD8-EC1.18,1,1.0,1.0,1.0,1.0,1.0,0.0,,,,
PD8-KP1,PD8-KP1.1,1,,,,,,,0.0,1.0,1.0,1.0
PD8-KP1,PD8-KP1.2,1,,,,,,,0.0,1.0,1.0,1.0
PD8-KP1,PD8-KP1.3,1,,,,,,,0.0,1.0,1.0,1.0
PD8-KP1,PD8-KP1.4,1,,,,,,,1.0,0.0,1.0,1.0
PD8-KP1,PD8-KP1.5,1,,,,,,,1.0,0.0,1.0,1.0
PD8-KP1,PD8-KP1.6,1,,,,,,,1.0,0.0,1.0,1.0
PD8-KP1,PD8-KP1.7,1,,,,,,,1.0,1.0,0.0,1.0
PD8-KP1,PD8-KP1.8,1,,,,,,,1.0,1.0,0.0,1.0
PD8-KP1,PD8-KP1.9,1,,,,,,,1.0,1.0,0.0,1.0
PD8-KP1,PD8-KP1.10,1,,,,,,,1.0,1.0,1.0,0.0
PD8-KP1,PD8-KP1.11,1,,,,,,,1.0,1.0,1.0,0.0
PD8-KP1,PD8-KP1.12,1,,,,,,,1.0,1.0,1.0,0.0
