cocktail_id,member_id,accession,phage_name,annotated_host,discovery_candidate,p_species,argmax_receptor,argmax_score,in_heldout_test
PD8-EC1,PD8-EC1.1,PZ334583,Escherichia phage EcoStrike,Escherichia coli,False,1.0,FhuA,1.0,False
PD8-EC1,PD8-EC1.2,PZ445445,Escherichia phage RudolfGeigy,Escherichia coli,False,1.0,FhuA,1.0,False
PD8-EC1,PD8-EC1.3,PZ445447,Escherichia phage MaxBurger,Escherichia coli,False,1.0,FhuA,1.0,False
PD8-EC1,PD8-EC1.4,PX516694,Escherichia phage OLB156,Escherichia coli,False,1.0,Tsx,1.0,False
PD8-EC1,PD8-EC1.5,PZ053912,Escherichia phage phiM,Escherichia coli,False,1.0,Tsx,1.0,False
PD8-EC1,PD8-EC1.6,PZ445532,Escherichia phage KCP_045,Escherichia coli,False,1.0,Tsx,1.0,False
PD8-EC1,PD8-EC1.7,PX930192,Escherichia phage Doce,Escherichia coli,False,1.0,BtuB,1.0,False
PD8-EC1,PD8-EC1.8,PZ386975,Escherichia phage Mpec4,Escherichia coli,False,1.0,BtuB,1.0,False
PD8-EC1,PD8-EC1.9,OR090992,Klebsiella phage C2,Klebsiella pneumoniae,True,0.9998,BtuB,1.0,False
PD8-EC1,PD8-EC1.10,NC_101820,Escherichia phage ityhuna,Escherichia coli,False,1.0,FepA,1.0,False
PD8-EC1,PD8-EC1.11,PX930851,Escherichia phage vB_Eco_EFF11A,Escherichia coli,False,1.0,FepA,1.0,False
PD8-EC1,PD8-EC1.12,PX842581,Escherichia phage SF-E5,Escherichia coli,False,1.0,FepA,1.0,False
PD8-EC1,PD8-EC1.13,NC_101837,Escherichia phage nom,Escherichia coli,False,1.0,TolC,1.0,False
PD8-EC1,PD8-EC1.14,OR896823,Escherichia phage NorthRox,Escherichia coli,False,1.0,TolC,1.0,False
PD8-EC1,PD8-EC1.15,PZ278545,Klebsiella phage EDIRA092,Klebsiella pneumoniae,True,0.9968,TolC,1.0,True
PD8-EC1,PD8-EC1.16,NC_100129,Escherichia phage Jahat_MG145,Escherichia coli,False,1.0,YaeT_BamA,1.0,False
PD8-EC1,PD8-EC1.17,NC_101840,Escherichia phage orkinos,Escherichia coli,False,1.0,YaeT_BamA,1.0,False
PD8-EC1,PD8-EC1.18,PZ103647,Klebsiella phage THQ_03,Klebsiella pneumoniae,True,0.9489,YaeT_BamA,1.0,False
PD8-KP1,PD8-KP1.1,PX529439,Klebsiella phage vB_KpnP_KS2,Klebsiella pneumoniae,False,1.0,ompK36,1.0,False
PD8-KP1,PD8-KP1.2,PX630711,Klebsiella phage Artin,Klebsiella pneumoniae,False,1.0,ompK36,1.0,False
PD8-KP1,PD8-KP1.3,PZ797503,Escherichia phage vB_EscC_ArakU1,Escherichia coli,True,0.9994,ompK36,1.0,True
PD8-KP1,PD8-KP1.4,NC_104633,Klebsiella phage vB_KpnS-VAC10,Klebsiella pneumoniae,False,1.0,ompK35,1.0,False
PD8-KP1,PD8-KP1.5,OR090976,Klebsiella phage Shaphc-173,Klebsiella pneumoniae,False,1.0,ompK35,1.0,False
PD8-KP1,PD8-KP1.6,PZ917099,Escherichia phage Apar18,Escherichia coli,True,0.9849,ompK35,1.0,True
PD8-KP1,PD8-KP1.7,NC_103859,Klebsiella phage ABTNL-2,Klebsiella pneumoniae,False,1.0,lamB,1.0,True
PD8-KP1,PD8-KP1.8,NC_104630,Klebsiella phage vB_KpnS-VAC6,Klebsiella pneumoniae,False,1.0,lamB,1.0,False
PD8-KP1,PD8-KP1.9,PZ324409,Escherichia phage ECO26-131-S11,Escherichia coli,True,1.0,lamB,1.0,False
PD8-KP1,PD8-KP1.10,NC_105155,Klebsiella phage vB_Kp_IME328,Klebsiella pneumoniae,False,1.0,OmpA,1.0,False
PD8-KP1,PD8-KP1.11,PX131000,Klebsiella phage Tissira,Klebsiella pneumoniae,False,1.0,OmpA,1.0,False
PD8-KP1,PD8-KP1.12,PZ465523,Escherichia phage Eve,Escherichia coli,True,0.9298,OmpA,0.998,True
