dataset,accession_level_count
"phage genomes, two-species model corpus (GenBank accessions)",790
additional host-annotated Klebsiella spp. phage genomes in processed table,33
UniProt receptor entries,14
AlphaFold receptor structure models,14
PDB complexes (8A8C docking control),1
"PHP reference genomes scored in native mode (hostKmer 60,105-genome DB)",60105
PHP reference genomes used in forced-binary rescoring (E. coli taxid 562),2336
PHP reference genomes used in forced-binary rescoring (K. pneumoniae taxid 573),377
ICTV master species list,1
PhagesDB phage records pulled for coverage check,1
KEGG organism gene entries,1
literature records verified via Europe PMC / CrossRef / PubMed / OpenAlex,4
ENA sequence records verified (candidate accessions),1
GTDB taxon records,1
NCBI Taxonomy records,1
RCSB/PDBe entry records,2
