file	accession	organism
AB716667.gb	AB716667.1	Klebsiella phage A4528-K2-1
AB716668.gb	AB716668.1	Klebsiella phage A44-K5-1
LC918680.gb	LC918680.1	Escherichia phage C2
LC928876.gb	LC928876.1	Escherichia phage vB_EcoP_KEC128
LC928877.gb	LC928877.1	Escherichia phage vB_EcoP_KEC134
LC928878.gb	LC928878.1	Escherichia phage vB_EcoP_KEC154
LC928879.gb	LC928879.1	Escherichia phage vB_EcoP_KEC164
LC928880.gb	LC928880.1	Escherichia phage vB_EcoP_KEC179
LC928881.gb	LC928881.1	Escherichia phage vB_EcoP_KEC196
LC928882.gb	LC928882.1	Escherichia phage vB_EcoS_KEC137
LC928883.gb	LC928883.1	Escherichia phage vB_EcoS_KEC172
LC928884.gb	LC928884.1	Escherichia phage vB_EcoS_KEC174
LC928885.gb	LC928885.1	Escherichia phage vB_EcoS_KEC184
LT961732.gb	LT961732.1	Warwickvirus SECphi27
MW749009.gb	MW749009.1	Escherichia phage vB_Eco_Dartukuta
NC_094493.gb	NC_094493.1	Escherichia phage PDX
NC_100129.gb	NC_100129.1	Escherichia phage Jahat_MG145
NC_100756.gb	NC_100756.1	Klebsiella phage vB_KpnS_KingDDD
NC_100761.gb	NC_100761.1	Klebsiella phage vB_KpnS_Penguinator
NC_101820.gb	NC_101820.1	Escherichia phage ityhuna
NC_101837.gb	NC_101837.1	Escherichia phage nom
NC_101838.gb	NC_101838.1	Escherichia phage nomine
NC_101840.gb	NC_101840.1	Escherichia phage orkinos
NC_101842.gb	NC_101842.1	Escherichia phage pangalan
NC_102605.gb	NC_102605.1	Escherichia phage vB_EcoS_011D2
NC_103089.gb	NC_103089.1	Klebsiella phage MMBB
NC_103120.gb	NC_103120.1	Klebsiella phage 066039
NC_103145.gb	NC_103145.1	Klebsiella phage Solomon
NC_103329.gb	NC_103329.1	Klebsiella phage P528
NC_103567.gb	NC_103567.1	Escherichia phage U136B
NC_103859.gb	NC_103859.1	Klebsiella phage ABTNL-2
NC_104395.gb	NC_104395.1	Klebsiella phage vB_KpnS-VAC2
NC_104627.gb	NC_104627.1	Klebsiella phage vB_KpnS-VAC11
NC_104628.gb	NC_104628.1	Klebsiella phage vB_KpnS-VAC4
NC_104629.gb	NC_104629.1	Klebsiella phage vB_KpnS-VAC5
NC_104630.gb	NC_104630.1	Klebsiella phage vB_KpnS-VAC6
NC_104631.gb	NC_104631.1	Klebsiella phage vB_KpnS-VAC7
NC_104632.gb	NC_104632.1	Klebsiella phage vB_KpnS-VAC8
NC_104633.gb	NC_104633.1	Klebsiella phage vB_KpnS-VAC10
NC_104726.gb	NC_104726.1	Escherichia phage vB_EcoM_SophiaRose
NC_104812.gb	NC_104812.1	Klebsiella phage B1
NC_105100.gb	NC_105100.1	Escherichia phage KarlJaspers
NC_105101.gb	NC_105101.1	Escherichia phage JakobBernoulli
NC_105102.gb	NC_105102.1	Escherichia phage DanielBernoulli
NC_105104.gb	NC_105104.1	Escherichia phage JohannLBurckhardt
NC_105105.gb	NC_105105.1	Escherichia phage BrunoManser
NC_105106.gb	NC_105106.1	Escherichia phage LeonhardEuler
NC_105113.gb	NC_105113.1	Escherichia phage GreteKellenberger
NC_105137.gb	NC_105137.1	Escherichia phage WalterGehring
NC_105154.gb	NC_105154.1	Klebsiella phage vB_KpnS-VAC113
NC_105155.gb	NC_105155.1	Klebsiella phage vB_Kp_IME328
NC_105416.gb	NC_105416.1	Klebsiella phage vB_KpnD_FairDinkum
NC_105433.gb	NC_105433.1	Escherichia phage vB_EcoD_Poky
NC_105436.gb	NC_105436.1	Escherichia phage JLBYU26
NC_105446.gb	NC_105446.1	Klebsiella phage phiW14
NC_105494.gb	NC_105494.1	Klebsiella phage vB_KpnD_PeteCarol
NC_105496.gb	NC_105496.1	Klebsiella phage vB_KpnD_Opt-817
NC_105507.gb	NC_105507.1	Escherichia phage JLBYU16
NC_105513.gb	NC_105513.1	Escherichia phage JLBYU41
NC_105611.gb	NC_105611.1	Klebsiella phage KpS4
NC_105617.gb	NC_105617.1	Escherichia phage vB_EcoS_SA12KD
NC_105618.gb	NC_105618.1	Escherichia phage vB_EcoS_SA30RD
NC_105619.gb	NC_105619.1	Escherichia phage vB_EcoS_SA32RD
NC_105638.gb	NC_105638.1	Klebsiella phage PWKp15
NC_105640.gb	NC_105640.1	Klebsiella phage PWKp17
NC_105644.gb	NC_105644.1	Klebsiella phage PWKp20
NC_105721.gb	NC_105721.1	Klebsiella phage pK8
NC_105724.gb	NC_105724.1	Klebsiella phage vB_1086
NC_105760.gb	NC_105760.1	Klebsiella phage P-K7R
NC_105788.gb	NC_105788.1	Escherichia phage CLB_P3
NC_105792.gb	NC_105792.1	Klebsiella phage vB_KpnS-VAC110
NC_106494.gb	NC_106494.1	Klebsiella phage BUCT556A
NC_106517.gb	NC_106517.1	Klebsiella phage NPat
NC_106518.gb	NC_106518.1	Klebsiella phage BMac
NC_107631.gb	NC_107631.1	Escherichia phage Lg3
NC_107938.gb	NC_107938.1	Klebsiella phage VLCpiD7a
NC_107939.gb	NC_107939.1	Klebsiella phage VLCpiD7b
NC_107940.gb	NC_107940.1	Klebsiella phage VLCpiD7c
NC_107952.gb	NC_107952.1	Klebsiella phage vB_KvaS_F1M1D
NC_107953.gb	NC_107953.1	Klebsiella phage vB_KvaS_F2M1D
NC_109358.gb	NC_109358.1	Escherichia phage LHE71
NC_109368.gb	NC_109368.1	Klebsiella phage mfs
NC_109729.gb	NC_109729.1	Klebsiella phage pKP-BS317-1.1
NC_110358.gb	NC_110358.1	Klebsiella phage vB_KpnS-VAC112
NC_110359.gb	NC_110359.1	Klebsiella phage vB_KpnS-VAC70
NC_111480.gb	NC_111480.1	Klebsiella phage phi_KPN_HS3
NC_111505.gb	NC_111505.1	Escherichia phage YP-6
NC_111671.gb	NC_111671.1	Klebsiella phage Emom
NC_111672.gb	NC_111672.1	Klebsiella phage Amrap
NC_111760.gb	NC_111760.1	Escherichia phage vB_VIPECOOM03
NC_129764.gb	NC_129764.1	Escherichia phage vB_EcoS_Chapo
NC_129888.gb	NC_129888.1	Klebsiella phage vB_KpnS_ZX2
NC_129898.gb	NC_129898.1	Escherichia phage vB_EcoM_SYGMH1
NC_129956.gb	NC_129956.1	Klebsiella phage IME268
NC_129957.gb	NC_129957.1	Klebsiella phage P1
NC_130051.gb	NC_130051.1	Escherichia phage IsaakIselin
NC_130088.gb	NC_130088.1	Escherichia phage vB_EcoD_Mishu
NC_130273.gb	NC_130273.1	Klebsiella phage vB_KpnS-VAC111
NC_130765.gb	NC_130765.1	Klebsiella phage KPP2020
NC_135729.gb	NC_135729.1	Escherichia phage phiWec189
NC_135730.gb	NC_135730.1	Escherichia phage phiWec191
NC_135731.gb	NC_135731.1	Escherichia phage phiWec193
NC_138487.gb	NC_138487.1	Klebsiella phage KP13-2
NC_138488.gb	NC_138488.1	Klebsiella phage LF20
OL657226.gb	OL657226.1	Escherichia phage 434
OL657227.gb	OL657227.1	Escherichia phage 434
OL657228.gb	OL657228.1	Escherichia phage 21
OM418625.gb	OM418625.1	Escherichia phage Lambda imm21
OM418626.gb	OM418626.1	Escherichia phage Lambda imm434
OM418627.gb	OM418627.1	Escherichia phage Lambda h434 imm21
OM867526.gb	OM867526.1	Escherichia phage GN06
OM867527.gb	OM867527.1	Escherichia phage GN07
OP373729.gb	OP373729.1	Klebsiella phage vB_Kpn_ZCKp20p
OQ817854.gb	OQ817854.1	Escherichia phage C1-RQL
OQ863736.gb	OQ863736.1	Klebsiella phage Pdz533
OR090976.gb	OR090976.1	Klebsiella phage Shaphc-173
OR090977.gb	OR090977.1	Klebsiella phage 901
OR090978.gb	OR090978.1	Klebsiella phage Shaphc-901.n_2
OR090979.gb	OR090979.1	Klebsiella phage 903
OR090980.gb	OR090980.1	Klebsiella phage Shaphc-903.y
OR090981.gb	OR090981.1	Klebsiella phage 904
OR090982.gb	OR090982.1	Klebsiella phage 906
OR090983.gb	OR090983.1	Klebsiella phage 907
OR090984.gb	OR090984.1	Klebsiella phage 910
OR090985.gb	OR090985.1	Klebsiella phage Shaphc-910.y_1
OR090986.gb	OR090986.1	Klebsiella phage Shaphc-A1K1
OR090987.gb	OR090987.1	Klebsiella phage Shaphc-A1K2
OR090988.gb	OR090988.1	Klebsiella phage Shaphc-A1K3_2
OR090989.gb	OR090989.1	Klebsiella phage Shaphc-H1-8_1
OR090990.gb	OR090990.1	Klebsiella phage Shaphc-H1-9
OR090991.gb	OR090991.1	Klebsiella phage Shaphc-XXJ
OR090992.gb	OR090992.1	Klebsiella phage C2
OR090993.gb	OR090993.1	Klebsiella phage 902
OR090995.gb	OR090995.1	Klebsiella phage 909
OR896820.gb	OR896820.1	Escherichia phage Stokescottia
OR896823.gb	OR896823.1	Escherichia phage NorthRox
OR896828.gb	OR896828.1	Escherichia phage Tuinin
OR997927.gb	OR997927.1	Klebsiella phage vB_KleS_ZH1
OZ418229.gb	OZ418229.1	Escherichia phage Josas_2H4
OZ418230.gb	OZ418230.1	Escherichia phage jv_4E6
OZ418233.gb	OZ418233.1	Escherichia phage ue_4C9
OZ418234.gb	OZ418234.1	Escherichia phage ue_4E6
OZ556245.gb	OZ556245.1	Escherichia phage EPIMAM01
PP566237.gb	PP566237.1	Klebsiella phage vB_XU-P1
PP739164.gb	PP739164.1	Klebsiella phage P39
PP754824.gb	PP754824.1	Escherichia phage J24
PP874908.gb	PP874908.1	Klebsiella phage B_KpuU_PhiKuK6
PP993148.gb	PP993148.2	Klebsiella phage vB_KleM_kp20
PQ037200.gb	PQ037200.1	Escherichia phage vB_EcoS_AMO3640
PQ226819.gb	PQ226819.1	Escherichia phage vB_EcoP_AMO3819-2
PQ226820.gb	PQ226820.1	Escherichia phage vB_Eco_AMO3828
PQ226821.gb	PQ226821.1	Escherichia phage vB_Eco_AMO3826B
PQ249162.gb	PQ249162.1	Klebsiella phage vB_Kpn_Lilla1
PQ249163.gb	PQ249163.1	Klebsiella phage vB_Kpn_Lilla2
PQ305823.gb	PQ305823.1	Klebsiella phage KPW17
PQ306520.gb	PQ306520.1	Klebsiella phage vB_KpnP_BM216IMT13
PQ306521.gb	PQ306521.1	Klebsiella phage vB_KpnP_PKR217IMT14
PQ306522.gb	PQ306522.1	Klebsiella phage vB_KpnP_TAR218IMT15
PQ306523.gb	PQ306523.1	Klebsiella phage vB_KpnP_BEH219IMT16
PQ306524.gb	PQ306524.1	Klebsiella phage vB_KpnP_JH2110IMT17
PQ329252.gb	PQ329252.1	Klebsiella phage vB_XU-P2
PQ338058.gb	PQ338058.1	Klebsiella phage TPL-03
PQ400055.gb	PQ400055.1	Escherichia phage vB_EcoM_PTE-Eco12
PQ400056.gb	PQ400056.1	Escherichia phage vB_EcoM_PTE-Eco22
PQ400057.gb	PQ400057.1	Escherichia phage vB_EcoP_PTE-Eco27
PQ400058.gb	PQ400058.1	Escherichia phage vB_EcoP_PTE-Eco30
PQ400059.gb	PQ400059.1	Escherichia phage vB_EclS_PTE-Ecl03
PQ400060.gb	PQ400060.1	Escherichia phage vB_EclS_PTE-Ecl15
PQ400061.gb	PQ400061.1	Escherichia phage vB_EclS_PTE-Ecl18
PQ400077.gb	PQ400077.1	Klebsiella phage Kiwi
PQ400078.gb	PQ400078.1	Klebsiella phage Pie
PQ400079.gb	PQ400079.1	Klebsiella phage Nika
PQ434564.gb	PQ434564.1	Klebsiella phage P8451
PQ478073.gb	PQ478073.1	Escherichia phage MCEC3
PQ529758.gb	PQ529758.1	Klebsiella phage LK1
PQ621121.gb	PQ621121.1	Klebsiella phage Turmeric
PQ621122.gb	PQ621122.1	Klebsiella phage APV
PQ621123.gb	PQ621123.1	Klebsiella phage ACE
PQ621124.gb	PQ621124.1	Klebsiella phage KL35
PQ621128.gb	PQ621128.1	Klebsiella phage Chai
PQ621129.gb	PQ621129.1	Klebsiella phage LK2
PQ621130.gb	PQ621130.1	Klebsiella phage LK3
PQ621131.gb	PQ621131.1	Klebsiella phage QTY
PQ621132.gb	PQ621132.1	Klebsiella phage Rec
PQ621133.gb	PQ621133.1	Klebsiella phage Beam
PQ628034.gb	PQ628034.1	Klebsiella phage KP02
PQ661787.gb	PQ661787.1	Klebsiella phage Vhagar
PQ661795.gb	PQ661795.1	Klebsiella phage Caraxes
PQ724392.gb	PQ724392.1	Escherichia phage fUAMT1
PQ724393.gb	PQ724393.1	Escherichia phage fDKRT2
PQ724394.gb	PQ724394.1	Escherichia phage fRPOT1
PQ821741.gb	PQ821741.1	Escherichia phage S11
PQ824572.gb	PQ824572.1	Klebsiella phage KPP105
PQ826431.gb	PQ826431.1	Escherichia phage pCABI-SEA001
PV081216.gb	PV081216.1	Klebsiella phage Kpn01BRG
PV081217.gb	PV081217.1	Klebsiella phage Kpn02SCE
PV239574.gb	PV239574.1	Klebsiella phage ATCCa
PV239575.gb	PV239575.1	Klebsiella phage S16a
PV239576.gb	PV239576.1	Klebsiella phage S16c
PV240279.gb	PV240279.1	Klebsiella phage vB_Kpn3619-AFR4
PV240280.gb	PV240280.1	Klebsiella phage EKq2
PV240281.gb	PV240281.1	Klebsiella phage vB_Kpn529046-KEN1821
PV240282.gb	PV240282.1	Klebsiella phage vB_Kpn3619-KEN42
PV287707.gb	PV287707.1	Klebsiella phage UHKP
PV357169.gb	PV357169.1	Escherichia phage vB_Ecoli_HMKU_E2
PV357170.gb	PV357170.1	Escherichia phage vB_Ecoli_HMKU_E4
PV357171.gb	PV357171.2	Escherichia phage vB_Ecoli_HMKU_E5
PV357172.gb	PV357172.2	Escherichia phage vB_Ecoli_HMKU_E6
PV357744.gb	PV357744.1	Klebsiella phage KP0405
PV357745.gb	PV357745.1	Klebsiella phage KP1202
PV357746.gb	PV357746.1	Klebsiella phage KP1203
PV357747.gb	PV357747.1	Klebsiella phage KP1301
PV357748.gb	PV357748.1	Klebsiella phage KP1302
PV357749.gb	PV357749.1	Klebsiella phage KP1402
PV402687.gb	PV402687.1	Klebsiella phage CBB98
PV402688.gb	PV402688.1	Klebsiella phage PNU90
PV402689.gb	PV402689.1	Klebsiella phage BHM14
PV402690.gb	PV402690.1	Klebsiella phage HBM00
PV402691.gb	PV402691.1	Klebsiella phage PTP25
PV402692.gb	PV402692.1	Klebsiella phage TNG87
PV402693.gb	PV402693.1	Klebsiella phage TVB03
PV402694.gb	PV402694.1	Klebsiella phage SEL21
PV402695.gb	PV402695.1	Klebsiella phage AHF00
PV419677.gb	PV419677.1	Escherichia phage fPKPT2
PV467748.gb	PV467748.1	Escherichia phage fBSZT1
PV467749.gb	PV467749.1	Escherichia phage fDMYT1
PV506378.gb	PV506378.1	Klebsiella phage Silvester
PV615262.gb	PV615262.1	Escherichia phage vB_Eco_01KA
PV683289.gb	PV683289.1	Klebsiella phage HMGUkp1
PV683290.gb	PV683290.1	Klebsiella phage HMGUkp3
PV683291.gb	PV683291.1	Klebsiella phage HMGUkp4
PV683292.gb	PV683292.1	Klebsiella phage HMGUkp2
PV683293.gb	PV683293.1	Klebsiella phage HMGUkp5
PV702341.gb	PV702341.1	Klebsiella phage PKP_Kh11
PV702342.gb	PV702342.1	Klebsiella phage PKP_K9
PV730299.gb	PV730299.1	Escherichia phage vB_EcoM_32M3Y
PV730300.gb	PV730300.1	Escherichia phage vB_EcoM_3BB6Y
PV730301.gb	PV730301.1	Escherichia phage vB_EcoS_CRE5643Y
PV730302.gb	PV730302.1	Escherichia phage vB_EcoM_S17S
PV759140.gb	PV759140.1	Klebsiella phage vB_KpnLmqsRe28-2
PV784030.gb	PV784030.1	Klebsiella phage Kp1Bj_HH11_M23
PV784031.gb	PV784031.1	Klebsiella phage Kp2Bj_LN294_M23
PV784032.gb	PV784032.1	Klebsiella phage Kp10Bj_LN54_14
PV833077.gb	PV833077.1	Klebsiella phage vB_KpnP_KM2
PV833090.gb	PV833090.1	Klebsiella phage KP1-2
PV833091.gb	PV833091.1	Klebsiella phage KP4-p3
PV833092.gb	PV833092.1	Klebsiella phage KP4-p4
PV833093.gb	PV833093.1	Klebsiella phage KP3-p1
PV833094.gb	PV833094.1	Klebsiella phage KP3-p5
PV833095.gb	PV833095.1	Klebsiella phage KP1-p1
PV854167.gb	PV854167.1	Klebsiella phage RCIP0133
PV854168.gb	PV854168.1	Klebsiella phage RCIP0140
PV854169.gb	PV854169.1	Klebsiella phage RCIP0141
PV854170.gb	PV854170.1	Klebsiella phage RCIP0152
PV854171.gb	PV854171.1	Klebsiella phage RCIP0153
PV854172.gb	PV854172.1	Klebsiella phage RCIP0154
PV854173.gb	PV854173.1	Klebsiella phage RCIP0157
PV854174.gb	PV854174.1	Klebsiella phage RCIP0165
PV854175.gb	PV854175.1	Klebsiella phage RCIP0174
PV854176.gb	PV854176.1	Klebsiella phage RCIP0210
PV854177.gb	PV854177.1	Klebsiella phage RCIP0213
PV854178.gb	PV854178.1	Klebsiella phage RCIP0215
PV854179.gb	PV854179.1	Klebsiella phage RCIP0226
PV854180.gb	PV854180.1	Klebsiella phage RCIP0229
PV854181.gb	PV854181.1	Klebsiella phage RCIP0234
PV871781.gb	PV871781.1	Escherichia phage CP-p-EC-23045
PV871782.gb	PV871782.1	Escherichia phage CP-p-EC-23052
PV871783.gb	PV871783.1	Escherichia phage CP-p-EC-23062
PV871784.gb	PV871784.1	Klebsiella phage CP-p-KP-21129
PV872879.gb	PV872879.1	Klebsiella phage vB_KpnP_ZH4
PV889368.gb	PV889368.1	Escherichia phage vB-EcoP-B10
PV893054.gb	PV893054.1	Klebsiella phage vB_KpBD_211
PV904160.gb	PV904160.1	Klebsiella phage SAKp10309
PV920691.gb	PV920691.1	Escherichia phage vB_EcoM_ED
PV933828.gb	PV933828.1	Klebsiella phage BIV-G10
PV933829.gb	PV933829.1	Klebsiella phage BEE3fp
PV933830.gb	PV933830.1	Klebsiella phage BEV19
PV946933.gb	PV946933.1	Escherichia phage vB_EcoM_51
PV948520.gb	PV948520.1	Klebsiella phage LAL023
PV963843.gb	PV963843.1	Klebsiella phage THK_07
PV963844.gb	PV963844.1	Klebsiella phage THQ_07
PV976138.gb	PV976138.1	Klebsiella phage vB_KpnS_DK05
PV976807.gb	PV976807.1	Escherichia phage KKE8S
PV976808.gb	PV976808.1	Escherichia phage KKE16M
PV979949.gb	PV979949.1	Escherichia phage C-a_RBW-1
PV987926.gb	PV987926.1	Klebsiella phage JAB13
PX021331.gb	PX021331.1	Escherichia phage Serwaa
PX024856.gb	PX024856.1	Escherichia phage SF-E1
PX050470.gb	PX050470.1	Escherichia phage SF-E2
PX060898.gb	PX060898.1	Klebsiella phage vB_Kpn_CuaMUT1
PX060899.gb	PX060899.1	Klebsiella phage vB_Kpn_CuaMUT2
PX060900.gb	PX060900.1	Klebsiella phage vB_Kpn_CuaHET1
PX060901.gb	PX060901.1	Klebsiella phage vB_Kpn_CuaHET2
PX060902.gb	PX060902.1	Klebsiella phage vB_Kpn_CuaREV1
PX060903.gb	PX060903.1	Klebsiella phage vB_Kpn_CuaREV2
PX068454.gb	PX068454.1	Escherichia phage ECP2306
PX068455.gb	PX068455.1	Escherichia phage ECP2308
PX068456.gb	PX068456.1	Escherichia phage ECP2402
PX093639.gb	PX093639.1	Klebsiella phage Skif1059
PX116399.gb	PX116399.1	Escherichia phage Eco-MTCMU-01
PX120903.gb	PX120903.1	Klebsiella phage CP-p-KP-21067
PX120904.gb	PX120904.1	Klebsiella phage CP-p-KP-23199
PX120905.gb	PX120905.1	Klebsiella phage CP-p-KP-23240
PX123545.gb	PX123545.2	Escherichia phage vB_EcoP_SSK1
PX130993.gb	PX130993.1	Klebsiella phage Tiddis_DM1
PX130994.gb	PX130994.1	Klebsiella phage Tiddis_DM4
PX130995.gb	PX130995.1	Klebsiella phage HBM_JD1
PX130996.gb	PX130996.1	Klebsiella phage HBM_JD4
PX130997.gb	PX130997.1	Klebsiella phage Elbey
PX130998.gb	PX130998.1	Klebsiella phage Ahagar
PX130999.gb	PX130999.1	Klebsiella phage Kettania
PX131000.gb	PX131000.1	Klebsiella phage Tissira
PX131001.gb	PX131001.1	Klebsiella phage Hogar
PX131002.gb	PX131002.1	Klebsiella phage Ksemtina
PX131003.gb	PX131003.1	Klebsiella phage Wancharis
PX131004.gb	PX131004.1	Klebsiella phage Awras
PX131005.gb	PX131005.1	Klebsiella phage Cirta
PX132329.gb	PX132329.1	Klebsiella phage P788
PX132331.gb	PX132331.1	Klebsiella phage Soup
PX132334.gb	PX132334.1	Escherichia phage Swabian
PX132564.gb	PX132564.1	Escherichia phage vB_Eco_ppH1
PX147793.gb	PX147793.1	Escherichia phage HMGUetec1
PX170208.gb	PX170208.1	Klebsiella phage EPM-Kp1
PX206436.gb	PX206436.1	Klebsiella phage vB_KpnS_CHNYNDL1
PX216937.gb	PX216937.1	Escherichia phage HN6
PX226559.gb	PX226559.1	Klebsiella phage vB_KpnC_Pkp233
PX241558.gb	PX241558.1	Klebsiella phage ZBNAB01
PX246280.gb	PX246280.1	Klebsiella phage vB_KpnM_KM1
PX246281.gb	PX246281.1	Klebsiella phage vB_KpnM_KM4
PX246282.gb	PX246282.1	Klebsiella phage vB_KaeP_KM5
PX260882.gb	PX260882.1	Escherichia phage UHP103
PX275746.gb	PX275746.1	Klebsiella phage vB_KaeP_KM6
PX282428.gb	PX282428.1	Escherichia phage HME2
PX283063.gb	PX283063.1	Klebsiella phage KPP-X1
PX289533.gb	PX289533.1	Klebsiella phage KLEO7
PX306536.gb	PX306536.1	Escherichia phage PRD1-C1
PX309103.gb	PX309103.1	Escherichia phage vB_EcoP_PC5
PX315802.gb	PX315802.1	Klebsiella phage FKAN
PX315803.gb	PX315803.1	Klebsiella phage KLEO13
PX315804.gb	PX315804.1	Klebsiella phage KLEO1
PX375235.gb	PX375235.1	Escherichia phage biotsu
PX375236.gb	PX375236.1	Escherichia phage silpakorn
PX375237.gb	PX375237.1	Escherichia phage pathom
PX375238.gb	PX375238.1	Escherichia phage suisiam
PX393108.gb	PX393108.1	Escherichia phage Inksom_phi25-6
PX393109.gb	PX393109.1	Escherichia phage Inksom_phi25-4
PX393110.gb	PX393110.1	Escherichia phage Inksom_phi50-4
PX400593.gb	PX400593.1	Klebsiella phage KpnB27
PX402465.gb	PX402465.1	Escherichia phage RSB01
PX402466.gb	PX402466.1	Escherichia phage RSB02
PX402467.gb	PX402467.1	Escherichia phage RSB03
PX402468.gb	PX402468.1	Escherichia phage RSB04
PX404940.gb	PX404940.1	Klebsiella phage vb_KP80
PX405662.gb	PX405662.1	Escherichia phage Junood_PK2
PX405663.gb	PX405663.1	Escherichia phage Junood_PK1
PX411090.gb	PX411090.1	Klebsiella phage MAB2
PX411091.gb	PX411091.1	Klebsiella phage MAB5
PX411280.gb	PX411280.1	Klebsiella phage CP-p-KP-22161
PX412413.gb	PX412413.1	Klebsiella phage vB_KM5a1-KLB17
PX413393.gb	PX413393.1	Klebsiella phage vb_KPT2
PX418213.gb	PX418213.1	Escherichia phage S3.1.1
PX418922.gb	PX418922.1	Escherichia phage Junood_PK_3
PX418923.gb	PX418923.1	Escherichia phage Junood_PK_4
PX418924.gb	PX418924.1	Escherichia phage Junood_PK_5
PX421306.gb	PX421306.1	Escherichia phage ECL1
PX446291.gb	PX446291.1	Klebsiella phage Junood_PK1
PX502229.gb	PX502229.1	Klebsiella phage EPM-Kp3
PX502230.gb	PX502230.1	Klebsiella phage EPM-Kp4
PX502231.gb	PX502231.1	Klebsiella phage EPM-Kp5
PX502232.gb	PX502232.1	Klebsiella phage EPM-Kp6
PX502233.gb	PX502233.1	Klebsiella phage EPM-Kp7
PX502234.gb	PX502234.1	Klebsiella phage EPM-Kp8
PX502235.gb	PX502235.1	Klebsiella phage EPM-Kp9
PX502236.gb	PX502236.1	Klebsiella phage EPM-Kp10
PX502237.gb	PX502237.1	Klebsiella phage EPM-Kp11
PX502238.gb	PX502238.1	Klebsiella phage EPM-Kp12
PX502239.gb	PX502239.1	Klebsiella phage EPM-Kp13
PX502240.gb	PX502240.1	Klebsiella phage EPM-Kp14
PX502241.gb	PX502241.1	Klebsiella phage EPM-Kp16
PX502242.gb	PX502242.1	Klebsiella phage EPM-Kp17
PX502243.gb	PX502243.1	Klebsiella phage EPM-Kp18
PX502244.gb	PX502244.1	Klebsiella phage EPM-Kp20
PX502245.gb	PX502245.1	Klebsiella phage EPM-Kp24
PX502246.gb	PX502246.1	Klebsiella phage EPM-Kp15
PX502247.gb	PX502247.1	Klebsiella phage EPM-Kp19
PX502248.gb	PX502248.1	Klebsiella phage EPM-Kp21
PX502249.gb	PX502249.1	Klebsiella phage EPM-Kp23
PX502250.gb	PX502250.1	Klebsiella phage EPM-Kp22
PX502252.gb	PX502252.1	Escherichia phage MECP43
PX514237.gb	PX514237.1	Escherichia phage EPIMAM03
PX516694.gb	PX516694.1	Escherichia phage OLB156
PX521586.gb	PX521586.1	Escherichia phage vB_EcoA_1D1
PX521587.gb	PX521587.1	Escherichia phage vB_EcoA_3D2
PX521588.gb	PX521588.1	Escherichia phage vB_EcoA_8D1
PX529439.gb	PX529439.1	Klebsiella phage vB_KpnP_KS2
PX550015.gb	PX550015.1	Klebsiella phage TO-Kpn123
PX550016.gb	PX550016.1	Klebsiella phage ES-Kpn13
PX550017.gb	PX550017.1	Klebsiella phage EP-Kpn120
PX550018.gb	PX550018.1	Klebsiella phage EB-Kpn129
PX557717.gb	PX557717.1	Klebsiella phage KpS7
PX572931.gb	PX572931.1	Escherichia phage Tiny
PX577203.gb	PX577203.1	Klebsiella phage vB_Kpn_18-1
PX583170.gb	PX583170.1	Escherichia phage vB-EcoM-Eg05
PX586628.gb	PX586628.1	Escherichia phage BorMax
PX596819.gb	PX596819.2	Escherichia phage vB_EcoP_PPW10
PX620741.gb	PX620741.1	Escherichia phage vB_BS-2
PX620742.gb	PX620742.1	Escherichia phage vB_ECC-2
PX630711.gb	PX630711.1	Klebsiella phage Artin
PX630756.gb	PX630756.1	Escherichia phage EcoFZ-93
PX641096.gb	PX641096.1	Klebsiella phage vB_kpnP_ZB27
PX645697.gb	PX645697.1	Escherichia phage vB_EcoP_ZCEC16
PX651718.gb	PX651718.1	Escherichia phage vB_EcoM_D15
PX651778.gb	PX651778.1	Klebsiella phage PKP-2
PX655591.gb	PX655591.1	Escherichia phage vB_EcoP_ZCEC17
PX666696.gb	PX666696.1	Klebsiella phage KP_NC20
PX667085.gb	PX667085.1	Escherichia phage vB_EcoM_PPW9
PX667728.gb	PX667728.1	Escherichia phage NL42
PX670367.gb	PX670367.1	Klebsiella phage vB_KpnS_P10HW
PX670388.gb	PX670388.1	Klebsiella phage RSU-219-1F10
PX670389.gb	PX670389.1	Klebsiella phage RSU-219-2F6
PX670390.gb	PX670390.1	Klebsiella phage RSU-F10L
PX670391.gb	PX670391.1	Klebsiella phage RSU-F1K1
PX670392.gb	PX670392.1	Klebsiella phage RSU-F1K2
PX670393.gb	PX670393.1	Klebsiella phage RSU-F2K2-2
PX670394.gb	PX670394.1	Klebsiella phage RSU-F3B1
PX670395.gb	PX670395.1	Klebsiella phage RSU-F4B3
PX670396.gb	PX670396.1	Klebsiella phage RSU-F4K3
PX670397.gb	PX670397.1	Klebsiella phage RSU-F4K4-1
PX670398.gb	PX670398.1	Klebsiella phage RSU-F4K4-2
PX670399.gb	PX670399.1	Klebsiella phage RSU-F4L
PX670400.gb	PX670400.1	Klebsiella phage RSU-F5L3
PX670401.gb	PX670401.1	Klebsiella phage RSU-F6K4
PX670402.gb	PX670402.1	Klebsiella phage RSU-F6L1
PX670403.gb	PX670403.1	Klebsiella phage RSU-F6R1
PX670404.gb	PX670404.1	Klebsiella phage RSU-F6R3
PX670405.gb	PX670405.1	Klebsiella phage RSU-F7K6
PX670406.gb	PX670406.1	Klebsiella phage RSU-F8R5
PX670407.gb	PX670407.1	Klebsiella phage RSU-F9L
PX670408.gb	PX670408.1	Klebsiella phage RSU-phaG4
PX670409.gb	PX670409.1	Klebsiella phage RSU-phaK5
PX670410.gb	PX670410.1	Klebsiella phage RSU-phaL3-1
PX670411.gb	PX670411.1	Klebsiella phage RSU-phaL3-2
PX670412.gb	PX670412.1	Klebsiella phage RSU-phaR4
PX670413.gb	PX670413.1	Klebsiella phage RSU-phaWit
PX670414.gb	PX670414.1	Klebsiella phage RSU-phaZ12-1
PX670415.gb	PX670415.1	Klebsiella phage RSU-phaZ12-2
PX670417.gb	PX670417.1	Escherichia phage P1-MG1655
PX673861.gb	PX673861.1	Escherichia phage KEC4
PX674087.gb	PX674087.1	Klebsiella phage PK38
PX682545.gb	PX682545.1	Escherichia phage phiEco73
PX693206.gb	PX693206.1	Klebsiella phage XDRKpn-3
PX694288.gb	PX694288.1	Klebsiella phage Junood_PK3
PX694289.gb	PX694289.1	Klebsiella phage Junood_PK2
PX694290.gb	PX694290.1	Klebsiella phage Junood_PK4
PX694292.gb	PX694292.1	Klebsiella phage Junood_PK5
PX694411.gb	PX694411.1	Klebsiella phage vB_Kpn101683-EKp159
PX694412.gb	PX694412.1	Klebsiella phage vB_Kpn101683-EKp160
PX694413.gb	PX694413.1	Klebsiella phage vB_Kpn102803-EKp162
PX694414.gb	PX694414.1	Klebsiella phage vB_Kpn106667-EKp167
PX694415.gb	PX694415.1	Klebsiella phage vB_Kpn106667-EKp168
PX694416.gb	PX694416.1	Klebsiella phage vB_Kpn107119-EKp172
PX694417.gb	PX694417.1	Klebsiella phage vB_Kpn107119-EKp173
PX694418.gb	PX694418.1	Klebsiella phage vB_Kpn107743-EKp166
PX694419.gb	PX694419.1	Klebsiella phage vB_Kpn18776-EKp44
PX694420.gb	PX694420.1	Klebsiella phage vB_Kpn27617-EKp55
PX694421.gb	PX694421.1	Klebsiella phage vB_Kpn419800-EKp24
PX694422.gb	PX694422.1	Klebsiella phage vB_Kpn430405-EKp91
PX694423.gb	PX694423.1	Klebsiella phage vB_Kpn508238-EKp110
PX694424.gb	PX694424.1	Klebsiella phage vB_Kpn517281-EKp181
PX694425.gb	PX694425.1	Klebsiella phage vB_Kpn533757-EKp119
PX694426.gb	PX694426.1	Klebsiella phage vB_Kpn533757-EKp38
PX694427.gb	PX694427.1	Klebsiella phage vB_Kpn546043-EKp39
PX694428.gb	PX694428.1	Klebsiella phage vB_Kpn582610-EKp146
PX694429.gb	PX694429.1	Klebsiella phage vB_Kpn9997-EKp2
PX694431.gb	PX694431.1	Klebsiella phage vB_Kp_HW01
PX694432.gb	PX694432.1	Klebsiella phage vB_kpn_Qh5836
PX705375.gb	PX705375.1	Escherichia phage CF03
PX705504.gb	PX705504.1	Escherichia phage Esp01
PX705505.gb	PX705505.1	Escherichia phage ESP02
PX718917.gb	PX718917.1	Escherichia phage ML-1
PX718918.gb	PX718918.1	Escherichia phage ML-3
PX725530.gb	PX725530.1	Klebsiella phage SW04
PX733326.gb	PX733326.1	Klebsiella phage CP-p-KP-21008
PX741045.gb	PX741045.1	Escherichia phage A4.3
PX741046.gb	PX741046.1	Escherichia phage L73
PX741047.gb	PX741047.1	Escherichia phage PG3
PX741096.gb	PX741096.1	Escherichia phage BpE1AUH
PX759567.gb	PX759567.1	Escherichia phage Huge
PX759568.gb	PX759568.1	Escherichia phage Rep13-52
PX764163.gb	PX764163.1	Klebsiella phage vB_KquP_T1
PX787811.gb	PX787811.1	Escherichia phage vB_EcoM_G9X
PX828365.gb	PX828365.1	Klebsiella phage KpnYz5
PX833358.gb	PX833358.1	Klebsiella phage RCIP0115
PX833359.gb	PX833359.1	Klebsiella phage RCIP0119
PX833360.gb	PX833360.1	Klebsiella phage RCIP0120
PX833361.gb	PX833361.1	Klebsiella phage RCIP0121
PX833362.gb	PX833362.1	Klebsiella phage RCIP0122
PX833363.gb	PX833363.1	Klebsiella phage RCIP0134
PX833364.gb	PX833364.1	Klebsiella phage RCIP0135
PX833365.gb	PX833365.1	Klebsiella phage RCIP0136
PX833366.gb	PX833366.1	Klebsiella phage RCIP0137
PX833367.gb	PX833367.1	Klebsiella phage RCIP0138
PX833368.gb	PX833368.1	Klebsiella phage RCIP0150
PX833369.gb	PX833369.1	Klebsiella phage RCIP0167
PX833370.gb	PX833370.1	Klebsiella phage RCIP0187
PX833371.gb	PX833371.1	Klebsiella phage RCIP0189
PX833372.gb	PX833372.1	Klebsiella phage RCIP0192
PX833373.gb	PX833373.1	Klebsiella phage RCIP0193
PX833374.gb	PX833374.1	Klebsiella phage RCIP0194
PX833375.gb	PX833375.1	Klebsiella phage RCIP0195
PX833376.gb	PX833376.1	Klebsiella phage RCIP0201
PX833377.gb	PX833377.1	Klebsiella phage RCIP0206
PX833378.gb	PX833378.1	Klebsiella phage RCIP0207
PX833379.gb	PX833379.1	Klebsiella phage RCIP1866
PX842581.gb	PX842581.1	Escherichia phage SF-E5
PX842722.gb	PX842722.1	Klebsiella phage Henu-K20018
PX843005.gb	PX843005.1	Klebsiella phage Junood_PK6
PX848766.gb	PX848766.1	Escherichia phage PEC-36
PX853108.gb	PX853108.1	Escherichia phage ML-2
PX853812.gb	PX853812.1	Escherichia phage SF-E4
PX854695.gb	PX854695.1	Escherichia phage vB_EcoP_P3BB5B
PX854696.gb	PX854696.1	Escherichia phage vB_EcoP_P3BB7B
PX854697.gb	PX854697.1	Escherichia phage vB_EcoP_PED39_1PT
PX866606.gb	PX866606.1	Klebsiella phage Crius
PX871047.gb	PX871047.1	Escherichia phage vB_EcoS-Vi12
PX871048.gb	PX871048.2	Escherichia phage vB_EcoS-NB10
PX872123.gb	PX872123.1	Klebsiella phage KP5P1
PX872124.gb	PX872124.1	Klebsiella phage KP5P3
PX872915.gb	PX872915.1	Klebsiella phage CP-p-KP-22142
PX872917.gb	PX872917.1	Klebsiella phage KP-D-4
PX872919.gb	PX872919.1	Klebsiella phage CP-p-KP-21005
PX872920.gb	PX872920.1	Klebsiella phage CP-p-KP-21065
PX872921.gb	PX872921.1	Klebsiella phage CP-p-KP-21107
PX872922.gb	PX872922.1	Klebsiella phage CP-p-KP-22145
PX872923.gb	PX872923.1	Klebsiella phage CP-p-KP-23208
PX880098.gb	PX880098.1	Escherichia phage Taldykol
PX880099.gb	PX880099.1	Escherichia phage Aidakhar
PX880100.gb	PX880100.1	Escherichia phage Samruk
PX880101.gb	PX880101.1	Escherichia phage Baiterek
PX880102.gb	PX880102.1	Escherichia phage Tulpar
PX880103.gb	PX880103.1	Escherichia phage Shurale
PX880621.gb	PX880621.1	Klebsiella phage KP-D-5
PX880622.gb	PX880622.1	Klebsiella phage CP-p-KP-25289
PX904472.gb	PX904472.1	Klebsiella phage vB_KpnM_MUC347
PX904473.gb	PX904473.1	Klebsiella phage vB_KpnS_MUC343
PX904585.gb	PX904585.1	Escherichia phage vB_EOP_Se017
PX904586.gb	PX904586.1	Escherichia phage vB_EOP_Se009
PX904587.gb	PX904587.1	Escherichia phage vB_EOP_Se004
PX906587.gb	PX906587.1	Klebsiella phage KP47
PX907400.gb	PX907400.1	Escherichia phage CUTI
PX907401.gb	PX907401.1	Escherichia phage Char1o2
PX907402.gb	PX907402.1	Escherichia phage Char4.1C
PX907403.gb	PX907403.1	Escherichia phage Char3.1A
PX907404.gb	PX907404.1	Escherichia phage Arnold
PX907427.gb	PX907427.1	Escherichia phage vB_SEC_3
PX908296.gb	PX908296.1	Klebsiella phage K1_1
PX908297.gb	PX908297.1	Klebsiella phage K1_4
PX908298.gb	PX908298.1	Klebsiella phage K30_1
PX908299.gb	PX908299.1	Klebsiella phage K30_2
PX908300.gb	PX908300.1	Klebsiella phage K30_3
PX908301.gb	PX908301.1	Klebsiella phage K30_4
PX915622.gb	PX915622.1	Klebsiella phage Kp84S
PX915625.gb	PX915625.1	Klebsiella phage KP7P9
PX915672.gb	PX915672.1	Klebsiella phage phi1_146011
PX915673.gb	PX915673.1	Klebsiella phage phi1_146012
PX915674.gb	PX915674.1	Klebsiella phage phi1_146016
PX915675.gb	PX915675.1	Klebsiella phage phi1_146014
PX915676.gb	PX915676.1	Escherichia phage vB_EcoP_PhiSG_Ec3
PX915677.gb	PX915677.1	Escherichia phage vB_EcoP_PhiSG_Ec2
PX915678.gb	PX915678.1	Escherichia phage vB_EcoM_PhiSG_Ec1
PX922076.gb	PX922076.1	Escherichia phage ThamKa
PX930192.gb	PX930192.1	Escherichia phage Doce
PX930851.gb	PX930851.1	Escherichia phage vB_Eco_EFF11A
PX930852.gb	PX930852.1	Escherichia phage vB_Eco_INF11
PX930853.gb	PX930853.1	Escherichia phage vB_Eco_EUR32
PX930854.gb	PX930854.1	Escherichia phage vB_Eco_EFF13
PX943615.gb	PX943615.1	Klebsiella phage Henu16
PX943720.gb	PX943720.1	Klebsiella phage RAN69
PX943856.gb	PX943856.1	Escherichia phage vB_EcoM-RPN242-TrD10
PX946034.gb	PX946034.1	Klebsiella phage TRK61
PX946180.gb	PX946180.1	Escherichia phage EcoFZ-31
PX962436.gb	PX962436.1	Escherichia phage vB_EcS_Jnl-01
PX969075.gb	PX969075.1	Escherichia phage mEp409
PX969080.gb	PX969080.1	Klebsiella phage PK9
PX969468.gb	PX969468.1	Escherichia phage KN30
PX974237.gb	PX974237.1	Escherichia phage vB_EcoS_GZMU_EI9
PX974239.gb	PX974239.1	Klebsiella phage phi1_066047
PX974311.gb	PX974311.1	Klebsiella phage SAKp26.2
PX974331.gb	PX974331.1	Klebsiella phage vB_KpnP_ZCKP10
PX974332.gb	PX974332.1	Klebsiella phage CP-p-KP-22185
PX974333.gb	PX974333.1	Klebsiella phage CP-p-KP-23232
PX979744.gb	PX979744.1	Klebsiella phage vB_KpaP_0.5-6
PX979745.gb	PX979745.1	Klebsiella phage vB_KpaP_1-8
PX979746.gb	PX979746.1	Klebsiella phage vB_KpaM_pL
PX985120.gb	PX985120.1	Escherichia phage Pal001
PX985121.gb	PX985121.1	Escherichia phage Pal002
PX985122.gb	PX985122.1	Escherichia phage Pal003
PX985123.gb	PX985123.1	Escherichia phage Pal004
PX985124.gb	PX985124.1	Escherichia phage Pal005
PX985125.gb	PX985125.1	Escherichia phage Pal006
PX985126.gb	PX985126.1	Escherichia phage Pal007
PX985127.gb	PX985127.1	Escherichia phage Pal008
PX985128.gb	PX985128.1	Escherichia phage Pal009
PX985129.gb	PX985129.1	Escherichia phage Pal010
PX985130.gb	PX985130.1	Escherichia phage Pal011
PX985131.gb	PX985131.1	Escherichia phage Pal012
PX985132.gb	PX985132.1	Escherichia phage Pal013
PX985795.gb	PX985795.1	Escherichia phage vB-EcoS_149-4M
PX985796.gb	PX985796.1	Escherichia phage vB-EcoS_149-6D
PX985797.gb	PX985797.1	Escherichia phage vB-EcoS_164-2
PX985798.gb	PX985798.1	Escherichia phage vB-EcoS_179-3
PX985799.gb	PX985799.1	Escherichia phage vB-EcoP_179-5
PX994957.gb	PX994957.1	Escherichia phage vB_EcoM-DCSW23lw
PX997131.gb	PX997131.1	Klebsiella phage Ptero
PZ000613.gb	PZ000613.1	Escherichia phage EcoFZ-54S4
PZ000615.gb	PZ000615.1	Escherichia phage vB_EcoM_Ww_Az2
PZ000751.gb	PZ000751.1	Klebsiella phage PKG
PZ000752.gb	PZ000752.1	Klebsiella phage PKS
PZ012685.gb	PZ012685.1	Escherichia phage vB_EcoM_Beqaa
PZ019082.gb	PZ019082.1	Escherichia phage Ayan
PZ019083.gb	PZ019083.1	Escherichia phage Azraf
PZ019084.gb	PZ019084.1	Escherichia phage Rayhan
PZ019085.gb	PZ019085.1	Escherichia phage Anabia
PZ019086.gb	PZ019086.1	Escherichia phage Wasif
PZ022450.gb	PZ022450.1	Klebsiella phage EGYARMY-RLEUH01
PZ026127.gb	PZ026127.1	Escherichia phage EC-2-32-1
PZ027503.gb	PZ027503.1	Escherichia phage ETEC-S3
PZ036784.gb	PZ036784.1	Klebsiella phage P1524
PZ049337.gb	PZ049337.1	Escherichia phage EC1KC
PZ049338.gb	PZ049338.1	Escherichia phage EC3KM
PZ049694.gb	PZ049694.1	Escherichia phage MEC7
PZ050807.gb	PZ050807.1	Escherichia phage KBU_SV1
PZ050808.gb	PZ050808.1	Klebsiella phage KBU_SV2
PZ053912.gb	PZ053912.1	Escherichia phage phiM
PZ055531.gb	PZ055531.1	Klebsiella phage 2024.TE.12362
PZ055532.gb	PZ055532.1	Klebsiella phage 2024.TE.12363
PZ055533.gb	PZ055533.1	Klebsiella phage 2024.TE.12364
PZ055534.gb	PZ055534.1	Klebsiella phage 2024.TE.12365
PZ055535.gb	PZ055535.1	Klebsiella phage 2024.TE.12369
PZ055536.gb	PZ055536.1	Klebsiella phage 2024.TE.12370
PZ055537.gb	PZ055537.1	Klebsiella phage 2024.TE.12371
PZ055538.gb	PZ055538.1	Klebsiella phage 2024.TE.12372
PZ091928.gb	PZ091928.1	Klebsiella phage KPTJT11
PZ091942.gb	PZ091942.1	Escherichia phage vB_EcoP_P61425
PZ099670.gb	PZ099670.1	Klebsiella phage SLAM_phiKP05
PZ099671.gb	PZ099671.1	Klebsiella phage SLAM_phiKP14
PZ103638.gb	PZ103638.1	Klebsiella phage THK_01
PZ103639.gb	PZ103639.1	Klebsiella phage THK_05
PZ103640.gb	PZ103640.1	Klebsiella phage THK_16
PZ103641.gb	PZ103641.1	Klebsiella phage THQ_05
PZ103642.gb	PZ103642.1	Klebsiella phage THQ_12
PZ103643.gb	PZ103643.1	Klebsiella phage THQ_16
PZ103644.gb	PZ103644.1	Klebsiella phage THQ_17
PZ103645.gb	PZ103645.1	Klebsiella phage THK_08_1
PZ103646.gb	PZ103646.1	Klebsiella phage THK_18
PZ103647.gb	PZ103647.1	Klebsiella phage THQ_03
PZ105927.gb	PZ105927.1	Klebsiella phage F8_1
PZ137471.gb	PZ137471.1	Escherichia phage vB_Eco_SF1
PZ149775.gb	PZ149775.1	Klebsiella phage 1132
PZ150740.gb	PZ150740.1	Escherichia phage phiEco213
PZ150741.gb	PZ150741.1	Escherichia phage phiEco212
PZ151113.gb	PZ151113.1	Escherichia phage T7
PZ151149.gb	PZ151149.1	Escherichia phage Vb_EcoM_P9
PZ154895.gb	PZ154895.1	Escherichia phage YNL1
PZ154896.gb	PZ154896.1	Escherichia phage YNL6
PZ154897.gb	PZ154897.1	Escherichia phage YNS4.1.2
PZ155155.gb	PZ155155.1	Klebsiella phage Round
PZ156440.gb	PZ156440.1	Klebsiella phage phi1_205001
PZ156441.gb	PZ156441.1	Klebsiella phage phi1_205002
PZ156442.gb	PZ156442.1	Klebsiella phage phi1_205003
PZ156443.gb	PZ156443.1	Klebsiella phage phi1_205004
PZ156444.gb	PZ156444.1	Klebsiella phage phi1_205005
PZ156445.gb	PZ156445.1	Klebsiella phage phi1_205006
PZ156446.gb	PZ156446.1	Klebsiella phage phi1_205007
PZ156447.gb	PZ156447.1	Klebsiella phage phi1_205008
PZ166041.gb	PZ166041.1	Klebsiella phage Cronus
PZ166175.gb	PZ166175.1	Escherichia phage P66
PZ166176.gb	PZ166176.1	Escherichia phage vECPPW15
PZ166661.gb	PZ166661.1	Escherichia phage vB_EcoA_HE1
PZ168289.gb	PZ168289.1	Escherichia phage vB_EcoP_D1
PZ168308.gb	PZ168308.1	Klebsiella phage PL3
PZ168832.gb	PZ168832.1	Escherichia phage EHEC-B
PZ169089.gb	PZ169089.1	Klebsiella phage FKP22
PZ169090.gb	PZ169090.1	Klebsiella phage FKP08
PZ171032.gb	PZ171032.1	Escherichia phage 5537
PZ171033.gb	PZ171033.1	Escherichia phage 5538_ALONE
PZ171034.gb	PZ171034.1	Escherichia phage 5538_NON_ALONE
PZ171035.gb	PZ171035.1	Escherichia phage phago12
PZ172995.gb	PZ172995.1	Escherichia phage ECMO
PZ179880.gb	PZ179880.1	Escherichia phage vB_Eco_240069
PZ179881.gb	PZ179881.1	Escherichia phage vB_Eco_25005
PZ179882.gb	PZ179882.1	Escherichia phage vB_Eco_W26B
PZ179883.gb	PZ179883.1	Escherichia phage vB_Eco_W22
PZ179884.gb	PZ179884.1	Escherichia phage vB_Eco_2E
PZ179885.gb	PZ179885.1	Escherichia phage vB_Eco_ec9-1
PZ179894.gb	PZ179894.1	Klebsiella phage vB_Kpn_03W3
PZ179895.gb	PZ179895.1	Klebsiella phage vB_Kpn_04W8-1
PZ179896.gb	PZ179896.1	Klebsiella phage vB_Kpn_04W14
PZ179897.gb	PZ179897.1	Klebsiella phage vB_Kpn_05W8
PZ179898.gb	PZ179898.1	Klebsiella phage vB_Kpn_08W2
PZ179899.gb	PZ179899.1	Klebsiella phage vB_Kpn_08W3
PZ179900.gb	PZ179900.1	Klebsiella phage vB_Kpn_08W9
PZ179901.gb	PZ179901.1	Klebsiella phage vB_Kpn_09W9
PZ195872.gb	PZ195872.1	Klebsiella phage vB_KpnS_ZCKP09
PZ212788.gb	PZ212788.1	Escherichia phage 5540
PZ223989.gb	PZ223989.1	Escherichia phage vB_EcoS_QH04
PZ223990.gb	PZ223990.1	Escherichia phage vB_EcoS_QH05
PZ227171.gb	PZ227171.1	Klebsiella phage Kp_AHMU1
PZ228299.gb	PZ228299.1	Klebsiella phage BMBo_KpP_016
PZ229304.gb	PZ229304.1	Escherichia phage UCS37C2_1
PZ233468.gb	PZ233468.1	Klebsiella phage Atkp001
PZ233469.gb	PZ233469.1	Klebsiella phage Atkp004
PZ233470.gb	PZ233470.1	Klebsiella phage Atkp006
PZ233471.gb	PZ233471.1	Klebsiella phage Atkp007
PZ233472.gb	PZ233472.1	Klebsiella phage Atkp008
PZ233473.gb	PZ233473.1	Klebsiella phage Atkp009
PZ233474.gb	PZ233474.1	Klebsiella phage Atkp010
PZ233475.gb	PZ233475.1	Klebsiella phage Atkp012
PZ233476.gb	PZ233476.1	Klebsiella phage Atkp014
PZ233477.gb	PZ233477.1	Klebsiella phage Atkp015
PZ233478.gb	PZ233478.1	Klebsiella phage Atkp016
PZ239912.gb	PZ239912.1	Escherichia phage i11m
PZ239913.gb	PZ239913.1	Escherichia phage Ecol_96
PZ239914.gb	PZ239914.1	Escherichia phage Ecol_81
PZ239915.gb	PZ239915.1	Escherichia phage Ecol_54
PZ242037.gb	PZ242037.1	Klebsiella phage vB.Kpn.Y10
PZ242158.gb	PZ242158.1	Escherichia phage vB_EcoM_SVMS_56
PZ244630.gb	PZ244630.1	Klebsiella phage KLEO25
PZ244631.gb	PZ244631.1	Klebsiella phage KLEO27
PZ244632.gb	PZ244632.1	Klebsiella phage KLEO28
PZ244633.gb	PZ244633.1	Klebsiella phage KLEO29
PZ244634.gb	PZ244634.1	Klebsiella phage KLEO31
PZ244635.gb	PZ244635.1	Klebsiella phage KLEO26
PZ246793.gb	PZ246793.1	Klebsiella phage KAB01
PZ247578.gb	PZ247578.1	Escherichia phage vB_EcoA-Sparklingdew
PZ256258.gb	PZ256258.1	Klebsiella phage kv_tblp1
PZ256259.gb	PZ256259.1	Klebsiella phage kv_tblp3
PZ256260.gb	PZ256260.1	Klebsiella phage kv_tblp4
PZ256261.gb	PZ256261.1	Klebsiella phage kv_tblp6
PZ256262.gb	PZ256262.1	Klebsiella phage kv_tblp7
PZ256263.gb	PZ256263.1	Escherichia phage ev_rybdy1
PZ256264.gb	PZ256264.1	Escherichia phage ev_rybdy2
PZ256265.gb	PZ256265.1	Escherichia phage ev_rybdy6
PZ261141.gb	PZ261141.1	Klebsiella phage vB_Kpn62-1
PZ269474.gb	PZ269474.1	Klebsiella phage vB_GCMC-1
PZ273787.gb	PZ273787.1	Escherichia phage vB_EcoS_KanT1
PZ273796.gb	PZ273796.1	Klebsiella phage Helios
PZ278543.gb	PZ278543.1	Klebsiella phage EDIRA083
PZ278544.gb	PZ278544.1	Klebsiella phage EDIRA088
PZ278545.gb	PZ278545.1	Klebsiella phage EDIRA092
PZ285948.gb	PZ285948.1	Klebsiella phage UCS26C1_1
PZ285950.gb	PZ285950.1	Klebsiella phage UCS26C2_1
PZ285951.gb	PZ285951.1	Klebsiella phage UCS26C2_2
PZ285952.gb	PZ285952.1	Klebsiella phage UCS26X1C1_1
PZ285953.gb	PZ285953.1	Klebsiella phage UCS26X1C2_1
PZ285958.gb	PZ285958.1	Escherichia phage UCS29C1
PZ295659.gb	PZ295659.1	Escherichia phage HMD-APEC18
PZ295673.gb	PZ295673.1	Klebsiella phage vB_KpnP_KleEt1
PZ295696.gb	PZ295696.1	Escherichia phage vB_EcoO_TS
PZ296771.gb	PZ296771.1	Escherichia phage vB_EcoM_QH01
PZ296772.gb	PZ296772.1	Escherichia phage SF-E12
PZ296778.gb	PZ296778.1	Escherichia phage KS1
PZ305518.gb	PZ305518.1	Klebsiella phage Lyra
PZ311405.gb	PZ311405.1	Escherichia phage vB_Eco_6phi10
PZ311406.gb	PZ311406.1	Escherichia phage vB_Eco_6phi8
PZ311407.gb	PZ311407.1	Escherichia phage vB_Eco_6phi13
PZ315864.gb	PZ315864.1	Klebsiella phage P286
PZ319654.gb	PZ319654.1	Klebsiella phage Lyris
PZ319655.gb	PZ319655.1	Klebsiella phage Mirion
PZ324404.gb	PZ324404.1	Escherichia phage ECO103-4121-S2
PZ324405.gb	PZ324405.1	Escherichia phage ECO104-452-S5
PZ324406.gb	PZ324406.1	Escherichia phage ECO111-S1
PZ324407.gb	PZ324407.1	Escherichia phage ECO121-211-S10
PZ324408.gb	PZ324408.1	Escherichia phage ECO225F2-S13
PZ324409.gb	PZ324409.1	Escherichia phage ECO26-131-S11
PZ324410.gb	PZ324410.1	Escherichia phage ECO95161-S12
PZ334583.gb	PZ334583.1	Escherichia phage EcoStrike
PZ338877.gb	PZ338877.1	Escherichia phage vB_EcoM_PTolC69
PZ338878.gb	PZ338878.1	Escherichia phage vB_EcoM_PTolC28
PZ340978.gb	PZ340978.1	Escherichia phage GEP66
PZ344153.gb	PZ344153.1	Klebsiella phage Phalaris
PZ344858.gb	PZ344858.1	Escherichia phage vB_EcoP_QH06
PZ347661.gb	PZ347661.1	Escherichia phage XQ-1
PZ347775.gb	PZ347775.1	Escherichia phage vB_EcoM_QH02
PZ348817.gb	PZ348817.1	Klebsiella phage vB_kpD_CGM3
PZ348818.gb	PZ348818.1	Klebsiella phage vB_kpD_CGM2
PZ349761.gb	PZ349761.1	Escherichia phage vB-EcoS_57-3
PZ357121.gb	PZ357121.1	Escherichia phage vB_EcoM_S37
PZ357649.gb	PZ357649.1	Klebsiella phage LPKP1
PZ362812.gb	PZ362812.1	Escherichia phage vB_EcoS_MaltD1
PZ364414.gb	PZ364414.1	Klebsiella phage Palash
PZ364415.gb	PZ364415.1	Klebsiella phage Shimul
PZ364416.gb	PZ364416.1	Klebsiella phage Kadam
PZ364417.gb	PZ364417.1	Klebsiella phage Kashful
PZ379074.gb	PZ379074.1	Escherichia phage PhBR1
PZ379075.gb	PZ379075.1	Escherichia phage PhBR2
PZ379076.gb	PZ379076.1	Escherichia phage PhBR3
PZ379176.gb	PZ379176.1	Escherichia phage PhBR4
PZ379177.gb	PZ379177.1	Escherichia phage PhBR5
PZ379178.gb	PZ379178.1	Escherichia phage PhBR6
PZ379179.gb	PZ379179.1	Escherichia phage PhBR7
PZ379180.gb	PZ379180.1	Escherichia phage PhBR8
PZ379181.gb	PZ379181.1	Escherichia phage PhDK1
PZ379182.gb	PZ379182.1	Escherichia phage PhDK2
PZ379183.gb	PZ379183.1	Escherichia phage PhDK3
PZ379184.gb	PZ379184.1	Escherichia phage PhDK4
PZ379185.gb	PZ379185.1	Escherichia phage PhDK5
PZ379296.gb	PZ379296.1	Klebsiella phage Donya
PZ379297.gb	PZ379297.1	Klebsiella phage Dzyga
PZ379298.gb	PZ379298.1	Klebsiella phage Leleka
PZ379299.gb	PZ379299.1	Klebsiella phage Maliuk
PZ379300.gb	PZ379300.1	Klebsiella phage Mavka
PZ379301.gb	PZ379301.1	Klebsiella phage Salo
PZ379302.gb	PZ379302.1	Klebsiella phage Sirko
PZ379303.gb	PZ379303.1	Klebsiella phage Svitlo
PZ379304.gb	PZ379304.1	Klebsiella phage Teplo
PZ379305.gb	PZ379305.1	Klebsiella phage Vatra
PZ379541.gb	PZ379541.1	Escherichia phage PhDK6
PZ379542.gb	PZ379542.1	Escherichia phage PhDK8
PZ379543.gb	PZ379543.1	Escherichia phage PhDK9
PZ379544.gb	PZ379544.1	Escherichia phage PhDK10
PZ379545.gb	PZ379545.1	Escherichia phage PhKZ1
PZ379546.gb	PZ379546.1	Escherichia phage PhSA2
PZ379547.gb	PZ379547.1	Escherichia phage PhSA3
PZ379548.gb	PZ379548.1	Escherichia phage PhSA4
PZ379549.gb	PZ379549.1	Escherichia phage PhSA5
PZ379550.gb	PZ379550.1	Escherichia phage PhSA7
PZ379594.gb	PZ379594.1	Escherichia phage PhSA8
PZ379595.gb	PZ379595.1	Escherichia phage PhSA9
PZ379596.gb	PZ379596.1	Escherichia phage PhSA10
PZ379597.gb	PZ379597.1	Escherichia phage PhUK1
PZ379598.gb	PZ379598.1	Escherichia phage PhUK3
PZ379599.gb	PZ379599.1	Escherichia phage PhUK4
PZ379600.gb	PZ379600.1	Escherichia phage PhUK5
PZ379601.gb	PZ379601.1	Escherichia phage PhUK7
PZ379602.gb	PZ379602.1	Escherichia phage PhUK8
PZ379603.gb	PZ379603.1	Escherichia phage PhUK9
PZ383863.gb	PZ383863.1	Escherichia phage phiSM_S9
PZ386946.gb	PZ386946.1	Escherichia phage Borec
PZ386947.gb	PZ386947.1	Escherichia phage CM8m1
PZ386948.gb	PZ386948.1	Escherichia phage CM8m3
PZ386949.gb	PZ386949.1	Escherichia phage CM8m4
PZ386950.gb	PZ386950.1	Escherichia phage HSDP1
PZ386951.gb	PZ386951.1	Escherichia phage HSDP2
PZ386952.gb	PZ386952.1	Escherichia phage HSDP3
PZ386953.gb	PZ386953.1	Escherichia phage Mnm1
PZ386954.gb	PZ386954.1	Escherichia phage Mnm10
PZ386955.gb	PZ386955.1	Escherichia phage Mnm11
PZ386956.gb	PZ386956.1	Escherichia phage Mnm2
PZ386957.gb	PZ386957.1	Escherichia phage Mnm3
PZ386958.gb	PZ386958.1	Escherichia phage Mnm4
PZ386959.gb	PZ386959.1	Escherichia phage Mnm5
PZ386960.gb	PZ386960.1	Escherichia phage Mnm6
PZ386961.gb	PZ386961.1	Escherichia phage Mnm7
PZ386962.gb	PZ386962.1	Escherichia phage Mnm8
PZ386963.gb	PZ386963.1	Escherichia phage Mpec1
PZ386964.gb	PZ386964.1	Escherichia phage Mpec10
PZ386965.gb	PZ386965.1	Escherichia phage Mpec11
PZ386966.gb	PZ386966.1	Escherichia phage Mpec13
PZ386967.gb	PZ386967.1	Escherichia phage Mpec15
PZ386968.gb	PZ386968.1	Escherichia phage Mpec16
PZ386969.gb	PZ386969.1	Escherichia phage Mpec18
PZ386970.gb	PZ386970.1	Escherichia phage Mpec2
PZ386971.gb	PZ386971.1	Escherichia phage Mpec20
PZ386972.gb	PZ386972.1	Escherichia phage Mpec24
PZ386973.gb	PZ386973.1	Escherichia phage Mpec26
PZ386974.gb	PZ386974.1	Escherichia phage Mpec3
PZ386975.gb	PZ386975.1	Escherichia phage Mpec4
PZ386976.gb	PZ386976.1	Escherichia phage Mpec5
PZ386977.gb	PZ386977.1	Escherichia phage Mpec6
PZ386978.gb	PZ386978.1	Escherichia phage Mpec7
PZ386979.gb	PZ386979.1	Escherichia phage Phoecom
PZ402300.gb	PZ402300.1	Escherichia phage ecopha24
PZ402301.gb	PZ402301.1	Escherichia phage ecopha36
PZ402302.gb	PZ402302.1	Escherichia phage ecopha45
PZ402303.gb	PZ402303.1	Escherichia phage ecopha46
PZ402304.gb	PZ402304.1	Escherichia phage ecopha54
PZ402305.gb	PZ402305.1	Escherichia phage ecopha76
PZ402949.gb	PZ402949.1	Klebsiella phage CP-p-KP-21123
PZ405898.gb	PZ405898.1	Klebsiella phage Ospk9
PZ405899.gb	PZ405899.1	Klebsiella phage Ospk10
PZ405959.gb	PZ405959.1	Klebsiella phage KP_1
PZ406325.gb	PZ406325.1	Klebsiella phage vB_KpnD_13_L01A_SYN100
PZ406326.gb	PZ406326.1	Klebsiella phage vB_KpnD_13_L01C_SYN101
PZ406327.gb	PZ406327.1	Klebsiella phage vB_KpnD_13_L01D_SYN102
PZ406328.gb	PZ406328.1	Klebsiella phage vB_KpnD_13_L01D_SYN103
PZ406329.gb	PZ406329.1	Klebsiella phage vB_KpnD_NSC294-115R1_L02A_SYN104
PZ406330.gb	PZ406330.1	Klebsiella phage vB_KpnD_NSC294-115R1_L02D_SYN107
PZ406331.gb	PZ406331.1	Klebsiella phage vB_KpnD_4640_115
PZ406332.gb	PZ406332.1	Klebsiella phage vB_KpnD_I303_100
PZ433559.gb	PZ433559.1	Klebsiella phage CP-p-KP-21013
PZ436093.gb	PZ436093.1	Escherichia phage phiHS1
PZ440473.gb	PZ440473.1	Klebsiella phage vB_KpnM_NB1
PZ440474.gb	PZ440474.1	Klebsiella phage vB_KpnM_NB2
PZ445134.gb	PZ445134.1	Escherichia phage ecopha55
PZ445148.gb	PZ445148.1	Escherichia phage F58V
PZ445149.gb	PZ445149.1	Escherichia phage F63V
PZ445405.gb	PZ445405.1	Escherichia phage AugustePiccard
PZ445406.gb	PZ445406.1	Escherichia phage JeanPiccard
PZ445407.gb	PZ445407.1	Escherichia phage JulesPiccard
PZ445408.gb	PZ445408.1	Escherichia phage FritzSarasin
PZ445409.gb	PZ445409.1	Escherichia phage PeterMerian
PZ445410.gb	PZ445410.1	Escherichia phage KarlJaspers
PZ445411.gb	PZ445411.1	Escherichia phage JakobBernoulli
PZ445412.gb	PZ445412.1	Escherichia phage DanielBernoulli
PZ445413.gb	PZ445413.1	Escherichia phage PaulSarasin
PZ445414.gb	PZ445414.1	Escherichia phage IsaakIselin
PZ445415.gb	PZ445415.1	Escherichia phage HansTraber_Bas100
PZ445416.gb	PZ445416.1	Escherichia phage LeonhardEuler
PZ445417.gb	PZ445417.1	Escherichia phage PaulFeyerabend
PZ445418.gb	PZ445418.1	Escherichia phage KarlBarth
PZ445419.gb	PZ445419.1	Escherichia phage Oekolampad
PZ445420.gb	PZ445420.1	Escherichia phage ChristophMerian
PZ445421.gb	PZ445421.1	Escherichia phage FritzHoffmann
PZ445422.gb	PZ445422.1	Escherichia phage GottfriedDienst
PZ445423.gb	PZ445423.1	Escherichia phage KurtStettler
PZ445424.gb	PZ445424.1	Escherichia phage WildeMaa
PZ445425.gb	PZ445425.1	Escherichia phage SeppeHuegi
PZ445426.gb	PZ445426.1	Escherichia phage VogelGryff
PZ445427.gb	PZ445427.1	Escherichia phage GreteKellenberger
PZ445428.gb	PZ445428.1	Escherichia phage TrudiGerster
PZ445429.gb	PZ445429.1	Escherichia phage IrmaTschudi
PZ445430.gb	PZ445430.1	Escherichia phage SuperGirl
PZ445431.gb	PZ445431.1	Escherichia phage TrudiRoth
PZ445432.gb	PZ445432.1	Escherichia phage HildyBeyeler
PZ445433.gb	PZ445433.1	Escherichia phage WilhelmHis
PZ445434.gb	PZ445434.1	Escherichia phage Paracelsus
PZ445435.gb	PZ445435.1	Escherichia phage FelixPlatter
PZ445436.gb	PZ445436.1	Escherichia phage AndreasVesalius
PZ445437.gb	PZ445437.1	Escherichia phage TadeuszReichstein
PZ445438.gb	PZ445438.1	Escherichia phage AdolfPortmann
PZ445439.gb	PZ445439.1	Escherichia phage PaulHMueller
PZ445440.gb	PZ445440.1	Escherichia phage ChristianSchoenbein
PZ445441.gb	PZ445441.1	Escherichia phage CarlMeissner
PZ445442.gb	PZ445442.1	Escherichia phage EmilHeitz
PZ445443.gb	PZ445443.1	Escherichia phage DrSchubert
PZ445444.gb	PZ445444.1	Escherichia phage WalterGehring
PZ445445.gb	PZ445445.1	Escherichia phage RudolfGeigy
PZ445446.gb	PZ445446.1	Escherichia phage JohannBauhin
PZ445447.gb	PZ445447.1	Escherichia phage MaxBurger
PZ445448.gb	PZ445448.1	Escherichia phage AlexBoehm
PZ445449.gb	PZ445449.1	Escherichia phage HeinrichReichert
PZ445450.gb	PZ445450.1	Escherichia phage EduardKellenberger
PZ445451.gb	PZ445451.1	Escherichia phage PaulScherrer
PZ445452.gb	PZ445452.1	Escherichia phage EmilieFrey
PZ445453.gb	PZ445453.1	Escherichia phage JohannJBalmer
PZ445454.gb	PZ445454.1	Escherichia phage JohannRWettstein
PZ445455.gb	PZ445455.1	Escherichia phage JacobBurckhardt
PZ445456.gb	PZ445456.1	Escherichia phage ErnstBeyeler
PZ445457.gb	PZ445457.1	Escherichia phage CarlSpitteler
PZ445458.gb	PZ445458.1	Escherichia phage AlfredRasser
PZ445459.gb	PZ445459.1	Escherichia phage MarieHeimVoegtlin_Bas70
PZ445460.gb	PZ445460.1	Escherichia phage LotteLoewe_Bas71
PZ445461.gb	PZ445461.1	Escherichia phage NicoleGrasset_Bas72
PZ445462.gb	PZ445462.1	Escherichia phage GertrudWoker_Bas73
PZ445463.gb	PZ445463.1	Escherichia phage SonjaBuckley_Bas74
PZ445464.gb	PZ445464.1	Escherichia phage AnnaReinhart_Bas75
PZ445465.gb	PZ445465.1	Escherichia phage ClaudiaMuster_Bas77
PZ445466.gb	PZ445466.1	Escherichia phage SandraMuster_Bas78
PZ445467.gb	PZ445467.1	Escherichia phage SusanneMuster_Bas79
PZ445468.gb	PZ445468.1	Escherichia phage TanjaMuster_Bas81
PZ445469.gb	PZ445469.1	Escherichia phage KarinMuster_Bas82
PZ445470.gb	PZ445470.1	Escherichia phage Haito_Bas83
PZ445471.gb	PZ445471.1	Escherichia phage JohannBuxtorf_Bas84
PZ445472.gb	PZ445472.1	Escherichia phage SkaterBoy_Bas90
PZ445473.gb	PZ445473.1	Escherichia phage JacquesWildberger_Bas92
PZ445484.gb	PZ445484.1	Escherichia phage AidaStucki_Bas93
PZ445485.gb	PZ445485.1	Escherichia phage RudolfBernhard_Bas96
PZ445486.gb	PZ445486.1	Escherichia phage HeidiAbel_Bas97
PZ445487.gb	PZ445487.1	Escherichia phage Cba120
PZ445488.gb	PZ445488.1	Escherichia phage CEV1
PZ445489.gb	PZ445489.1	Escherichia phage EcoS-CEV2
PZ445492.gb	PZ445492.1	Escherichia phage Stokescottia
PZ445493.gb	PZ445493.1	Escherichia phage Phagiculus
PZ445495.gb	PZ445495.1	Escherichia phage NorthRox
PZ445496.gb	PZ445496.1	Escherichia phage SmurfNell
PZ445497.gb	PZ445497.1	Escherichia phage Delraymugoa
PZ445498.gb	PZ445498.1	Escherichia phage Aragogtheria
PZ445499.gb	PZ445499.1	Escherichia phage MikeNSara
PZ445500.gb	PZ445500.1	Escherichia phage Tuinin
PZ445501.gb	PZ445501.1	Escherichia phage MatMar
PZ445502.gb	PZ445502.1	Escherichia phage tunus
PZ445503.gb	PZ445503.1	Escherichia phage LinBro
PZ445504.gb	PZ445504.1	Escherichia phage BubbaBully
PZ445505.gb	PZ445505.1	Escherichia phage GoldenSnicker
PZ445506.gb	PZ445506.1	Escherichia phage WaterSpirit
PZ445507.gb	PZ445507.1	Escherichia phage RobRod40
PZ445508.gb	PZ445508.1	Escherichia phage MartyMcPhage
PZ445509.gb	PZ445509.1	Escherichia phage vB_Eco_mar004NP2
PZ445510.gb	PZ445510.1	Escherichia phage McMelon
PZ445512.gb	PZ445512.1	Escherichia phage Stevie_ev116
PZ445513.gb	PZ445513.1	Escherichia phage rV5_ev146
PZ445514.gb	PZ445514.1	Escherichia phage rV5_ev156
PZ445515.gb	PZ445515.1	Escherichia phage T5_ev212
PZ445516.gb	PZ445516.1	Escherichia phage T5_ev219
PZ445517.gb	PZ445517.1	Escherichia phage T4_ev240
PZ445529.gb	PZ445529.1	Escherichia phage KCP_017
PZ445530.gb	PZ445530.1	Escherichia phage KCP_031
PZ445531.gb	PZ445531.1	Escherichia phage KCP_042
PZ445532.gb	PZ445532.1	Escherichia phage KCP_045
PZ445533.gb	PZ445533.1	Escherichia phage KCP_055
PZ445534.gb	PZ445534.1	Escherichia phage KCP_064
PZ445535.gb	PZ445535.1	Escherichia phage KCP_068
PZ445536.gb	PZ445536.1	Escherichia phage KCP_072
PZ445537.gb	PZ445537.1	Escherichia phage Eeyore
PZ445538.gb	PZ445538.1	Escherichia phage Kalemo
PZ445539.gb	PZ445539.1	Escherichia phage LMessi
PZ445540.gb	PZ445540.1	Escherichia phage SaltyDalty
PZ445541.gb	PZ445541.1	Escherichia phage Antha
PZ445542.gb	PZ445542.1	Escherichia phage SpoonbillGilly
PZ445543.gb	PZ445543.1	Escherichia phage Pinarejo
PZ445544.gb	PZ445544.1	Escherichia phage Fostie
PZ445545.gb	PZ445545.1	Escherichia phage MiataMamis
PZ445546.gb	PZ445546.1	Escherichia phage Nernie
PZ445547.gb	PZ445547.1	Escherichia phage MagusPhagus
PZ445548.gb	PZ445548.1	Escherichia phage PinkRuby
PZ445549.gb	PZ445549.1	Escherichia phage SholemSchwarzbard
PZ445550.gb	PZ445550.1	Escherichia phage KookSpook
PZ445551.gb	PZ445551.1	Escherichia phage VivaForever
PZ445552.gb	PZ445552.1	Escherichia phage Elenatom
PZ445553.gb	PZ445553.1	Escherichia phage BabyEgg
PZ445554.gb	PZ445554.1	Escherichia phage Ox4
PZ447393.gb	PZ447393.1	Klebsiella phage KC710
PZ447394.gb	PZ447394.1	Klebsiella phage KC84
PZ452593.gb	PZ452593.1	Escherichia phage RB14
PZ452599.gb	PZ452599.1	Escherichia phage RB36
PZ452604.gb	PZ452604.1	Escherichia phage RB69
PZ452605.gb	PZ452605.1	Escherichia phage Sew11
PZ452606.gb	PZ452606.1	Escherichia phage Sew9
PZ452607.gb	PZ452607.1	Escherichia phage T1
PZ454251.gb	PZ454251.1	Klebsiella phage vB_KpnM_NB3
PZ465523.gb	PZ465523.1	Escherichia phage Eve
PZ465524.gb	PZ465524.1	Klebsiella phage Carindo
PZ465525.gb	PZ465525.1	Escherichia phage Gravis
PZ465526.gb	PZ465526.1	Escherichia phage Oso
PZ465527.gb	PZ465527.1	Escherichia phage Tyr
PZ465528.gb	PZ465528.1	Klebsiella phage Magus
PZ465698.gb	PZ465698.1	Klebsiella phage XDRKpn-2
PZ465730.gb	PZ465730.1	Klebsiella phage Lily
PZ465731.gb	PZ465731.1	Klebsiella phage Dahlia
PZ465732.gb	PZ465732.1	Klebsiella phage Joba
PZ465733.gb	PZ465733.1	Klebsiella phage Jarul
PZ465734.gb	PZ465734.1	Klebsiella phage Kamli
PZ465735.gb	PZ465735.1	Klebsiella phage Karobi
PZ465736.gb	PZ465736.1	Klebsiella phage Zinnia
PZ466121.gb	PZ466121.1	Klebsiella phage vB_Kpn_18-2
PZ466139.gb	PZ466139.1	Klebsiella phage vB_KpnM_ZH02
PZ467943.gb	PZ467943.1	Klebsiella phage vB_Kpn_6NU
PZ467944.gb	PZ467944.1	Klebsiella phage vB_Kpn_M5
PZ467945.gb	PZ467945.1	Klebsiella phage vB_Kpn_M6
PZ467946.gb	PZ467946.1	Klebsiella phage vB_Kpn_M13
PZ476263.gb	PZ476263.1	Escherichia phage Jab
PZ481756.gb	PZ481756.1	Klebsiella phage vB_KpnP-SPI_1627
PZ481757.gb	PZ481757.1	Klebsiella phage vB_KpnP-SPI_1047
PZ481758.gb	PZ481758.1	Klebsiella phage vB_KpnP-SPI_KBKp12
PZ481759.gb	PZ481759.1	Klebsiella phage vB_KpnP-SPI_G66
PZ486388.gb	PZ486388.1	Klebsiella phage phi1_150062
PZ490076.gb	PZ490076.1	Escherichia phage BUCT788EP1.2
PZ490833.gb	PZ490833.1	Klebsiella phage KPS19-ZH-P1
PZ495249.gb	PZ495249.1	Escherichia phage HHU-E16
PZ496580.gb	PZ496580.1	Escherichia phage Push_16A
PZ496581.gb	PZ496581.1	Escherichia phage Push_27
PZ501484.gb	PZ501484.1	Escherichia phage Suhari
PZ501485.gb	PZ501485.1	Escherichia phage MontyMolly
PZ501486.gb	PZ501486.1	Escherichia phage OlliNora
PZ502447.gb	PZ502447.1	Escherichia phage Ecol_131
PZ502448.gb	PZ502448.1	Klebsiella phage Kl_100
PZ502561.gb	PZ502561.1	Klebsiella phage vB_KpnP_EC5
PZ502562.gb	PZ502562.1	Escherichia phage vB_EcoP_S37A
PZ509021.gb	PZ509021.1	Escherichia phage Push_43
PZ509022.gb	PZ509022.1	Escherichia phage Push_58
PZ513996.gb	PZ513996.1	Escherichia phage AKO7_E
PZ513997.gb	PZ513997.1	Escherichia phage AKO6_E
PZ513998.gb	PZ513998.1	Escherichia phage AKO10_E
PZ527900.gb	PZ527900.1	Escherichia phage vB_Eco_SSK7
PZ531155.gb	PZ531155.1	Klebsiella phage P892
PZ533465.gb	PZ533465.1	Klebsiella phage Kleo
PZ533466.gb	PZ533466.1	Klebsiella phage Spark
PZ533467.gb	PZ533467.1	Klebsiella phage Medik
PZ533728.gb	PZ533728.1	Klebsiella phage P-KP64-3
PZ533729.gb	PZ533729.1	Klebsiella phage P-KP71-4
PZ533730.gb	PZ533730.1	Klebsiella phage P-KP136-1
PZ533731.gb	PZ533731.1	Klebsiella phage P-KP110-1-1
PZ533732.gb	PZ533732.1	Klebsiella phage P-KP110-3
PZ533733.gb	PZ533733.1	Klebsiella phage P-KP84-1
PZ533734.gb	PZ533734.1	Klebsiella phage P-KP145-4-P1
PZ533735.gb	PZ533735.1	Klebsiella phage P-KP145-9
PZ533736.gb	PZ533736.1	Klebsiella phage P-KP187-1
PZ533737.gb	PZ533737.1	Klebsiella phage P-KP166-1
PZ533738.gb	PZ533738.1	Klebsiella phage P-KP112-2
PZ533739.gb	PZ533739.1	Klebsiella phage P-KP122-3
PZ533740.gb	PZ533740.1	Klebsiella phage P-KP29-4
PZ533741.gb	PZ533741.1	Klebsiella phage P-KP103-1
PZ533742.gb	PZ533742.1	Klebsiella phage P-KP103-2
PZ533743.gb	PZ533743.1	Klebsiella phage P-KP101-1
PZ533744.gb	PZ533744.1	Klebsiella phage P-KP36-7
PZ534511.gb	PZ534511.1	Escherichia phage 521V
PZ534512.gb	PZ534512.1	Escherichia phage 64T
PZ534514.gb	PZ534514.1	Escherichia phage 519H
PZ534515.gb	PZ534515.1	Escherichia phage 522F
PZ534532.gb	PZ534532.1	Escherichia phage 66V
PZ534533.gb	PZ534533.1	Escherichia phage R519MH2
PZ534534.gb	PZ534534.1	Escherichia phage 519V
PZ540269.gb	PZ540269.1	Escherichia phage HK243
PZ540767.gb	PZ540767.1	Escherichia phage OUDA_02
PZ542107.gb	PZ542107.1	Klebsiella phage Dot
PZ543597.gb	PZ543597.1	Escherichia phage CREC-P20
PZ544513.gb	PZ544513.1	Escherichia phage Yodit
PZ544685.gb	PZ544685.1	Escherichia phage KNC_2025
PZ544694.gb	PZ544694.1	Escherichia phage AKO13_E
PZ547843.gb	PZ547843.1	Klebsiella phage KAB01_K
PZ554334.gb	PZ554334.1	Escherichia phage 68F
PZ564098.gb	PZ564098.1	Klebsiella phage Mononoke
PZ564399.gb	PZ564399.1	Klebsiella phage Karatopha
PZ564401.gb	PZ564401.1	Escherichia phage Mendel
PZ564402.gb	PZ564402.1	Escherichia phage Diaboro
PZ568324.gb	PZ568324.1	Klebsiella phage P-KP209-1
PZ569104.gb	PZ569104.1	Klebsiella phage P-KP198-8
PZ583738.gb	PZ583738.1	Escherichia phage PE17
PZ583739.gb	PZ583739.1	Escherichia phage P49
PZ583740.gb	PZ583740.1	Escherichia phage P119
PZ583741.gb	PZ583741.1	Escherichia phage P62
PZ583742.gb	PZ583742.1	Escherichia phage P70
PZ583743.gb	PZ583743.1	Escherichia phage P21
PZ593571.gb	PZ593571.1	Klebsiella phage vB_Kpn_ESBLKP22
PZ618368.gb	PZ618368.1	Klebsiella phage vB_Kpn_P_498_NM2512
PZ618369.gb	PZ618369.1	Escherichia phage vB_Eco_P_2641_NM2512
PZ618370.gb	PZ618370.1	Escherichia phage vB_Eco_P_2642_NM2601
PZ654711.gb	PZ654711.1	Klebsiella phage vB_Kpn_TA4
PZ654712.gb	PZ654712.1	Klebsiella phage vB_Kpn_TA3
PZ654713.gb	PZ654713.1	Klebsiella phage vB_KpnP_Phaeron
PZ660793.gb	PZ660793.1	Klebsiella phage Henu-K630026
PZ662386.gb	PZ662386.1	Escherichia phage SEV
PZ671982.gb	PZ671982.1	Escherichia phage LXL1
PZ674587.gb	PZ674587.1	Klebsiella phage FKP26227
PZ674588.gb	PZ674588.1	Klebsiella phage FKP2613
PZ674595.gb	PZ674595.1	Escherichia phage vB_Eco_HM52
PZ674596.gb	PZ674596.1	Escherichia phage vB_Eco_MG57
PZ674597.gb	PZ674597.1	Klebsiella phage vB_Kpn_HM28
PZ683213.gb	PZ683213.1	Escherichia phage B01
PZ683264.gb	PZ683264.1	Escherichia phage ST744
PZ686473.gb	PZ686473.1	Klebsiella phage RHTM-01
PZ687455.gb	PZ687455.1	Klebsiella phage Henu-K20025
PZ689225.gb	PZ689225.1	Klebsiella phage vB_KpnP_M1-11883
PZ689226.gb	PZ689226.1	Klebsiella phage vB_KpnP_M2-11847
PZ707408.gb	PZ707408.1	Klebsiella phage vB_KpnS_P97DGW
PZ715802.gb	PZ715802.1	Escherichia phage Stuf1
PZ715803.gb	PZ715803.1	Escherichia phage Stuf3
PZ715804.gb	PZ715804.1	Escherichia phage Stream
PZ721830.gb	PZ721830.1	Klebsiella phage RHTM-02
PZ721902.gb	PZ721902.1	Escherichia phage Lab02
PZ721903.gb	PZ721903.1	Escherichia phage Lab05
PZ725262.gb	PZ725262.1	Escherichia phage BP1
PZ725594.gb	PZ725594.1	Klebsiella phage Henu-Kox-005
PZ736737.gb	PZ736737.1	Klebsiella phage vB_KpnM_Magnus
PZ738962.gb	PZ738962.1	Escherichia phage ECBR4
PZ744579.gb	PZ744579.1	Escherichia phage vB_Eco_SF18
PZ748594.gb	PZ748594.1	Escherichia phage vB_EcoS-TP26lw
PZ754631.gb	PZ754631.1	Escherichia phage LXL2
PZ754632.gb	PZ754632.1	Escherichia phage LQZ
PZ754749.gb	PZ754749.1	Escherichia phage SF-E9
PZ755731.gb	PZ755731.1	Klebsiella phage Gangster
PZ782780.gb	PZ782780.1	Escherichia phage ECBR3
PZ786312.gb	PZ786312.1	Escherichia phage SF-E12
PZ787336.gb	PZ787336.1	Escherichia phage vB_Eco10_Ziv
PZ787841.gb	PZ787841.1	Escherichia phage EcEW5
PZ788954.gb	PZ788954.1	Klebsiella phage SAKp28.2
PZ789117.gb	PZ789117.1	Klebsiella phage vB_KlebP_211
PZ789118.gb	PZ789118.1	Klebsiella phage vB_KlebP_184
PZ789119.gb	PZ789119.1	Klebsiella phage vB_KlebP_183
PZ789120.gb	PZ789120.1	Klebsiella phage vB_KlebP_219
PZ789432.gb	PZ789432.1	Escherichia phage BMBo_EcP_012-45
PZ792819.gb	PZ792819.1	Klebsiella phage hayley
PZ792820.gb	PZ792820.1	Klebsiella phage banayad
PZ793367.gb	PZ793367.1	Escherichia phage EcEW12
PZ797503.gb	PZ797503.1	Escherichia phage vB_EscC_ArakU1
PZ798257.gb	PZ798257.1	Klebsiella phage vB_KpS_AIIMS18
PZ803130.gb	PZ803130.1	Klebsiella phage KpN9
PZ809289.gb	PZ809289.1	Escherichia phage 12-ed
PZ835552.gb	PZ835552.1	Escherichia phage EC_R3
PZ836354.gb	PZ836354.1	Klebsiella phage vB_KpP_AIIMS12
PZ869731.gb	PZ869731.1	Escherichia phage D108_cts10
PZ871095.gb	PZ871095.1	Escherichia phage Ya3.2
PZ871096.gb	PZ871096.1	Escherichia phage Ya1
PZ871097.gb	PZ871097.1	Escherichia phage Ya3.1
PZ871098.gb	PZ871098.1	Escherichia phage Ya2
PZ871099.gb	PZ871099.1	Escherichia phage bloody1
PZ871100.gb	PZ871100.1	Escherichia phage bloody2
PZ871101.gb	PZ871101.1	Klebsiella phage 597-P
PZ878405.gb	PZ878405.1	Escherichia phage BBd
PZ879284.gb	PZ879284.1	Klebsiella phage 603-7
PZ885830.gb	PZ885830.1	Klebsiella phage 609-54
PZ885831.gb	PZ885831.1	Klebsiella phage KP548
PZ886036.gb	PZ886036.1	Klebsiella phage KP589_2
PZ900181.gb	PZ900181.1	Klebsiella phage HD7247
PZ917099.gb	PZ917099.1	Escherichia phage Apar18
PZ940362.gb	PZ940362.1	Klebsiella phage A18
PZ940363.gb	PZ940363.1	Klebsiella phage A3_2
PZ943414.gb	PZ943414.1	Klebsiella phage P2662
PZ952925.gb	PZ952925.1	Klebsiella phage Henu-Kox-001
