rep	member	cluster	host
NC_101837_0	NC_101837_0	0	Escherichia coli
NC_101837_0	PX068455_0	0	Escherichia coli
NC_101837_0	PX068454_0	0	Escherichia coli
NC_101837_0	PZ445514_0	0	Escherichia coli
NC_101837_0	PZ534511_0	0	Escherichia coli
NC_101837_0	PZ171032_0	0	Escherichia coli
NC_101837_0	PZ721902_0	0	Escherichia coli
NC_105104_0	NC_105104_0	1	Escherichia coli
NC_105105_0	NC_105105_0	2	Escherichia coli
NC_105113_0	NC_105113_0	3	Escherichia coli
NC_105113_0	PZ715802_0	3	Escherichia coli
NC_105113_0	NC_105102_0	3	Escherichia coli
NC_105113_0	PZ383863_0	3	Escherichia coli
NC_105113_0	NC_105101_0	3	Escherichia coli
NC_105137_0	NC_105137_0	4	Escherichia coli
NC_105137_0	NC_094493_0	4	Escherichia coli
NC_105137_0	NC_111505_0	4	Escherichia coli
NC_105137_0	NC_101838_0	4	Escherichia coli
NC_105137_0	NC_101842_0	4	Escherichia coli
NC_105137_0	NC_129898_0	4	Escherichia coli
NC_105137_0	PX741096_0	4	Escherichia coli
NC_105137_0	PZ212788_0	4	Escherichia coli
NC_105137_0	PZ445441_0	4	Escherichia coli
NC_105137_0	PZ445442_0	4	Escherichia coli
NC_105137_0	PZ445444_0	4	Escherichia coli
NC_105137_0	PZ445445_0	4	Escherichia coli
NC_105137_0	PZ445446_0	4	Escherichia coli
NC_105137_0	PZ445447_0	4	Escherichia coli
NC_105137_0	PZ445448_0	4	Escherichia coli
NC_105137_0	PZ445449_0	4	Escherichia coli
NC_105137_0	PZ445450_0	4	Escherichia coli
NC_105137_0	PX880101_0	4	Escherichia coli
NC_105137_0	PZ324407_0	4	Escherichia coli
NC_105137_0	PZ445513_0	4	Escherichia coli
NC_105137_0	PZ445443_0	4	Escherichia coli
NC_105137_0	PZ445530_0	4	Escherichia coli
NC_105137_0	PZ445545_0	4	Escherichia coli
NC_105137_0	PZ386953_0	4	Escherichia coli
NC_105137_0	PZ534532_0	4	Escherichia coli
NC_105137_0	PZ534534_0	4	Escherichia coli
NC_107938_0	NC_107938_0	5	Klebsiella pneumoniae
NC_109358_0	NC_109358_0	6	Escherichia coli
NC_109358_0	PZ465523_0	6	Escherichia coli
NC_109358_0	PZ715804_0	6	Escherichia coli
NC_109358_0	PZ721903_0	6	Escherichia coli
NC_109358_0	NC_105106_0	6	Escherichia coli
NC_109358_0	PZ137471_0	6	Escherichia coli
NC_109358_0	PZ324404_0	6	Escherichia coli
NC_109358_0	PX260882_0	6	Escherichia coli
NC_109358_0	PZ465527_0	6	Escherichia coli
OL657228_0	OL657228_0	7	Escherichia coli
OL657228_0	OL657226_0	7	Escherichia coli
OL657228_0	OL657227_0	7	Escherichia coli
OL657228_0	PX132564_0	7	Escherichia coli
OL657228_0	NC_105100_0	7	Escherichia coli
OL657228_0	PX586628_0	7	Escherichia coli
OL657228_0	PX514237_0	7	Escherichia coli
OL657228_0	PZ050807_0	7	Escherichia coli
OL657228_0	OM418627_0	7	Escherichia coli
OM418626_0	OM418626_0	8	Escherichia coli
OM418626_0	OM418625_0	8	Escherichia coli
OM418626_0	PX962436_0	8	Escherichia coli
OM867527_0	OM867527_0	9	Escherichia coli
OQ817854_0	OQ817854_0	10	Escherichia coli
OQ863736_0	OQ863736_0	11	Klebsiella pneumoniae
OQ863736_0	PX670415_0	11	Klebsiella pneumoniae
OQ863736_0	PZ036784_0	11	Klebsiella pneumoniae
PP739164_0	PP739164_0	12	Klebsiella pneumoniae
PP739164_0	PZ055531_0	12	Klebsiella pneumoniae
PP739164_0	PZ055536_0	12	Klebsiella pneumoniae
PP739164_0	PZ886036_0	12	Klebsiella pneumoniae
PP739164_0	PX404940_0	12	Klebsiella pneumoniae
PQ306523_0	PQ306523_0	13	Klebsiella pneumoniae
PQ400077_0	PQ400077_0	14	Klebsiella pneumoniae
PQ400077_0	PX670399_0	14	Klebsiella pneumoniae
PQ400079_0	PQ400079_0	15	Klebsiella pneumoniae
PQ400079_0	PX670390_0	15	Klebsiella pneumoniae
PQ400079_0	PX670407_0	15	Klebsiella pneumoniae
PQ821741_0	PQ821741_0	16	Escherichia coli
PV239574_0	PV239574_0	17	Klebsiella pneumoniae
PV239574_0	PV240281_0	17	Klebsiella pneumoniae
PV239574_0	PV357745_0	17	Klebsiella pneumoniae
PV239574_0	PV702341_0	17	Klebsiella pneumoniae
PV239574_0	PX557717_0	17	Klebsiella pneumoniae
PV239574_0	PZ156440_0	17	Klebsiella pneumoniae
PV239574_0	OR090986_0	17	Klebsiella pneumoniae
PV239574_0	OR090976_0	17	Klebsiella pneumoniae
PV239574_0	OR090995_0	17	Klebsiella pneumoniae
PV239574_0	PQ249162_0	17	Klebsiella pneumoniae
PV239574_0	PV963843_0	17	Klebsiella pneumoniae
PV239574_0	PX206436_0	17	Klebsiella pneumoniae
PV239574_0	PX550018_0	17	Klebsiella pneumoniae
PV239574_0	PX872123_0	17	Klebsiella pneumoniae
PV239574_0	PX872124_0	17	Klebsiella pneumoniae
PV239574_0	PZ379300_0	17	Klebsiella pneumoniae
PV239574_0	PZ721830_0	17	Klebsiella pneumoniae
PV239574_0	OR090989_0	17	Klebsiella pneumoniae
PV239574_0	PQ621123_0	17	Klebsiella pneumoniae
PV239574_0	OR090990_0	17	Klebsiella pneumoniae
PV239574_0	PP993148_0	17	Klebsiella michiganensis
PV239574_0	PQ621121_0	17	Klebsiella pneumoniae
PV239574_0	PV357747_0	17	Klebsiella pneumoniae
PV239574_0	PV948520_0	17	Klebsiella pneumoniae
PV239574_0	PQ621124_0	17	Klebsiella pneumoniae
PV239574_0	PX060900_0	17	Klebsiella pneumoniae
PV239574_0	PQ621131_0	17	Klebsiella pneumoniae
PV239574_0	PX060899_0	17	Klebsiella pneumoniae
PV239574_0	PX060901_0	17	Klebsiella pneumoniae
PV239574_0	PZ447394_0	17	Klebsiella pneumoniae
PV239574_0	PQ621132_0	17	Klebsiella pneumoniae
PV239574_0	PQ621133_0	17	Klebsiella pneumoniae
PV239574_0	PV402692_0	17	Klebsiella variicola
PV239574_0	PV963844_0	17	Klebsiella pneumoniae
PV239574_0	PX880103_0	17	Escherichia coli
PV239574_0	PX915625_0	17	Klebsiella pneumoniae
PV239574_0	PZ156443_0	17	Klebsiella pneumoniae
PV239574_0	PZ156444_0	17	Klebsiella pneumoniae
PV239574_0	PZ233477_0	17	Klebsiella pneumoniae
PV239574_0	PZ379302_0	17	Klebsiella michiganensis
PV239574_0	PZ533735_0	17	Klebsiella pneumoniae
PV239574_0	PZ169089_0	17	Klebsiella pneumoniae
PV239574_0	PV833077_0	17	Klebsiella pneumoniae
PV239574_0	PX246281_0	17	Klebsiella pneumoniae
PV239574_0	PQ529758_0	17	Klebsiella pneumoniae
PV239574_0	PV402691_0	17	Klebsiella variicola
PV239574_0	PX246280_0	17	Klebsiella pneumoniae
PV239574_0	PX446291_0	17	Klebsiella pneumoniae
PV239574_0	PZ943414_0	17	Klebsiella pneumoniae
PV239574_0	PZ156441_0	17	Klebsiella pneumoniae
PV239574_0	PQ249163_0	17	Klebsiella pneumoniae
PV239574_0	PQ621122_0	17	Klebsiella pneumoniae
PV239574_0	PZ156442_0	17	Klebsiella pneumoniae
PV239574_0	PZ233478_0	17	Klebsiella pneumoniae
PV239574_0	PZ569104_0	17	Klebsiella pneumoniae
PV239574_0	PZ156445_0	17	Klebsiella pneumoniae
PV239574_0	PZ466121_0	17	Klebsiella pneumoniae
PV239574_0	PZ256258_0	17	Klebsiella pneumoniae
PV239574_0	PZ256259_0	17	Klebsiella pneumoniae
PV239574_0	PZ256260_0	17	Klebsiella pneumoniae
PV239574_0	PZ256262_0	17	Klebsiella pneumoniae
PV239574_0	PZ256261_0	17	Klebsiella pneumoniae
PV239574_0	PZ466139_0	17	Klebsiella pneumoniae
PV239574_0	PZ233476_0	17	Klebsiella pneumoniae
PV239574_0	PZ683264_0	17	Escherichia coli
PV287707_0	PV287707_0	18	Klebsiella pneumoniae
PV357171_0	PV357171_0	19	Escherichia coli
PV357171_0	PV357172_0	19	Escherichia coli
PV357171_0	OM867526_0	19	Escherichia coli
PV357171_0	PZ445427_0	19	Escherichia coli
PV357171_0	PZ445430_0	19	Escherichia coli
PV357171_0	PZ445431_0	19	Escherichia coli
PV357171_0	PZ445496_0	19	Escherichia coli
PV357171_0	PZ445542_0	19	Escherichia coli
PV357171_0	PZ445428_0	19	Escherichia coli
PV357171_0	PZ445429_0	19	Escherichia coli
PV357171_0	PZ445489_0	19	Escherichia coli
PV357171_0	OR896820_0	19	Escherichia coli
PV357171_0	PZ445492_0	19	Escherichia coli
PV357171_0	PZ445515_0	19	Escherichia coli
PV357171_0	PZ445516_0	19	Escherichia coli
PV357171_0	PZ445550_0	19	Escherichia coli
PV357171_0	PZ871096_0	19	Escherichia coli
PV357171_0	PZ871097_0	19	Escherichia coli
PV357171_0	PZ445498_0	19	Escherichia coli
PV357171_0	PZ445509_0	19	Escherichia coli
PV357171_0	PX880100_0	19	Escherichia coli
PV357749_0	PV357749_0	20	Klebsiella pneumoniae
PV357749_0	PX130994_0	20	Klebsiella pneumoniae
PV357749_0	PZ295673_0	20	Klebsiella pneumoniae
PV357749_0	PZ836354_0	20	Klebsiella pneumoniae
PV402694_0	PV402694_0	21	Klebsiella variicola
PV402694_0	PV702342_0	21	Klebsiella pneumoniae
PV402694_0	PZ379301_0	21	Klebsiella michiganensis
PV402694_0	PZ379303_0	21	Klebsiella michiganensis
PV833090_0	PV833090_0	22	Klebsiella pneumoniae
PV833090_0	PV402690_0	22	Klebsiella variicola
PV833090_0	PZ278544_0	22	Klebsiella pneumoniae
PV833090_0	PX670404_0	22	Klebsiella pneumoniae
PV833090_0	PZ593571_0	22	Klebsiella pneumoniae
PV833092_0	PV833092_0	23	Klebsiella pneumoniae
PV933830_0	PV933830_0	24	Klebsiella pneumoniae
PV987926_0	PV987926_0	25	Klebsiella pneumoniae
PX060903_0	PX060903_0	26	Klebsiella pneumoniae
PX060903_0	PX315804_0	26	Klebsiella pneumoniae
PX060903_0	PX670400_0	26	Klebsiella pneumoniae
PX060903_0	PX733326_0	26	Klebsiella pneumoniae
PX060903_0	PZ156446_0	26	Klebsiella pneumoniae
PX060903_0	PZ324408_0	26	Escherichia coli
PX060903_0	PZ533728_0	26	Klebsiella pneumoniae
PX060903_0	PZ533729_0	26	Klebsiella pneumoniae
PX060903_0	PZ689225_0	26	Klebsiella pneumoniae
PX060903_0	PZ789120_0	26	Klebsiella pneumoniae
PX060903_0	PX670405_0	26	Klebsiella pneumoniae
PX060903_0	PX060902_0	26	Klebsiella pneumoniae
PX060903_0	PX670403_0	26	Klebsiella pneumoniae
PX060903_0	PX670411_0	26	Klebsiella pneumoniae
PX060903_0	PZ324409_0	26	Escherichia coli
PX060903_0	PX670396_0	26	Klebsiella pneumoniae
PX060903_0	PZ315864_0	26	Klebsiella pneumoniae
PX068456_0	PX068456_0	27	Escherichia coli
PX068456_0	PZ782780_0	27	Escherichia coli
PX093639_0	PX093639_0	28	Klebsiella pneumoniae
PX116399_0	PX116399_0	29	Escherichia coli
PX116399_0	PV871781_0	29	Escherichia coli
PX116399_0	PX502252_0	29	Escherichia coli
PX116399_0	PZ334583_0	29	Escherichia coli
PX116399_0	PZ379598_0	29	Escherichia coli
PX116399_0	PZ527900_0	29	Escherichia coli
PX116399_0	PZ544513_0	29	Escherichia coli
PX116399_0	PZ787336_0	29	Escherichia coli
PX116399_0	PZ789432_0	29	Escherichia coli
PX116399_0	PZ379180_0	29	Escherichia coli
PX116399_0	PZ467946_0	29	Klebsiella pneumoniae
PX123545_0	PX123545_0	30	Escherichia coli
PX123545_0	PZ683213_0	30	Escherichia coli
PX130998_0	PX130998_0	31	Klebsiella pneumoniae
PX130998_0	PX131001_0	31	Klebsiella pneumoniae
PX131005_0	PX131005_0	32	Klebsiella pneumoniae
PX131005_0	PV933828_0	32	Klebsiella pneumoniae
PX131005_0	PX131004_0	32	Klebsiella pneumoniae
PX132329_0	PX132329_0	33	Klebsiella oxytoca
PX132334_0	PX132334_0	34	Escherichia coli
PX132334_0	PZ754631_0	34	Escherichia coli
PX241558_0	PX241558_0	35	Klebsiella pneumoniae
PX241558_0	PV081217_0	35	Klebsiella pneumoniae
PX241558_0	PV402687_0	35	Klebsiella pneumoniae
PX241558_0	PX872915_0	35	Klebsiella pneumoniae
PX241558_0	PV240279_0	35	Klebsiella pneumoniae
PX241558_0	PZ533734_0	35	Klebsiella pneumoniae
PX241558_0	PV402688_0	35	Klebsiella variicola
PX241558_0	PV081216_0	35	Klebsiella pneumoniae
PX241558_0	PV402689_0	35	Klebsiella variicola
PX241558_0	PZ533732_0	35	Klebsiella pneumoniae
PX241558_0	PZ406325_0	35	Klebsiella pneumoniae
PX241558_0	PX872922_0	35	Klebsiella pneumoniae
PX241558_0	PZ406326_0	35	Klebsiella pneumoniae
PX241558_0	PZ406327_0	35	Klebsiella pneumoniae
PX241558_0	PZ406328_0	35	Klebsiella pneumoniae
PX241558_0	PZ406330_0	35	Klebsiella pneumoniae
PX241558_0	PZ406331_0	35	Klebsiella pneumoniae
PX241558_0	PZ406332_0	35	Klebsiella pneumoniae
PX241558_0	PZ568324_0	35	Klebsiella pneumoniae
PX241558_0	PZ654712_0	35	Klebsiella pneumoniae
PX241558_0	NC_107939_0	35	Klebsiella pneumoniae
PX241558_0	PX405663_0	35	Escherichia coli
PX275746_0	PX275746_0	36	Klebsiella aerogenes
PX275746_0	PX246282_0	36	Klebsiella aerogenes
PX282428_0	PX282428_0	37	Escherichia coli
PX282428_0	PZ445485_0	37	Escherichia coli
PX283063_0	PX283063_0	38	Klebsiella pneumoniae
PX393109_0	PX393109_0	39	Escherichia coli
PX393109_0	PV615262_0	39	Escherichia coli
PX393109_0	PX393110_0	39	Escherichia coli
PX393109_0	PZ513996_0	39	Escherichia coli
PX411090_0	PX411090_0	40	Klebsiella pneumoniae
PX411090_0	PZ533731_0	40	Klebsiella pneumoniae
PX411090_0	PZ228299_0	40	Klebsiella pneumoniae
PX502238_0	PX502238_0	41	Klebsiella pneumoniae
PX502238_0	PZ654713_0	41	Klebsiella pneumoniae
PX502240_0	PX502240_0	42	Klebsiella pneumoniae
PX502240_0	PX418922_0	42	Escherichia coli
PX502240_0	OP373729_0	42	Klebsiella pneumoniae
PX502240_0	PX670388_0	42	Klebsiella pneumoniae
PX502240_0	PX670402_0	42	Klebsiella pneumoniae
PX502243_0	PX502243_0	43	Klebsiella pneumoniae
PX502243_0	PX670414_0	43	Klebsiella pneumoniae
PX529439_0	PX529439_0	44	Klebsiella pneumoniae
PX529439_0	NC_107940_0	44	Klebsiella pneumoniae
PX577203_0	PX577203_0	45	Klebsiella pneumoniae
PX645697_0	PX645697_0	46	Escherichia coli
PX645697_0	PV871783_0	46	Escherichia coli
PX645697_0	PX402468_0	46	Escherichia coli
PX645697_0	PZ256263_0	46	Escherichia coli
PX645697_0	PZ256264_0	46	Escherichia coli
PX645697_0	PZ256265_0	46	Escherichia coli
PX645697_0	PZ379075_0	46	Escherichia coli
PX645697_0	PZ379176_0	46	Escherichia coli
PX645697_0	PX402466_0	46	Escherichia coli
PX645697_0	PZ445472_0	46	Escherichia coli
PX645697_0	PZ445473_0	46	Escherichia coli
PX645697_0	PZ445484_0	46	Escherichia coli
PX651778_0	PX651778_0	47	Klebsiella pneumoniae
PX655591_0	PX655591_0	48	Escherichia coli
PX670397_0	PX670397_0	49	Klebsiella oxytoca
PX670397_0	OR090987_0	49	Klebsiella pneumoniae
PX670397_0	OR090993_0	49	Klebsiella pneumoniae
PX670397_0	PX670401_0	49	Klebsiella pneumoniae
PX670397_0	PZ055535_0	49	Klebsiella pneumoniae
PX670397_0	PZ379304_0	49	Klebsiella michiganensis
PX670397_0	PV357170_0	49	Escherichia coli
PX670409_0	PX670409_0	50	Klebsiella michiganensis
PX670412_0	PX670412_0	51	Klebsiella pneumoniae
PX670412_0	PX915673_0	51	Klebsiella pneumoniae
PX682545_0	PX682545_0	52	Escherichia coli
PX682545_0	PV904160_0	52	Klebsiella pneumoniae
PX682545_0	PZ247578_0	52	Escherichia coli
PX682545_0	PZ490076_0	52	Escherichia coli
PX694288_0	PX694288_0	53	Klebsiella pneumoniae
PX694288_0	PQ824572_0	53	Klebsiella pneumoniae
PX694288_0	PV759140_0	53	Klebsiella pneumoniae
PX694288_0	PZ055534_0	53	Klebsiella pneumoniae
PX694288_0	PZ233473_0	53	Klebsiella pneumoniae
PX694288_0	PZ686473_0	53	Klebsiella pneumoniae
PX694288_0	PZ233470_0	53	Klebsiella pneumoniae
PX694288_0	PZ233471_0	53	Klebsiella pneumoniae
PX694288_0	PZ233472_0	53	Klebsiella pneumoniae
PX694289_0	PX694289_0	54	Klebsiella pneumoniae
PX705375_0	PX705375_0	55	Escherichia coli
PX848766_0	PX848766_0	56	Escherichia coli
PX853812_0	PX853812_0	57	Escherichia coli
PX853812_0	PX930851_0	57	Escherichia coli
PX853812_0	PZ402301_0	57	Escherichia coli
PX853812_0	PX050470_0	57	Escherichia coli
PX853812_0	PZ402304_0	57	Escherichia coli
PX853812_0	PZ445134_0	57	Escherichia coli
PX853812_0	PX842581_0	57	Escherichia coli
PX853812_0	PZ347775_0	57	Escherichia coli
PX853812_0	PZ445435_0	57	Escherichia coli
PX853812_0	PZ445438_0	57	Escherichia coli
PX853812_0	PZ445436_0	57	Escherichia coli
PX853812_0	PZ445536_0	57	Escherichia coli
PX853812_0	PZ534512_0	57	Escherichia coli
PX853812_0	PX915678_0	57	Escherichia coli
PX853812_0	PZ154897_0	57	Escherichia coli
PX853812_0	PX024856_0	57	Escherichia coli
PX853812_0	PZ019085_0	57	Escherichia coli
PX853812_0	PZ357121_0	57	Escherichia coli
PX853812_0	PZ386965_0	57	Escherichia coli
PX853812_0	PZ386974_0	57	Escherichia coli
PX853812_0	PZ386977_0	57	Escherichia coli
PX853812_0	PZ754749_0	57	Escherichia coli
PX853812_0	PX516694_0	57	Escherichia coli
PX853812_0	PX521588_0	57	Escherichia coli
PX853812_0	PZ019084_0	57	Escherichia coli
PX853812_0	PZ019086_0	57	Escherichia coli
PX853812_0	PZ445439_0	57	Escherichia coli
PX853812_0	PZ445548_0	57	Escherichia coli
PX872923_0	PX872923_0	58	Klebsiella pneumoniae
PX872923_0	PZ533733_0	58	Klebsiella pneumoniae
PX904472_0	PX904472_0	59	Klebsiella pneumoniae
PX904472_0	PX130993_0	59	Klebsiella pneumoniae
PX904472_0	PX130996_0	59	Klebsiella pneumoniae
PX904472_0	PX130997_0	59	Klebsiella pneumoniae
PX904472_0	PQ305823_0	59	Klebsiella pneumoniae
PX904472_0	PX670406_0	59	Klebsiella pneumoniae
PX904472_0	PZ155155_0	59	Klebsiella pneumoniae
PX907401_0	PX907401_0	60	Escherichia coli
PX930852_0	PX930852_0	61	Escherichia coli
PX930852_0	PX930854_0	61	Escherichia coli
PX930852_0	PZ386958_0	61	Escherichia coli
PX930852_0	PZ386959_0	61	Escherichia coli
PX930852_0	PZ386961_0	61	Escherichia coli
PX930852_0	PZ172995_0	61	Escherichia coli
PX930852_0	PZ386963_0	61	Escherichia coli
PX930852_0	PZ386975_0	61	Escherichia coli
PX930852_0	PZ386978_0	61	Escherichia coli
PX930852_0	PZ386976_0	61	Escherichia coli
PX930852_0	PZ386966_0	61	Escherichia coli
PX930852_0	PZ445454_0	61	Escherichia coli
PX930852_0	OR090992_0	61	Klebsiella pneumoniae
PX930852_0	PX667728_0	61	Escherichia coli
PX930852_0	PX930192_0	61	Escherichia coli
PX930852_0	PZ445534_0	61	Escherichia coli
PX930852_0	PZ534515_0	61	Escherichia coli
PX930852_0	PZ554334_0	61	Escherichia coli
PX930852_0	PZ754632_0	61	Escherichia coli
PX930852_0	PZ445503_0	61	Escherichia coli
PX930852_0	OR090991_0	61	Klebsiella pneumoniae
PX943615_0	PX943615_0	62	Klebsiella pneumoniae
PX943615_0	PZ533739_0	62	Klebsiella pneumoniae
PX943720_0	PX943720_0	63	Klebsiella pneumoniae
PX943856_0	PX943856_0	64	Escherichia coli
PX943856_0	PX375235_0	64	Escherichia coli
PX946034_0	PX946034_0	65	Klebsiella pneumoniae
PX974239_0	PX974239_0	66	Klebsiella pneumoniae
PX985798_0	PX985798_0	67	Escherichia coli
PX985799_0	PX985799_0	68	Escherichia coli
PZ012685_0	PZ012685_0	69	Escherichia coli
PZ012685_0	PV833093_0	69	Klebsiella pneumoniae
PZ019083_0	PZ019083_0	70	Escherichia coli
PZ019083_0	PZ019082_0	70	Escherichia coli
PZ049337_0	PZ049337_0	71	Escherichia coli
PZ049337_0	PX651718_0	71	Escherichia coli
PZ049337_0	PZ379545_0	71	Escherichia coli
PZ049337_0	PZ379594_0	71	Escherichia coli
PZ091928_0	PZ091928_0	72	Klebsiella pneumoniae
PZ091928_0	PX315803_0	72	Klebsiella pneumoniae
PZ091928_0	PX842722_0	72	Klebsiella pneumoniae
PZ091928_0	PZ244633_0	72	Klebsiella pneumoniae
PZ091928_0	PZ244634_0	72	Klebsiella pneumoniae
PZ091928_0	PZ481756_0	72	Klebsiella pneumoniae
PZ091942_0	PZ091942_0	73	Escherichia coli
PZ103639_0	PZ103639_0	74	Klebsiella pneumoniae
PZ103639_0	PV357169_0	74	Escherichia coli
PZ103639_0	PX630711_0	74	Klebsiella pneumoniae
PZ103639_0	PX670413_0	74	Klebsiella pneumoniae
PZ103639_0	PZ103641_0	74	Klebsiella pneumoniae
PZ103640_0	PZ103640_0	75	Klebsiella pneumoniae
PZ103640_0	PZ103643_0	75	Klebsiella pneumoniae
PZ103640_0	PZ103644_0	75	Klebsiella pneumoniae
PZ103647_0	PZ103647_0	76	Klebsiella pneumoniae
PZ149775_0	PZ149775_0	77	Klebsiella pneumoniae
PZ166041_0	PZ166041_0	78	Klebsiella aerogenes
PZ166041_0	PZ495249_0	78	Escherichia coli
PZ195872_0	PZ195872_0	79	Klebsiella pneumoniae
PZ195872_0	PZ168308_0	79	Klebsiella pneumoniae
PZ195872_0	PZ278543_0	79	Klebsiella pneumoniae
PZ229304_0	PZ229304_0	80	Escherichia coli
PZ229304_0	PZ386955_0	80	Escherichia coli
PZ229304_0	PZ445453_0	80	Escherichia coli
PZ229304_0	PZ166176_0	80	Escherichia coli
PZ229304_0	PZ402305_0	80	Escherichia coli
PZ229304_0	PX521586_0	80	Escherichia coli
PZ229304_0	PX521587_0	80	Escherichia coli
PZ229304_0	PX880099_0	80	Escherichia coli
PZ229304_0	PZ445451_0	80	Escherichia coli
PZ229304_0	PZ445452_0	80	Escherichia coli
PZ229304_0	PZ445541_0	80	Escherichia coli
PZ229304_0	PZ445546_0	80	Escherichia coli
PZ229304_0	PZ445551_0	80	Escherichia coli
PZ233469_0	PZ233469_0	81	Klebsiella pneumoniae
PZ233474_0	PZ233474_0	82	Klebsiella pneumoniae
PZ278545_0	PZ278545_0	83	Klebsiella pneumoniae
PZ278545_0	NC_100129_0	83	Escherichia coli
PZ278545_0	NC_101840_0	83	Escherichia coli
PZ278545_0	PZ445409_0	83	Escherichia coli
PZ278545_0	PZ445410_0	83	Escherichia coli
PZ278545_0	PZ445499_0	83	Escherichia coli
PZ278545_0	PZ445500_0	83	Escherichia coli
PZ278545_0	PZ445501_0	83	Escherichia coli
PZ278545_0	PZ445506_0	83	Escherichia coli
PZ278545_0	PZ445508_0	83	Escherichia coli
PZ278545_0	PZ445533_0	83	Escherichia coli
PZ278545_0	PZ445553_0	83	Escherichia coli
PZ278545_0	PZ452605_0	83	Escherichia coli
PZ278545_0	NC_103567_0	83	Escherichia coli
PZ278545_0	NC_102605_0	83	Escherichia coli
PZ278545_0	PZ445412_0	83	Escherichia coli
PZ278545_0	PZ445512_0	83	Escherichia coli
PZ278545_0	PZ445408_0	83	Escherichia coli
PZ278545_0	NC_101820_0	83	Escherichia coli
PZ278545_0	OR896823_0	83	Escherichia coli
PZ278545_0	PZ445411_0	83	Escherichia coli
PZ278545_0	PZ445413_0	83	Escherichia coli
PZ278545_0	PZ445495_0	83	Escherichia coli
PZ278545_0	PZ445502_0	83	Escherichia coli
PZ278545_0	PZ445504_0	83	Escherichia coli
PZ278545_0	PZ445538_0	83	Escherichia coli
PZ278545_0	PZ452607_0	83	Escherichia coli
PZ278545_0	PZ273787_0	83	Escherichia coli
PZ278545_0	PZ445416_0	83	Escherichia coli
PZ278545_0	NC_107952_0	83	Klebsiella variicola
PZ278545_0	NC_104633_0	83	Klebsiella pneumoniae
PZ278545_0	NC_104812_0	83	Klebsiella pneumoniae
PZ278545_0	NC_105154_0	83	Klebsiella pneumoniae
PZ278545_0	NC_105155_0	83	Klebsiella pneumoniae
PZ278545_0	NC_105611_0	83	Klebsiella pneumoniae
PZ278545_0	NC_105640_0	83	Klebsiella pneumoniae
PZ278545_0	NC_105644_0	83	Klebsiella pneumoniae
PZ278545_0	NC_105792_0	83	Klebsiella pneumoniae
PZ278545_0	NC_109729_0	83	Klebsiella pneumoniae
PZ278545_0	NC_110358_0	83	Klebsiella pneumoniae
PZ278545_0	NC_129888_0	83	Klebsiella pneumoniae
PZ278545_0	NC_129956_0	83	Klebsiella pneumoniae
PZ278545_0	NC_129957_0	83	Klebsiella pneumoniae
PZ278545_0	NC_130273_0	83	Klebsiella pneumoniae
PZ278545_0	OR090977_0	83	Klebsiella pneumoniae
PZ278545_0	OR090988_0	83	Klebsiella pneumoniae
PZ278545_0	PQ628034_0	83	Klebsiella pneumoniae
PZ278545_0	PX502229_0	83	Klebsiella pneumoniae
PZ278545_0	PX502245_0	83	Klebsiella pneumoniae
PZ278545_0	PX641096_0	83	Klebsiella pneumoniae
PZ278545_0	PX725530_0	83	Klebsiella pneumoniae
PZ278545_0	PZ227171_0	83	Klebsiella pneumoniae
PZ278545_0	PZ233475_0	83	Klebsiella pneumoniae
PZ278545_0	PZ547843_0	83	Klebsiella pneumoniae
PZ278545_0	NC_103145_0	83	Klebsiella aerogenes
PZ278545_0	NC_104395_0	83	Klebsiella pneumoniae
PZ278545_0	PX866606_0	83	Klebsiella aerogenes
PZ278545_0	PZ465731_0	83	Klebsiella aerogenes
PZ278545_0	PZ465735_0	83	Klebsiella aerogenes
PZ278545_0	NC_103859_0	83	Klebsiella pneumoniae
PZ278545_0	NC_104629_0	83	Klebsiella pneumoniae
PZ278545_0	PX880622_0	83	Klebsiella pneumoniae
PZ278545_0	PX915672_0	83	Klebsiella pneumoniae
PZ278545_0	PZ654711_0	83	Klebsiella pneumoniae
PZ278545_0	NC_104630_0	83	Klebsiella pneumoniae
PZ278545_0	NC_106494_0	83	Klebsiella pneumoniae
PZ278545_0	NC_104631_0	83	Klebsiella pneumoniae
PZ278545_0	OR090980_0	83	Klebsiella pneumoniae
PZ278545_0	PZ000751_0	83	Klebsiella pneumoniae
PZ278545_0	PZ055537_0	83	Klebsiella pneumoniae
PZ278545_0	PZ055538_0	83	Klebsiella pneumoniae
PZ278545_0	PZ440473_0	83	Klebsiella pneumoniae
PZ278545_0	PZ440474_0	83	Klebsiella pneumoniae
PZ278545_0	PX502241_0	83	Klebsiella pneumoniae
PZ278545_0	PX502242_0	83	Klebsiella pneumoniae
PZ278545_0	PX502250_0	83	Klebsiella pneumoniae
PZ278545_0	PX666696_0	83	Klebsiella pneumoniae
PZ278545_0	PZ533730_0	83	Klebsiella pneumoniae
PZ278545_0	PX502244_0	83	Klebsiella pneumoniae
PZ278545_0	NC_110359_0	83	Klebsiella pneumoniae
PZ278545_0	PX502246_0	83	Klebsiella pneumoniae
PZ278545_0	PX502248_0	83	Klebsiella pneumoniae
PZ278545_0	PZ447393_0	83	Klebsiella pneumoniae
PZ278545_0	PZ454251_0	83	Klebsiella pneumoniae
PZ278545_0	PX132331_0	83	Klebsiella oxytoca
PZ278545_0	NC_104627_0	83	Klebsiella pneumoniae
PZ278545_0	NC_104628_0	83	Klebsiella pneumoniae
PZ278545_0	NC_104632_0	83	Klebsiella pneumoniae
PZ278545_0	NC_105638_0	83	Klebsiella pneumoniae
PZ278545_0	NC_105721_0	83	Klebsiella pneumoniae
PZ278545_0	NC_106517_0	83	Klebsiella pneumoniae
PZ278545_0	NC_106518_0	83	Klebsiella pneumoniae
PZ278545_0	NC_107953_0	83	Klebsiella variicola
PZ278545_0	NC_130765_0	83	Klebsiella pneumoniae
PZ278545_0	PQ621130_0	83	Klebsiella pneumoniae
PZ278545_0	PX411091_0	83	Klebsiella pneumoniae
PZ278545_0	PX502249_0	83	Klebsiella pneumoniae
PZ278545_0	PX843005_0	83	Klebsiella pneumoniae
PZ278545_0	PX904473_0	83	Klebsiella pneumoniae
PZ278545_0	PZ542107_0	83	Klebsiella pneumoniae
PZ278545_0	PZ788954_0	83	Klebsiella pneumoniae
PZ278545_0	PZ798257_0	83	Klebsiella pneumoniae
PZ278545_0	PZ000615_0	83	Escherichia coli
PZ278545_0	PZ445414_0	83	Escherichia coli
PZ278545_0	NC_130051_0	83	Escherichia coli
PZ278545_0	PZ452599_0	83	Escherichia coli
PZ278545_0	PZ150740_0	83	Escherichia coli
PZ278545_0	PZ386979_0	83	Escherichia coli
PZ278545_0	PZ871099_0	83	Escherichia coli
PZ278545_0	PZ050808_0	83	Klebsiella pneumoniae
PZ278545_0	PV976138_0	83	Klebsiella pneumoniae
PZ278545_0	PZ445493_0	83	Escherichia coli
PZ324406_0	PZ324406_0	84	Escherichia coli
PZ324410_0	PZ324410_0	85	Escherichia coli
PZ340978_0	PZ340978_0	86	Escherichia coli
PZ340978_0	PZ871100_0	86	Escherichia coli
PZ340978_0	PX907402_0	86	Escherichia coli
PZ340978_0	PX907403_0	86	Escherichia coli
PZ344153_0	PZ344153_0	87	Klebsiella pneumoniae
PZ344153_0	PX502247_0	87	Klebsiella pneumoniae
PZ344153_0	PZ244635_0	87	Klebsiella pneumoniae
PZ344153_0	PZ386967_0	87	Escherichia coli
PZ344153_0	PZ168289_0	87	Escherichia coli
PZ344153_0	PZ386968_0	87	Escherichia coli
PZ344153_0	PZ386971_0	87	Escherichia coli
PZ344153_0	PZ445487_0	87	Escherichia coli
PZ379074_0	PZ379074_0	88	Escherichia coli
PZ379074_0	PX904586_0	88	Escherichia coli
PZ379074_0	PZ386964_0	88	Escherichia coli
PZ379074_0	PZ445415_0	88	Escherichia coli
PZ379074_0	PZ168832_0	88	Escherichia coli
PZ379177_0	PZ379177_0	89	Escherichia coli
PZ379183_0	PZ379183_0	90	Escherichia coli
PZ379183_0	PZ379178_0	90	Escherichia coli
PZ379183_0	PZ379181_0	90	Escherichia coli
PZ379183_0	PZ379182_0	90	Escherichia coli
PZ379183_0	PZ379185_0	90	Escherichia coli
PZ379183_0	PZ379541_0	90	Escherichia coli
PZ379183_0	PZ379542_0	90	Escherichia coli
PZ379183_0	PZ379543_0	90	Escherichia coli
PZ379183_0	PZ379546_0	90	Escherichia coli
PZ379183_0	PZ379549_0	90	Escherichia coli
PZ379183_0	PZ379550_0	90	Escherichia coli
PZ379183_0	PZ379596_0	90	Escherichia coli
PZ379183_0	PZ379597_0	90	Escherichia coli
PZ379183_0	PZ379599_0	90	Escherichia coli
PZ379183_0	PZ379600_0	90	Escherichia coli
PZ379183_0	PZ379601_0	90	Escherichia coli
PZ379183_0	PZ379602_0	90	Escherichia coli
PZ379183_0	PZ379603_0	90	Escherichia coli
PZ379183_0	PZ379184_0	90	Escherichia coli
PZ379183_0	PZ379544_0	90	Escherichia coli
PZ379183_0	PZ379179_0	90	Escherichia coli
PZ379183_0	PX974237_0	90	Escherichia coli
PZ379183_0	PZ379076_0	90	Escherichia coli
PZ379183_0	PZ379547_0	90	Escherichia coli
PZ379183_0	PZ379595_0	90	Escherichia coli
PZ386951_0	PZ386951_0	91	Escherichia coli
PZ386956_0	PZ386956_0	92	Escherichia coli
PZ386957_0	PZ386957_0	93	Escherichia coli
PZ386957_0	PX375238_0	93	Escherichia coli
PZ386957_0	PZ151149_0	93	Escherichia coli
PZ386957_0	PX759568_0	93	Escherichia coli
PZ386957_0	PZ311407_0	93	Escherichia coli
PZ386957_0	PZ386948_0	93	Escherichia coli
PZ386957_0	PZ386947_0	93	Escherichia coli
PZ386957_0	PZ386949_0	93	Escherichia coli
PZ386957_0	PZ445434_0	93	Escherichia coli
PZ386957_0	PZ445497_0	93	Escherichia coli
PZ386957_0	PZ445517_0	93	Escherichia coli
PZ386957_0	PZ445543_0	93	Escherichia coli
PZ386957_0	PZ445552_0	93	Escherichia coli
PZ386957_0	PZ445554_0	93	Escherichia coli
PZ386957_0	PZ452593_0	93	Escherichia coli
PZ386957_0	PZ496580_0	93	Escherichia coli
PZ386957_0	PZ445505_0	93	Escherichia coli
PZ386957_0	PZ738962_0	93	Escherichia coli
PZ386957_0	PZ835552_0	93	Escherichia coli
PZ386957_0	PZ869731_0	93	Escherichia coli
PZ386957_0	PZ445433_0	93	Escherichia coli
PZ386957_0	PZ509022_0	93	Escherichia coli
PZ386957_0	PZ543597_0	93	Escherichia coli
PZ386969_0	PZ386969_0	94	Escherichia coli
PZ402300_0	PZ402300_0	95	Escherichia coli
PZ402302_0	PZ402302_0	96	Escherichia coli
PZ402302_0	PQ400078_0	96	Klebsiella pneumoniae
PZ402302_0	PX375236_0	96	Escherichia coli
PZ402302_0	PZ311405_0	96	Escherichia coli
PZ402302_0	PZ402303_0	96	Escherichia coli
PZ402302_0	PZ445457_0	96	Escherichia coli
PZ402302_0	PZ445456_0	96	Escherichia coli
PZ402302_0	PZ465525_0	96	Escherichia coli
PZ402302_0	PZ386960_0	96	Escherichia coli
PZ402302_0	OR090979_0	96	Klebsiella pneumoniae
PZ402302_0	OR090981_0	96	Klebsiella pneumoniae
PZ402302_0	PX969080_0	96	Klebsiella pneumoniae
PZ402302_0	PZ000752_0	96	Klebsiella pneumoniae
PZ402302_0	PZ379296_0	96	Klebsiella pneumoniae
PZ402302_0	PZ379299_0	96	Klebsiella pneumoniae
PZ402302_0	PZ465528_0	96	Klebsiella pneumoniae
PZ402302_0	PZ481759_0	96	Klebsiella pneumoniae
PZ402302_0	PZ533743_0	96	Klebsiella pneumoniae
PZ402302_0	PQ306522_0	96	Klebsiella pneumoniae
PZ402302_0	PX060898_0	96	Klebsiella pneumoniae
PZ402302_0	PZ465524_0	96	Klebsiella pneumoniae
PZ402949_0	PZ402949_0	97	Klebsiella pneumoniae
PZ402949_0	PX670391_0	97	Klebsiella pneumoniae
PZ402949_0	PX670392_0	97	Klebsiella pneumoniae
PZ402949_0	PZ103638_0	97	Klebsiella pneumoniae
PZ402949_0	PZ502448_0	97	Klebsiella pneumoniae
PZ402949_0	PX131002_0	97	Klebsiella pneumoniae
PZ402949_0	PX131003_0	97	Klebsiella pneumoniae
PZ402949_0	PZ103642_0	97	Klebsiella pneumoniae
PZ402949_0	PZ379305_0	97	Klebsiella pneumoniae
PZ402949_0	PZ055532_0	97	Klebsiella pneumoniae
PZ405959_0	PZ405959_0	98	Klebsiella pneumoniae
PZ445405_0	PZ445405_0	99	Escherichia coli
PZ445405_0	PZ166175_0	99	Escherichia coli
PZ445405_0	PZ445407_0	99	Escherichia coli
PZ445405_0	PZ445507_0	99	Escherichia coli
PZ445405_0	PZ725262_0	99	Escherichia coli
PZ445405_0	PZ386946_0	99	Escherichia coli
PZ445405_0	PZ445406_0	99	Escherichia coli
PZ445405_0	PZ465526_0	99	Escherichia coli
PZ445417_0	PZ445417_0	100	Escherichia coli
PZ445417_0	PZ445418_0	100	Escherichia coli
PZ445417_0	PZ445419_0	100	Escherichia coli
PZ445417_0	PZ445470_0	100	Escherichia coli
PZ445417_0	PZ445471_0	100	Escherichia coli
PZ445417_0	PZ445510_0	100	Escherichia coli
PZ445417_0	PZ445529_0	100	Escherichia coli
PZ445417_0	PZ445531_0	100	Escherichia coli
PZ445417_0	PZ445532_0	100	Escherichia coli
PZ445417_0	PZ445535_0	100	Escherichia coli
PZ445417_0	PZ744579_0	100	Escherichia coli
PZ445417_0	PZ671982_0	100	Escherichia coli
PZ445417_0	PZ871095_0	100	Escherichia coli
PZ445417_0	PZ878405_0	100	Escherichia coli
PZ445432_0	PZ445432_0	101	Escherichia coli
PZ445432_0	PX418213_0	101	Escherichia coli
PZ445432_0	PZ386972_0	101	Escherichia coli
PZ445432_0	PZ386973_0	101	Escherichia coli
PZ445458_0	PZ445458_0	102	Escherichia coli
PZ445463_0	PZ445463_0	103	Escherichia coli
PZ445463_0	PZ445464_0	103	Escherichia coli
PZ445463_0	PZ445462_0	103	Escherichia coli
PZ445463_0	PX880098_0	103	Escherichia coli
PZ445463_0	PZ445459_0	103	Escherichia coli
PZ445463_0	PZ445460_0	103	Escherichia coli
PZ445463_0	PZ445461_0	103	Escherichia coli
PZ445463_0	PZ445465_0	103	Escherichia coli
PZ445463_0	PZ445466_0	103	Escherichia coli
PZ445463_0	PZ445467_0	103	Escherichia coli
PZ445469_0	PZ445469_0	104	Escherichia coli
PZ445469_0	PX985797_0	104	Escherichia coli
PZ445537_0	PZ445537_0	105	Escherichia coli
PZ445537_0	PZ445539_0	105	Escherichia coli
PZ445537_0	PX969075_0	105	Escherichia coli
PZ445537_0	PZ445540_0	105	Escherichia coli
PZ445537_0	PZ445544_0	105	Escherichia coli
PZ445547_0	PZ445547_0	106	Escherichia coli
PZ445547_0	PZ715803_0	106	Escherichia coli
PZ445547_0	PX930853_0	106	Escherichia coli
PZ465698_0	PZ465698_0	107	Klebsiella pneumoniae
PZ465698_0	PV357746_0	107	Klebsiella pneumoniae
PZ465698_0	PV357744_0	107	Klebsiella pneumoniae
PZ465698_0	PZ533737_0	107	Klebsiella pneumoniae
PZ465698_0	PQ478073_0	107	Escherichia coli
PZ465698_0	PX502233_0	107	Klebsiella pneumoniae
PZ465698_0	PQ434564_0	107	Klebsiella pneumoniae
PZ465698_0	PV871784_0	107	Klebsiella pneumoniae
PZ465698_0	PX170208_0	107	Klebsiella pneumoniae
PZ465698_0	PX502236_0	107	Klebsiella pneumoniae
PZ465698_0	PX502237_0	107	Klebsiella pneumoniae
PZ465698_0	PX670408_0	107	Klebsiella pneumoniae
PZ465698_0	PX872919_0	107	Klebsiella pneumoniae
PZ465698_0	PX872920_0	107	Klebsiella pneumoniae
PZ465698_0	PX872921_0	107	Klebsiella pneumoniae
PZ465698_0	PX915674_0	107	Klebsiella pneumoniae
PZ465698_0	PX915675_0	107	Klebsiella pneumoniae
PZ465698_0	PX974311_0	107	Klebsiella pneumoniae
PZ465698_0	PZ244632_0	107	Klebsiella pneumoniae
PZ465698_0	PZ261141_0	107	Klebsiella pneumoniae
PZ465698_0	PZ379297_0	107	Klebsiella pneumoniae
PZ465698_0	PZ379298_0	107	Klebsiella pneumoniae
PZ465698_0	PZ533740_0	107	Klebsiella pneumoniae
PZ465698_0	PZ433559_0	107	Klebsiella pneumoniae
PZ465698_0	PZ900181_0	107	Klebsiella pneumoniae
PZ465730_0	PZ465730_0	108	Klebsiella aerogenes
PZ465730_0	PZ465733_0	108	Klebsiella aerogenes
PZ465730_0	PZ531155_0	108	Klebsiella michiganensis
PZ465732_0	PZ465732_0	109	Klebsiella aerogenes
PZ465734_0	PZ465734_0	110	Klebsiella aerogenes
PZ465734_0	PZ465736_0	110	Klebsiella aerogenes
PZ476263_0	PZ476263_0	111	Escherichia coli
PZ486388_0	PZ486388_0	112	Klebsiella pneumoniae
PZ486388_0	PZ405899_0	112	Klebsiella pneumoniae
PZ486388_0	PX693206_0	112	Klebsiella pneumoniae
PZ486388_0	PX997131_0	112	Klebsiella pneumoniae
PZ486388_0	PZ103646_0	112	Klebsiella pneumoniae
PZ486388_0	PZ156447_0	112	Klebsiella pneumoniae
PZ486388_0	PX502230_0	112	Klebsiella pneumoniae
PZ486388_0	PX502234_0	112	Klebsiella pneumoniae
PZ486388_0	PX502231_0	112	Klebsiella pneumoniae
PZ486388_0	PX502232_0	112	Klebsiella pneumoniae
PZ486388_0	PX502235_0	112	Klebsiella pneumoniae
PZ486388_0	PZ405898_0	112	Klebsiella pneumoniae
PZ501484_0	PZ501484_0	113	Escherichia coli
PZ501484_0	PZ501485_0	113	Escherichia coli
PZ501484_0	PZ501486_0	113	Escherichia coli
PZ502561_0	PZ502561_0	114	Klebsiella pneumoniae
PZ502562_0	PZ502562_0	115	Escherichia coli
PZ502562_0	PV240282_0	115	Klebsiella pneumoniae
PZ502562_0	PX120903_0	115	Klebsiella pneumoniae
PZ502562_0	OR090982_0	115	Klebsiella pneumoniae
PZ502562_0	OR090984_0	115	Klebsiella pneumoniae
PZ502562_0	OR090985_0	115	Klebsiella pneumoniae
PZ502562_0	PX375237_0	115	Escherichia coli
PZ502562_0	PX620741_0	115	Escherichia coli
PZ502562_0	PZ445455_0	115	Escherichia coli
PZ502562_0	PX405662_0	115	Escherichia coli
PZ502562_0	PX620742_0	115	Escherichia coli
PZ502562_0	OR090978_0	115	Klebsiella pneumoniae
PZ502562_0	OR090983_0	115	Klebsiella pneumoniae
PZ502562_0	PX759567_0	115	Escherichia coli
PZ502562_0	PZ344858_0	115	Escherichia coli
PZ513997_0	PZ513997_0	116	Escherichia coli
PZ533736_0	PZ533736_0	117	Klebsiella pneumoniae
PZ533742_0	PZ533742_0	118	Klebsiella pneumoniae
PZ533742_0	PX413393_0	118	Klebsiella pneumoniae
PZ533742_0	PZ103645_0	118	Klebsiella pneumoniae
PZ533742_0	PZ533741_0	118	Klebsiella pneumoniae
PZ533742_0	PZ871101_0	118	Klebsiella oxytoca
PZ533742_0	PZ055533_0	118	Klebsiella pneumoniae
PZ544685_0	PZ544685_0	119	Escherichia coli
PZ544685_0	PQ724393_0	119	Escherichia coli
PZ544685_0	PX393108_0	119	Escherichia coli
PZ544685_0	PZ053912_0	119	Escherichia coli
PZ544685_0	PZ496581_0	119	Escherichia coli
PZ544685_0	PZ509021_0	119	Escherichia coli
PZ544685_0	PX787811_0	119	Escherichia coli
PZ544685_0	PX880102_0	119	Escherichia coli
PZ544685_0	PZ049694_0	119	Escherichia coli
PZ544685_0	PZ154896_0	119	Escherichia coli
PZ544685_0	PZ154895_0	119	Escherichia coli
PZ544685_0	PZ311406_0	119	Escherichia coli
PZ544685_0	PZ386970_0	119	Escherichia coli
PZ544685_0	PZ445437_0	119	Escherichia coli
PZ544685_0	PZ445549_0	119	Escherichia coli
PZ544685_0	PZ452606_0	119	Escherichia coli
PZ564098_0	PZ564098_0	120	Klebsiella pneumoniae
PZ564098_0	PV872879_0	120	Klebsiella pneumoniae
PZ662386_0	PZ662386_0	121	Escherichia coli
PZ662386_0	PX583170_0	121	Escherichia coli
PZ674595_0	PZ674595_0	122	Escherichia coli
PZ689226_0	PZ689226_0	123	Klebsiella pneumoniae
PZ689226_0	PX974333_0	123	Klebsiella pneumoniae
PZ689226_0	PZ879284_0	123	Klebsiella oxytoca
PZ736737_0	PZ736737_0	124	Klebsiella pneumoniae
PZ736737_0	PX315802_0	124	Klebsiella pneumoniae
PZ736737_0	PX130995_0	124	Klebsiella pneumoniae
PZ736737_0	PX131000_0	124	Klebsiella pneumoniae
PZ736737_0	PZ533738_0	124	Klebsiella pneumoniae
PZ736737_0	PZ618369_0	124	Escherichia coli
PZ736737_0	PZ618370_0	124	Escherichia coli
PZ736737_0	PZ885831_0	124	Klebsiella pneumoniae
PZ748594_0	PZ748594_0	125	Escherichia coli
PZ748594_0	PZ362812_0	125	Escherichia coli
PZ748594_0	PZ445420_0	125	Escherichia coli
PZ748594_0	PZ445422_0	125	Escherichia coli
PZ748594_0	PZ445426_0	125	Escherichia coli
PZ748594_0	PZ436093_0	125	Escherichia coli
PZ748594_0	PZ386952_0	125	Escherichia coli
PZ748594_0	PZ445421_0	125	Escherichia coli
PZ748594_0	PZ445423_0	125	Escherichia coli
PZ748594_0	PZ445424_0	125	Escherichia coli
PZ748594_0	PZ445425_0	125	Escherichia coli
PZ748594_0	PZ540269_0	125	Escherichia coli
PZ748594_0	PX021331_0	125	Escherichia coli
PZ748594_0	PZ787841_0	125	Escherichia coli
PZ755731_0	PZ755731_0	126	Klebsiella pneumoniae
PZ755731_0	NC_109368_0	126	Klebsiella pneumoniae
PZ789118_0	PZ789118_0	127	Klebsiella pneumoniae
PZ789118_0	PX674087_0	127	Klebsiella pneumoniae
PZ789118_0	PX974332_0	127	Klebsiella pneumoniae
PZ792819_0	PZ792819_0	128	Klebsiella variicola
PZ793367_0	PZ793367_0	129	Escherichia coli
PZ797503_0	PZ797503_0	130	Escherichia coli
PZ917099_0	PZ917099_0	131	Escherichia coli
PZ917099_0	PQ724394_0	131	Escherichia coli
PZ917099_0	PV467748_0	131	Escherichia coli
PZ917099_0	PZ026127_0	131	Escherichia coli
PZ917099_0	PQ724392_0	131	Escherichia coli
PZ917099_0	PV419677_0	131	Escherichia coli
PZ917099_0	PZ809289_0	131	Escherichia coli
PZ917099_0	PV946933_0	131	Escherichia coli
PZ917099_0	PZ295659_0	131	Escherichia coli
PZ917099_0	PZ445440_0	131	Escherichia coli
PZ917099_0	PZ786312_0	131	Escherichia coli
PZ917099_0	PZ445488_0	131	Escherichia coli
PZ917099_0	PZ452604_0	131	Escherichia coli
