accession,annotated_host,E-LamB,E-FhuA,E-OmpC,E-OmpA,E-OmpF,E-Tsx,E-BtuB,E-FepA,E-TolC,E-YaeT_BamA,K-ompK36,K-ompK35,K-lamB,K-OmpA
NC_094493,Escherichia coli,0.9238,0.5635,0.0471,0.5381,0.9282,0.3048,0.9846,0.447,0.2956,0.0003,0.0009,0.0213,0.9989,0.5916
NC_100129,Escherichia coli,0.6452,1.0,0.0438,0.3106,0.9923,0.9983,0.9999,1.0,0.9994,1.0,0.0001,0.0,0.0,0.0016
NC_101820,Escherichia coli,0.7402,1.0,0.059,0.2332,0.9925,0.9999,0.9998,1.0,0.9999,1.0,0.0001,0.0,0.0,0.0002
NC_101837,Escherichia coli,0.953,1.0,0.0265,0.518,0.966,0.9663,1.0,1.0,1.0,1.0,0.0,0.0,0.0002,0.0114
NC_101838,Escherichia coli,0.9053,0.9836,0.5456,0.4412,0.9893,0.029,0.9988,0.9999,0.9995,0.9988,0.0599,0.0002,0.1198,0.0023
NC_101840,Escherichia coli,0.8328,0.9999,0.0861,0.3836,0.9946,1.0,1.0,1.0,1.0,1.0,0.0,0.0,0.0002,0.0005
NC_101842,Escherichia coli,0.9004,0.9961,0.6738,0.3816,0.9903,0.1091,0.9996,1.0,0.9997,0.9995,0.0105,0.0001,0.065,0.0014
NC_102605,Escherichia coli,0.6465,0.9966,0.044,0.2597,0.986,0.9994,1.0,1.0,0.9997,1.0,0.0001,0.0,0.0,0.0103
NC_103567,Escherichia coli,0.6665,0.9734,0.0529,0.3245,0.9819,0.9968,0.9999,1.0,0.9988,1.0,0.0014,0.0,0.0001,0.0114
NC_103859,Klebsiella pneumoniae,0.9381,0.0,0.8373,0.966,0.0561,0.0,0.0,0.0,0.0001,0.0,0.9987,0.9999,1.0,0.9998
NC_104395,Klebsiella pneumoniae,0.9574,0.0,0.79,0.9524,0.1016,0.0,0.0003,0.0002,0.0001,0.0,0.9916,0.9998,1.0,0.9998
NC_104627,Klebsiella pneumoniae,0.9642,0.0,0.8788,0.9597,0.064,0.0,0.0,0.0,0.0004,0.0,0.9977,0.9999,1.0,0.9998
NC_104628,Klebsiella pneumoniae,0.9302,0.0,0.7072,0.9554,0.0664,0.0,0.0003,0.0,0.0006,0.0,0.9817,0.9993,1.0,0.9998
NC_104629,Klebsiella pneumoniae,0.6569,0.0057,0.8497,0.9246,0.3496,0.0018,0.041,0.4718,0.0019,0.6014,0.9845,0.8356,0.9992,0.9849
NC_104630,Klebsiella pneumoniae,0.9513,0.0,0.7691,0.9227,0.0426,0.0,0.0001,0.0001,0.0003,0.0,0.9966,0.9999,1.0,0.9998
NC_104631,Klebsiella pneumoniae,0.9213,0.0,0.5982,0.938,0.0319,0.0,0.0001,0.0,0.0004,0.0,0.9906,0.9999,1.0,0.9998
NC_104632,Klebsiella pneumoniae,0.9849,0.0,0.8323,0.9212,0.0235,0.0,0.0,0.0,0.0,0.0,0.9996,1.0,1.0,0.9999
NC_104633,Klebsiella pneumoniae,0.9585,0.0,0.8652,0.8809,0.03,0.0,0.0,0.0,0.0,0.0,0.9998,1.0,1.0,0.9999
NC_104812,Klebsiella pneumoniae,0.9913,0.0,0.6783,0.8532,0.1388,0.0001,0.0002,0.0,0.0012,0.0,0.9913,0.9999,1.0,0.9993
NC_105100,Escherichia coli,0.7716,0.9794,0.0253,0.4803,0.9847,0.5625,0.9995,1.0,0.924,1.0,0.0074,0.0002,0.002,0.1454
NC_105101,Escherichia coli,0.9033,0.9999,0.0509,0.2981,0.9686,1.0,0.9992,1.0,1.0,1.0,0.0,0.0,0.0001,0.0013
NC_105102,Escherichia coli,0.7009,1.0,0.0457,0.1246,0.9887,1.0,1.0,1.0,1.0,1.0,0.0,0.0,0.0,0.0012
NC_105104,Escherichia coli,0.9557,0.9994,0.2911,0.8862,0.9957,0.9889,0.9928,0.9999,1.0,0.4158,0.0031,0.0,0.0072,0.0179
NC_105105,Escherichia coli,0.9459,0.9999,0.1986,0.0264,0.9996,1.0,1.0,1.0,1.0,0.9999,0.0001,0.0,0.0003,0.0107
NC_105106,Escherichia coli,0.6423,0.7107,0.1154,0.4103,0.997,1.0,0.4111,0.9997,0.9999,0.943,0.0493,0.0,0.0488,0.8688
NC_105113,Escherichia coli,0.6502,0.9999,0.04,0.3246,0.9876,0.9976,0.9995,0.9999,0.9973,0.9996,0.0002,0.0,0.0001,0.0082
NC_105137,Escherichia coli,0.4722,1.0,0.0741,0.1873,0.9044,0.037,0.9989,0.9999,0.9998,1.0,0.2712,0.0,0.5538,0.0035
NC_105154,Klebsiella pneumoniae,0.9964,0.0,0.8329,0.9702,0.0586,0.0,0.0,0.0,0.0,0.0,1.0,0.9999,1.0,1.0
NC_105155,Klebsiella pneumoniae,0.9887,0.0,0.9655,0.9956,0.5591,0.0,0.0,0.0,0.0008,0.0,0.9999,0.9998,1.0,1.0
NC_105611,Klebsiella pneumoniae,0.9713,0.0,0.8141,0.9742,0.2246,0.0,0.0009,0.0001,0.0001,0.0,0.9976,0.9973,1.0,0.9996
NC_105638,Klebsiella pneumoniae,0.9574,0.0001,0.7451,0.9382,0.0708,0.0,0.0011,0.0001,0.0011,0.0001,0.9859,0.9999,1.0,0.9994
NC_105640,Klebsiella pneumoniae,0.9701,0.0,0.4836,0.8842,0.3954,0.0005,0.0004,0.0004,0.01,0.0001,0.9616,0.8947,0.9999,0.9994
NC_105644,Klebsiella pneumoniae,0.9611,0.0,0.8082,0.953,0.0665,0.0001,0.0003,0.0002,0.001,0.0,0.9959,0.9997,1.0,0.9998
NC_105721,Klebsiella pneumoniae,0.9873,0.0,0.6506,0.9629,0.0321,0.0,0.0007,0.0,0.0005,0.0,0.9876,1.0,1.0,0.9996
NC_105792,Klebsiella pneumoniae,0.9964,0.0,0.8329,0.9702,0.0586,0.0,0.0,0.0,0.0,0.0,1.0,0.9999,1.0,1.0
NC_106494,Klebsiella pneumoniae,0.5917,0.0026,0.1356,0.1002,0.204,0.0,0.002,0.0,0.0439,0.0311,0.7748,0.9997,0.9992,0.9861
NC_106517,Klebsiella pneumoniae,0.9977,0.0001,0.6405,0.9258,0.1073,0.0,0.0011,0.0001,0.0001,0.0,0.9954,0.9923,1.0,0.9985
NC_106518,Klebsiella pneumoniae,0.997,0.0,0.7575,0.9652,0.057,0.0,0.0003,0.0,0.0001,0.0,0.9984,0.9996,1.0,0.9996
NC_107938,Klebsiella pneumoniae,0.6148,0.0,0.7325,0.9466,0.7295,0.0001,0.0099,0.0048,0.0049,0.0175,0.9922,0.9785,0.8596,0.9987
NC_107939,Klebsiella pneumoniae,0.667,0.0,0.9254,0.7056,0.2154,0.0035,0.0,0.0333,0.0,0.0,0.9997,0.9999,0.9993,0.999
NC_107940,Klebsiella pneumoniae,0.897,0.0001,0.8591,0.9924,0.5583,0.0,0.003,0.0005,0.0314,0.0,0.9892,0.9983,1.0,0.9999
NC_109358,Escherichia coli,0.9183,0.182,0.0166,0.3496,0.9786,0.9969,1.0,0.9063,0.9998,1.0,0.0042,0.0,0.0127,0.0221
NC_109368,Klebsiella pneumoniae,0.9326,0.0,0.5719,0.2163,0.4617,0.0,0.001,0.9996,0.0017,0.0,0.4359,0.9995,0.9999,0.996
NC_109729,Klebsiella pneumoniae,0.86,0.0001,0.5877,0.9727,0.1518,0.0,0.0059,0.0002,0.001,0.0001,0.9566,0.9986,0.9989,0.9998
NC_110358,Klebsiella pneumoniae,0.9964,0.0,0.9162,0.9854,0.026,0.0,0.0,0.0,0.0,0.0,1.0,1.0,1.0,1.0
NC_110359,Klebsiella pneumoniae,0.9363,0.0,0.9009,0.9553,0.2142,0.0002,0.0005,0.0008,0.0006,0.0,0.9976,0.9975,0.9999,0.9992
NC_111505,Escherichia coli,0.4803,1.0,0.0218,0.7363,0.9479,0.9998,0.9999,1.0,1.0,1.0,0.0003,0.0,0.0009,0.0235
NC_129888,Klebsiella pneumoniae,0.961,0.0,0.7364,0.9495,0.1079,0.0,0.0002,0.0002,0.0013,0.0,0.9961,0.9996,1.0,0.9998
NC_129898,Escherichia coli,0.6522,0.7819,0.4099,0.6569,0.6631,0.986,1.0,0.9999,0.9999,0.976,0.0196,0.0002,0.0008,0.7473
NC_129956,Klebsiella pneumoniae,0.9592,0.0,0.0921,0.7175,0.0086,0.0001,0.0,0.0001,0.0059,0.0,0.9987,0.9984,0.9943,0.9982
NC_129957,Klebsiella pneumoniae,0.9963,0.0,0.8697,0.9526,0.0718,0.0,0.0,0.0,0.0001,0.0,0.9998,1.0,1.0,0.9999
NC_130051,Escherichia coli,0.7988,0.9993,0.0332,0.5438,0.9822,0.9813,0.9966,1.0,0.9998,0.9999,0.0003,0.0,0.0079,0.0983
NC_130273,Klebsiella pneumoniae,0.961,0.0,0.5662,0.96,0.1047,0.0001,0.0013,0.0,0.0023,0.0,0.9807,0.999,1.0,0.9995
NC_130765,Klebsiella pneumoniae,0.9976,0.0001,0.6307,0.9231,0.1126,0.0,0.0013,0.0001,0.0001,0.0,0.995,0.9909,1.0,0.9983
OL657226,Escherichia coli,0.8562,0.9997,0.0369,0.7871,0.964,0.2302,0.9973,0.9798,0.9999,0.998,0.0012,0.0,0.3035,0.0007
OL657227,Escherichia coli,0.8547,0.9997,0.0357,0.7811,0.9643,0.2749,0.9972,0.9821,0.9999,0.9982,0.001,0.0,0.2639,0.0006
OL657228,Escherichia coli,0.7367,0.9656,0.0281,0.2536,0.9593,0.8683,0.9998,0.9999,0.9998,1.0,0.0021,0.0,0.0,0.0029
OM418625,Escherichia coli,0.2277,0.9997,0.0076,1.0,0.7105,0.9995,1.0,0.9995,0.9998,0.9392,0.0003,0.0009,0.0086,0.0051
OM418626,Escherichia coli,0.2495,0.9985,0.0043,1.0,0.5325,0.9999,1.0,0.9959,0.9996,0.9945,0.0018,0.003,0.0298,0.0193
OM418627,Escherichia coli,0.82,1.0,0.0122,0.901,0.9238,0.0073,0.9936,0.7995,1.0,0.9994,0.0001,0.0,0.1282,0.0008
OM867526,Escherichia coli,0.6492,0.9967,0.156,0.4516,0.4673,0.3547,0.9941,0.9918,0.9939,0.7638,0.0617,0.1465,0.1849,0.626
OM867527,Escherichia coli,0.9621,0.0002,0.9085,0.9367,0.927,0.9004,0.1004,0.0676,0.0021,0.0534,0.9998,0.7293,0.9949,0.9997
OP373729,Klebsiella pneumoniae,0.8299,0.0,0.9945,0.9647,0.094,0.408,0.0,0.0002,0.0023,0.0025,0.9999,0.999,0.9975,0.9965
OQ817854,Escherichia coli,0.9569,1.0,0.0846,0.5046,0.9967,1.0,1.0,0.9999,1.0,1.0,0.0,0.0,0.0011,0.0066
OQ863736,Klebsiella pneumoniae,0.9666,0.0012,0.9523,0.9579,0.5138,0.0946,0.0576,0.0193,0.0667,0.0003,0.9983,0.9799,1.0,0.9944
OR090976,Klebsiella pneumoniae,0.7619,0.0,0.9433,0.989,0.0376,0.0,0.0,0.0,0.0,0.0007,0.9995,1.0,1.0,1.0
OR090977,Klebsiella pneumoniae,0.9522,0.0,0.7019,0.8739,0.0421,0.0,0.0003,0.0,0.0003,0.0,0.9959,0.9998,1.0,0.9996
OR090978,Klebsiella pneumoniae,0.9766,0.1072,0.5625,0.9438,0.2201,0.0344,0.0334,0.5068,0.8316,0.025,0.9121,0.4132,0.9972,0.9775
OR090979,Klebsiella pneumoniae,0.9523,0.0003,0.9515,0.993,0.08,0.0,0.0,0.0001,0.0,0.0006,1.0,1.0,1.0,1.0
OR090980,Klebsiella pneumoniae,0.986,0.0,0.8423,0.9316,0.0293,0.0,0.0,0.0,0.0001,0.0,0.9992,1.0,1.0,0.9999
OR090981,Klebsiella pneumoniae,0.9802,0.0057,0.9496,0.9853,0.248,0.0,0.0,0.0001,0.0,0.0065,1.0,1.0,1.0,1.0
OR090982,Klebsiella pneumoniae,0.673,0.0017,0.1449,0.8412,0.0083,0.349,0.0037,0.0166,0.0005,0.0183,0.9936,0.9988,0.9886,0.9964
OR090983,Klebsiella pneumoniae,0.9778,0.1028,0.5746,0.945,0.2312,0.0385,0.0336,0.5101,0.833,0.0232,0.9187,0.4193,0.9973,0.9784
OR090984,Klebsiella pneumoniae,0.706,0.0013,0.1607,0.8823,0.0092,0.1894,0.0018,0.0186,0.0002,0.0182,0.9977,0.9996,0.9949,0.9982
OR090985,Klebsiella pneumoniae,0.706,0.0013,0.1607,0.8823,0.0092,0.1894,0.0018,0.0186,0.0002,0.0182,0.9977,0.9996,0.9949,0.9982
OR090986,Klebsiella pneumoniae,0.6832,0.0,0.9885,0.997,0.0497,0.0,0.0,0.0,0.0,0.0,1.0,1.0,1.0,1.0
OR090987,Klebsiella pneumoniae,0.9176,0.0001,0.8376,0.9836,0.2209,0.0,0.0,0.004,0.0,0.0,0.9996,0.9999,0.9959,0.9997
OR090988,Klebsiella pneumoniae,0.977,0.0,0.588,0.9121,0.0799,0.0,0.0003,0.0,0.0006,0.0,0.9926,1.0,1.0,0.9983
OR090989,Klebsiella pneumoniae,0.9648,0.0002,0.9727,0.9747,0.0806,0.0,0.0021,0.0018,0.0001,0.0003,0.999,0.9941,0.9998,0.9998
OR090990,Klebsiella pneumoniae,0.725,0.0,0.899,0.9815,0.0897,0.0,0.0002,0.0001,0.0001,0.0093,0.9987,1.0,0.9999,0.9999
OR090991,Klebsiella pneumoniae,0.993,0.0107,0.048,0.0,0.2499,0.6664,0.4097,0.0015,0.4525,0.2512,0.5585,0.9454,0.9995,0.9096
OR090992,Klebsiella pneumoniae,0.5558,0.9726,0.0015,0.9994,0.788,0.9999,1.0,0.9999,0.9999,1.0,0.0,0.0,0.0006,0.0777
OR090993,Klebsiella pneumoniae,0.6322,0.0003,0.9301,0.9475,0.1116,0.0,0.0,0.0066,0.002,0.0,0.9998,0.9953,0.9924,0.9999
OR090995,Klebsiella pneumoniae,0.7619,0.0,0.9433,0.989,0.0376,0.0,0.0,0.0,0.0,0.0007,0.9995,1.0,1.0,1.0
OR896820,Escherichia coli,0.2734,1.0,0.0728,0.3615,0.971,0.9941,1.0,1.0,1.0,1.0,0.0003,0.0,0.0029,0.0013
OR896823,Escherichia coli,0.8338,1.0,0.2286,0.8998,0.9648,1.0,1.0,1.0,1.0,1.0,0.0,0.0,0.0002,0.0011
PP739164,Klebsiella pneumoniae,0.6966,0.0001,0.7862,0.7351,0.0074,0.0,0.0,0.9995,0.0002,0.0168,0.97,0.9995,0.9981,0.9999
PQ249162,Klebsiella pneumoniae,0.9147,0.0001,0.9346,0.9547,0.2018,0.0,0.0003,0.0012,0.0001,0.0,0.9984,0.9996,1.0,0.9998
PQ249163,Klebsiella pneumoniae,0.8096,0.0002,0.8413,0.9246,0.8743,0.0,0.5959,0.823,0.1358,0.0,0.9898,0.9979,0.9501,0.9994
PQ305823,Klebsiella pneumoniae,0.9682,0.0,0.9645,0.984,0.06,0.0002,0.0,0.0,0.0,0.0,1.0,1.0,1.0,1.0
PQ306522,Klebsiella pneumoniae,0.3047,0.0074,0.8097,0.9205,0.4867,0.0,0.0003,0.0005,0.0005,0.1327,0.9989,0.9343,0.9993,1.0
PQ306523,Klebsiella pneumoniae,0.9257,0.0002,0.784,0.9722,0.749,0.0046,0.0001,0.0034,0.0025,0.0,0.9998,0.415,0.9994,0.9847
PQ400077,Klebsiella pneumoniae,0.7889,0.0,0.9335,0.8663,0.1459,0.1428,0.0074,0.7527,0.0046,0.0,0.9255,0.9809,0.9952,0.9998
PQ400078,Klebsiella pneumoniae,0.7519,0.7677,0.059,0.7773,0.8016,0.0048,0.0079,0.9959,0.015,0.7261,0.0019,0.0279,0.9289,0.923
PQ400079,Klebsiella pneumoniae,0.9619,0.0,0.9259,0.9974,0.4641,0.0,0.0024,0.0,0.0001,0.0,0.9986,0.9484,1.0,0.9999
PQ434564,Klebsiella pneumoniae,0.9851,0.0,0.8072,0.8938,0.0217,0.0,0.0,0.0,0.0,0.0,0.9999,0.9998,1.0,0.9993
PQ478073,Escherichia coli,0.8567,0.3487,0.3929,0.2906,0.0561,0.9648,0.0934,0.6985,0.639,0.9988,0.9645,0.7242,0.9989,0.3191
PQ529758,Klebsiella pneumoniae,0.9695,0.0001,0.9736,0.9654,0.1043,0.0,0.0012,0.005,0.0008,0.0012,0.999,0.989,0.9998,0.9994
PQ621121,Klebsiella pneumoniae,0.2709,0.5735,0.2445,0.5271,0.9384,0.0075,0.9397,0.6819,0.931,0.0,0.4443,0.8543,0.0089,0.061
PQ621122,Klebsiella pneumoniae,0.979,0.0,0.9852,0.9845,0.0314,0.0,0.0,0.0002,0.0,0.0,0.9999,1.0,1.0,0.9999
PQ621123,Klebsiella pneumoniae,0.9655,0.0004,0.9787,0.9656,0.1113,0.0,0.0056,0.0042,0.0002,0.0001,0.9993,0.976,0.9999,0.9997
PQ621124,Klebsiella pneumoniae,0.382,0.0005,0.8908,0.8461,0.0819,0.0,0.3223,0.0004,0.0073,0.0,0.9978,1.0,0.9968,0.9898
PQ621130,Klebsiella pneumoniae,0.9874,0.0,0.7558,0.9627,0.0443,0.0,0.0,0.0,0.0001,0.0,0.9987,1.0,1.0,0.9995
PQ621131,Klebsiella pneumoniae,0.9342,0.0005,0.9046,0.9171,0.4353,0.0003,0.0975,0.0001,0.002,0.0054,0.9967,0.9978,0.9994,0.9965
PQ621132,Klebsiella pneumoniae,0.2959,0.0002,0.7134,0.7638,0.3108,0.0,0.3756,0.0009,0.0546,0.0,0.9828,1.0,0.992,0.9923
PQ621133,Klebsiella pneumoniae,0.1235,0.0064,0.894,0.8673,0.0087,0.0,0.0613,0.0037,0.055,0.0,0.9952,0.9983,0.9984,0.9989
PQ628034,Klebsiella pneumoniae,0.9954,0.0,0.8385,0.9677,0.0561,0.0,0.0001,0.0001,0.0001,0.0,0.9998,1.0,1.0,0.9999
PQ724392,Escherichia coli,0.8202,0.9588,0.1055,0.4699,0.9856,0.9991,1.0,1.0,0.996,0.9999,0.0002,0.0,0.0012,0.0071
PQ724393,Escherichia coli,0.4936,0.925,0.0478,0.2607,0.9878,0.8787,0.9999,0.9998,0.5391,0.9997,0.0001,0.0001,0.0338,0.0557
PQ724394,Escherichia coli,0.4306,0.5367,0.3584,0.3702,0.5925,0.0312,0.9949,0.9987,0.0033,0.98,0.2047,0.8704,0.2751,0.5462
PQ821741,Escherichia coli,0.1566,0.0,0.6554,0.1286,0.1659,0.2087,0.795,0.0005,0.9764,0.5067,1.0,0.9998,0.9831,0.0037
PQ824572,Klebsiella pneumoniae,0.9631,0.0,0.452,0.069,0.0033,0.0006,0.0009,0.0,0.0,0.0,0.9939,1.0,1.0,0.9854
PV081216,Klebsiella pneumoniae,0.9264,0.0003,0.1508,0.7451,0.8685,0.0895,0.0049,0.2908,0.1892,0.6483,0.4009,0.0016,0.9986,0.9762
PV081217,Klebsiella pneumoniae,0.9296,0.0,0.5725,0.826,0.0658,0.0001,0.0,0.0,0.0008,0.0495,0.9944,0.9871,0.9991,0.9996
PV239574,Klebsiella pneumoniae,0.9513,0.0,0.9656,0.9433,0.0968,0.0,0.0,0.0,0.0,0.0,1.0,1.0,1.0,0.9999
PV240279,Klebsiella pneumoniae,0.5172,0.0,0.7508,0.9494,0.1199,0.0,0.0002,0.0,0.0,0.0,0.9903,1.0,1.0,1.0
PV240281,Klebsiella pneumoniae,0.5153,0.0,0.9431,0.9567,0.0777,0.0,0.0003,0.0,0.0,0.0,1.0,1.0,1.0,0.9998
PV240282,Klebsiella pneumoniae,0.5673,0.0002,0.9675,0.9099,0.0327,0.0,0.0046,0.0072,0.0,0.0007,0.9999,1.0,0.9967,1.0
PV287707,Klebsiella pneumoniae,0.0625,0.0,0.3208,0.7637,0.0521,0.0,0.4722,0.0,0.0,1.0,0.9867,0.987,0.943,0.999
PV357169,Escherichia coli,0.7996,0.9976,0.19,0.7713,0.9794,0.9032,0.5421,0.9959,0.6691,0.1557,0.0034,0.0017,0.0343,0.101
PV357170,Escherichia coli,0.6418,0.9998,0.1513,0.5398,0.9467,0.0332,0.9997,0.9976,0.5402,0.2765,0.0382,0.0378,0.0035,0.013
PV357171,Escherichia coli,0.3175,1.0,0.0148,0.7481,0.9272,0.5315,1.0,1.0,1.0,1.0,0.0004,0.0,0.0,0.0019
PV357172,Escherichia coli,0.505,1.0,0.0389,0.476,0.6262,0.1204,0.9999,0.9997,1.0,1.0,0.0089,0.0002,0.0003,0.011
PV357744,Klebsiella pneumoniae,0.7743,0.0115,0.3684,0.7728,0.0438,0.0,0.0001,0.2013,0.0008,0.2456,0.9655,0.9994,0.965,0.993
PV357745,Klebsiella pneumoniae,0.9316,0.0,0.9973,0.9835,0.563,0.0,0.0,0.0,0.0,0.0,1.0,1.0,1.0,0.9999
PV357746,Klebsiella pneumoniae,0.9222,0.0016,0.144,0.9673,0.6977,0.1291,0.0052,0.0303,0.0222,0.0909,0.9054,0.5764,0.9849,0.9942
PV357747,Klebsiella pneumoniae,0.8593,0.0,0.9644,0.9247,0.0606,0.0,0.0,0.0,0.0,0.0,1.0,1.0,1.0,0.9998
PV357749,Klebsiella pneumoniae,0.7939,0.0,0.9839,0.9887,0.0429,0.0,0.0,0.0,0.0,0.0,1.0,1.0,1.0,1.0
PV402687,Klebsiella pneumoniae,0.8278,0.0,0.6798,0.9528,0.3031,0.009,0.0007,0.0001,0.0011,0.0036,0.6037,0.9453,0.9999,0.9974
PV419677,Escherichia coli,0.5061,0.6134,0.1382,0.7645,0.9805,0.7894,1.0,0.9986,0.8586,0.9999,0.0025,0.0026,0.0088,0.04
PV467748,Escherichia coli,0.5736,0.0752,0.4517,0.4413,0.7036,0.0071,0.9872,0.9986,0.0006,0.7649,0.2794,0.9273,0.5813,0.6817
PV615262,Escherichia coli,0.9854,1.0,0.3075,0.5629,0.9991,0.9743,1.0,0.9996,1.0,1.0,0.0,0.0,0.9758,0.8904
PV702341,Klebsiella pneumoniae,0.8586,0.0004,0.9101,0.9176,0.4798,0.0,0.0012,0.0012,0.0003,0.0,0.9891,0.9962,1.0,0.9997
PV702342,Klebsiella pneumoniae,0.8248,0.0027,0.567,0.217,0.0273,0.0029,0.3483,0.0159,0.3017,0.0698,0.9788,0.9308,0.9976,0.9509
PV759140,Klebsiella pneumoniae,0.9946,0.0,0.8032,0.2703,0.0082,0.0,0.0,0.0,0.0,0.0,0.9999,1.0,1.0,0.9995
PV833077,Klebsiella pneumoniae,0.7067,0.0,0.8577,0.9115,0.2047,0.0,0.0001,0.016,0.0006,0.0021,0.9863,0.9999,0.9992,0.9999
PV833090,Klebsiella pneumoniae,0.9984,0.0,0.9803,0.9931,0.2059,0.0,0.0,0.0014,0.9321,0.0,0.9999,1.0,1.0,1.0
PV833092,Klebsiella pneumoniae,0.7615,0.0,0.6071,0.7885,0.0304,0.0083,0.0732,0.0,0.0143,0.9662,0.9832,0.999,0.9964,0.9781
PV833093,Klebsiella pneumoniae,0.1293,0.998,0.0389,0.1107,0.4319,0.3743,1.0,0.9941,0.9971,0.9063,0.0054,0.0285,0.0001,0.2181
PV871781,Escherichia coli,0.4889,0.9989,0.1138,0.7071,0.9755,0.7549,1.0,0.9991,1.0,1.0,0.0004,0.0,0.0058,0.0101
PV871783,Escherichia coli,0.4817,1.0,0.0186,0.4148,0.9816,0.9655,1.0,0.9999,1.0,1.0,0.0,0.0,0.0,0.0035
PV871784,Klebsiella pneumoniae,0.9889,0.0,0.9509,0.976,0.0339,0.0,0.0,0.0,0.0,0.0,1.0,0.9995,1.0,0.9997
PV872879,Klebsiella pneumoniae,0.4748,0.0,0.9941,0.7927,0.0409,0.0,0.0,0.0107,0.0001,0.0,1.0,1.0,0.9998,0.9998
PV904160,Klebsiella pneumoniae,0.3806,0.0009,0.7455,0.1438,0.4304,0.0027,0.2727,0.2347,0.9929,0.0438,0.9957,1.0,0.0087,0.202
PV933828,Klebsiella pneumoniae,0.8577,0.0,0.4303,0.3521,0.1374,0.0,0.0126,0.0,0.0002,0.9999,0.9921,0.951,0.9993,0.9947
PV933830,Klebsiella pneumoniae,0.987,0.0,0.7599,0.6442,0.1468,0.0,0.0,0.0001,0.0266,0.0,0.9995,1.0,0.9916,0.9999
PV946933,Escherichia coli,0.8538,0.9554,0.0548,0.3938,0.9552,0.9923,0.9518,1.0,0.9747,0.9999,0.0002,0.0,0.0289,0.0003
PV948520,Klebsiella pneumoniae,0.0961,0.0,0.9711,0.9849,0.0202,0.0,0.0,0.0,0.0,0.0,0.9995,1.0,0.9961,1.0
PV963843,Klebsiella pneumoniae,0.7452,0.0002,0.6072,0.8692,0.2204,0.0,0.0115,0.0024,0.0,0.0,0.9732,0.9935,0.9999,0.9994
PV963844,Klebsiella pneumoniae,0.7171,0.0,0.9511,0.8963,0.0295,0.0,0.0,0.0,0.0,0.0,1.0,1.0,1.0,0.9999
PV976138,Klebsiella pneumoniae,0.6759,0.0002,0.4866,0.4695,0.1308,0.0001,0.0243,0.0056,0.0204,0.0001,0.9841,0.9666,0.9998,0.8427
PV987926,Klebsiella pneumoniae,0.8626,0.0,0.9417,0.9553,0.3317,0.0008,0.0008,0.0001,0.0261,0.1593,0.9992,0.9991,0.9944,0.9995
PX021331,Escherichia coli,0.2868,1.0,0.0094,0.4118,0.8194,1.0,1.0,0.9992,0.9999,1.0,0.0,0.0,0.0,0.0011
PX024856,Escherichia coli,0.3641,0.9999,0.0234,0.4056,0.9836,1.0,1.0,1.0,0.9971,1.0,0.0002,0.0,0.0001,0.0013
PX050470,Escherichia coli,0.7785,0.9563,0.0384,0.3483,0.9977,0.9878,0.9997,0.9999,0.9975,0.9997,0.0037,0.0001,0.0299,0.0058
PX060898,Klebsiella pneumoniae,0.4365,0.0094,0.7458,0.9328,0.8897,0.0,0.0044,0.0004,0.0017,0.3085,0.9922,0.7809,0.9977,1.0
PX060899,Klebsiella pneumoniae,0.7821,0.0001,0.8688,0.9103,0.5376,0.0,0.0011,0.0003,0.0001,0.0,0.9955,0.9992,1.0,0.9998
PX060900,Klebsiella pneumoniae,0.8189,0.0,0.9876,0.9511,0.0628,0.0,0.0,0.0,0.0,0.0,1.0,1.0,1.0,0.9999
PX060901,Klebsiella pneumoniae,0.7847,0.0,0.9852,0.9568,0.0578,0.0,0.0,0.0,0.0,0.0,1.0,1.0,1.0,0.9999
PX060902,Klebsiella pneumoniae,0.5862,0.0,0.9473,0.9895,0.111,0.0,0.0001,0.0112,0.0001,0.0,0.998,0.9817,0.9999,0.9999
PX060903,Klebsiella pneumoniae,0.7424,0.0,0.7716,0.9066,0.0049,0.0,0.0,0.0,0.0,0.0,0.9996,1.0,1.0,0.9952
PX068454,Escherichia coli,0.6801,0.9991,0.0542,0.6137,0.9453,0.8111,0.9996,0.9999,0.9998,0.9999,0.0037,0.0002,0.1557,0.1869
PX068455,Escherichia coli,0.6657,0.999,0.055,0.6224,0.8679,0.9747,0.9998,0.9999,0.9999,0.9886,0.0017,0.0,0.059,0.0911
PX068456,Escherichia coli,0.7889,0.9948,0.0888,0.8137,0.9765,0.0201,0.9989,0.9766,0.9906,1.0,0.0001,0.0003,0.0264,0.7152
PX093639,Klebsiella pneumoniae,0.9784,0.0,0.9989,0.9978,0.4327,0.0004,0.057,0.0,0.0421,0.0,0.9999,0.9937,0.9621,0.9836
PX116399,Escherichia coli,0.2615,0.9982,0.1009,0.576,0.9288,0.9999,0.9963,1.0,0.9824,0.5074,0.073,0.0,0.0091,0.0603
PX120903,Klebsiella pneumoniae,0.6452,0.0029,0.1254,0.7857,0.0123,0.2982,0.006,0.0379,0.0005,0.0364,0.9922,0.9981,0.9849,0.9952
PX123545,Escherichia coli,0.9453,0.9893,0.4715,0.4991,0.9914,0.9998,0.9948,1.0,1.0,0.9997,0.001,0.0,0.0003,0.0063
PX130993,Klebsiella pneumoniae,0.7802,0.0,0.9816,0.9998,0.0631,0.0,0.0,0.0,0.0,0.0,1.0,1.0,0.9996,1.0
PX130994,Klebsiella pneumoniae,0.8361,0.0,0.8927,0.9648,0.0388,0.0,0.0,0.0,0.0,0.0,0.9999,0.9999,0.9999,1.0
PX130995,Klebsiella pneumoniae,0.8033,0.0,0.9435,0.9951,0.0542,0.0,0.0,0.0,0.0,0.0,0.9999,1.0,1.0,1.0
PX130996,Klebsiella pneumoniae,0.7802,0.0,0.9816,0.9998,0.0631,0.0,0.0,0.0,0.0,0.0,1.0,1.0,0.9996,1.0
PX130997,Klebsiella pneumoniae,0.7319,0.0,0.9765,0.9998,0.0505,0.0,0.0,0.0,0.0,0.0,1.0,1.0,0.9995,1.0
PX130998,Klebsiella pneumoniae,0.2686,0.0021,0.3343,0.9258,0.0171,0.0016,0.0021,0.0005,0.004,0.3065,0.9874,0.9992,0.9954,0.9872
PX131000,Klebsiella pneumoniae,0.8033,0.0,0.9435,0.9951,0.0542,0.0,0.0,0.0,0.0,0.0,0.9999,1.0,1.0,1.0
PX131001,Klebsiella pneumoniae,0.2987,0.0047,0.2612,0.9184,0.0262,0.0027,0.0059,0.0011,0.014,0.5408,0.9671,0.9976,0.9925,0.9829
PX131002,Klebsiella pneumoniae,0.952,0.0,0.9143,0.9716,0.0778,0.0,0.0002,0.004,0.0005,0.7691,0.9998,0.9999,0.9122,0.9999
PX131003,Klebsiella pneumoniae,0.952,0.0,0.9143,0.9716,0.0778,0.0,0.0002,0.004,0.0005,0.7691,0.9998,0.9999,0.9122,0.9999
PX131004,Klebsiella pneumoniae,0.8466,0.0,0.3952,0.3205,0.1352,0.0,0.0089,0.0,0.0001,0.9999,0.9902,0.9419,0.9993,0.9934
PX131005,Klebsiella pneumoniae,0.143,0.0,0.9505,0.2491,0.003,0.0,0.0,0.0,0.0,0.0,0.9981,1.0,0.9998,0.998
PX132334,Escherichia coli,0.1257,0.2094,0.0231,0.7204,0.9033,0.9879,0.9956,0.9845,0.9914,1.0,0.008,0.1137,0.0001,0.374
PX132564,Escherichia coli,0.3085,0.9996,0.0076,0.2429,0.9892,0.0595,0.9997,0.9841,0.9996,1.0,0.0036,0.0,0.0,0.0086
PX170208,Klebsiella pneumoniae,0.9816,0.0,0.9861,0.7907,0.0397,0.0,0.0006,0.0001,0.0003,0.0,0.9999,0.9995,1.0,0.9993
PX206436,Klebsiella pneumoniae,0.2074,0.0,0.9749,0.9593,0.0493,0.0,0.0039,0.0,0.0004,0.0,0.9999,1.0,0.9999,0.9998
PX241558,Klebsiella pneumoniae,0.8773,0.0,0.8747,0.9717,0.2342,0.0,0.0,0.0,0.0003,0.0,0.9796,1.0,1.0,0.9997
PX246280,Klebsiella pneumoniae,0.8334,0.0002,0.9236,0.9132,0.3628,0.0,0.3238,0.0004,0.0367,0.0075,0.988,0.9942,0.9999,0.9996
PX246281,Klebsiella pneumoniae,0.8643,0.0004,0.9514,0.9272,0.7424,0.0,0.1891,0.0004,0.4096,0.0011,0.9921,0.9962,0.9995,0.9999
PX260882,Escherichia coli,0.7804,1.0,0.6614,0.4036,0.2891,1.0,0.9981,0.9998,0.9969,0.9943,0.2024,0.0,0.1325,0.0226
PX282428,Escherichia coli,0.8967,0.4577,0.2617,0.6701,0.9897,0.319,0.9962,0.9975,0.8251,0.998,0.2831,0.001,0.0013,0.0604
PX283063,Klebsiella pneumoniae,0.9916,0.0007,0.8628,0.9391,0.3463,0.1267,0.0016,0.0002,0.0109,0.0,0.993,0.9136,0.9997,0.9968
PX315802,Klebsiella pneumoniae,0.8149,0.0564,0.3836,0.7768,0.8503,0.0046,0.1368,0.0009,0.3896,0.0,0.595,0.7609,0.9889,0.8019
PX315803,Klebsiella pneumoniae,0.976,0.0,0.9604,0.9731,0.0271,0.0,0.0,0.0,0.0,0.0009,1.0,1.0,1.0,1.0
PX315804,Klebsiella pneumoniae,0.8025,0.0,0.8926,0.9942,0.0955,0.0,0.0,0.0,0.0001,0.0001,0.9973,0.9991,0.9998,0.9999
PX375235,Escherichia coli,0.9687,0.9997,0.3494,0.7252,0.9872,0.9906,1.0,1.0,1.0,1.0,0.0333,0.0,0.0078,0.0033
PX375236,Escherichia coli,0.886,1.0,0.0585,0.7553,0.9799,0.9995,1.0,1.0,0.9988,1.0,0.0,0.0,0.0001,0.009
PX375237,Escherichia coli,0.4959,0.9905,0.0466,0.065,0.962,0.9993,1.0,0.9999,1.0,1.0,0.0,0.0,0.0008,0.0957
PX375238,Escherichia coli,0.8884,0.838,0.0528,0.2047,0.982,0.9998,0.9998,1.0,0.9864,0.9999,0.0002,0.0,0.0016,0.0011
PX393108,Escherichia coli,0.391,1.0,0.0323,0.4943,0.9827,1.0,1.0,1.0,1.0,1.0,0.0001,0.0,0.0005,0.0009
PX393109,Escherichia coli,0.904,1.0,0.557,0.4186,0.9912,0.1636,0.9921,0.9999,0.9971,0.9999,0.4231,0.0022,0.0012,0.0003
PX393110,Escherichia coli,0.7381,0.9992,0.1114,0.5893,0.9752,0.9978,0.9996,0.9999,0.9992,1.0,0.0279,0.0,0.0141,0.0048
PX402466,Escherichia coli,0.4106,1.0,0.0173,0.403,0.9617,0.5894,1.0,1.0,1.0,0.9999,0.0003,0.0,0.0001,0.0091
PX402468,Escherichia coli,0.4473,1.0,0.0227,0.6016,0.9781,0.8764,1.0,0.9999,1.0,0.9996,0.0003,0.0,0.0,0.0043
PX404940,Klebsiella pneumoniae,0.9237,0.0,0.9569,0.9094,0.6859,0.0006,0.0004,0.0001,0.0052,0.0052,0.9946,0.5342,0.9999,0.999
PX405662,Escherichia coli,0.9283,0.9845,0.6858,0.7565,0.9971,1.0,0.8861,1.0,0.9997,0.999,0.0091,0.0,0.0092,0.0163
PX405663,Escherichia coli,0.2303,0.9988,0.0415,0.1895,0.7517,0.9979,1.0,0.9998,0.9988,0.993,0.0003,0.0,0.0,0.0334
PX411090,Klebsiella pneumoniae,0.8835,0.0001,0.9172,0.6128,0.0048,0.0001,0.0006,0.0002,0.0,0.0,0.9999,1.0,0.9993,0.9941
PX411091,Klebsiella pneumoniae,0.9443,0.0,0.6294,0.8783,0.0287,0.0,0.0,0.0001,0.0003,0.0,0.9886,0.9997,1.0,0.9996
PX413393,Klebsiella pneumoniae,0.7056,0.0,0.8911,0.9468,0.0397,0.0,0.0002,0.8293,0.0,0.0,0.9991,0.9994,0.9997,0.9993
PX418213,Escherichia coli,0.2144,0.96,0.2736,0.2566,0.8112,0.2102,1.0,1.0,0.9974,0.9998,0.0152,0.0002,0.1235,0.0006
PX418922,Escherichia coli,0.4017,0.9393,0.8454,0.4435,0.0371,0.0003,0.9906,0.0301,0.9802,0.9999,0.9017,0.9983,0.0015,0.6873
PX446291,Klebsiella pneumoniae,0.8201,0.0021,0.8961,0.8375,0.6747,0.0,0.961,0.0002,0.4539,0.0176,0.964,0.9717,0.9995,0.9975
PX502229,Klebsiella pneumoniae,0.9926,0.0,0.7419,0.8819,0.0478,0.0,0.0,0.0,0.0,0.0,0.9999,1.0,1.0,0.9999
PX502230,Klebsiella pneumoniae,0.997,0.0,0.9943,0.9397,0.3439,0.0,0.0,0.0,0.0,0.0,1.0,1.0,1.0,0.9998
PX502231,Klebsiella pneumoniae,0.9927,0.0,0.9871,0.7648,0.214,0.0,0.0,0.0,0.0,0.0,1.0,1.0,1.0,0.9996
PX502232,Klebsiella pneumoniae,0.9899,0.0,0.993,0.9178,0.2409,0.0001,0.0092,0.0,0.0004,0.0,0.9999,0.9994,1.0,0.9993
PX502233,Klebsiella pneumoniae,0.9876,0.0,0.9228,0.9672,0.0237,0.0,0.0,0.0,0.0001,0.0,1.0,0.9996,1.0,0.9998
PX502234,Klebsiella pneumoniae,0.997,0.0,0.9943,0.9397,0.3439,0.0,0.0,0.0,0.0,0.0,1.0,1.0,1.0,0.9998
PX502235,Klebsiella pneumoniae,0.9927,0.0,0.9871,0.7648,0.214,0.0,0.0,0.0,0.0,0.0,1.0,1.0,1.0,0.9996
PX502236,Klebsiella pneumoniae,0.9927,0.0,0.9583,0.968,0.0505,0.0,0.0,0.0,0.0,0.0,1.0,0.9995,1.0,0.9998
PX502237,Klebsiella pneumoniae,0.9927,0.0,0.9092,0.9767,0.032,0.0,0.0,0.0,0.0,0.0,1.0,0.9994,1.0,0.9997
PX502238,Klebsiella pneumoniae,0.5808,0.0005,0.5495,0.9483,0.6167,0.9982,0.6349,0.9446,0.0911,0.9923,0.08,0.0033,0.2943,0.9964
PX502240,Klebsiella pneumoniae,0.9644,0.0002,0.9656,0.995,0.7734,0.0017,0.0024,0.0018,0.0009,0.0,0.9875,0.3121,0.9998,0.9999
PX502241,Klebsiella pneumoniae,0.9855,0.0,0.5362,0.815,0.1859,0.0,0.0001,0.0,0.0002,0.0,0.9934,0.9989,1.0,0.9993
PX502242,Klebsiella pneumoniae,0.9923,0.0,0.686,0.8817,0.2156,0.0001,0.0002,0.0,0.0017,0.0,0.9945,0.9998,1.0,0.9996
PX502243,Klebsiella pneumoniae,0.488,0.0,0.9323,0.6779,0.2501,0.0,0.0602,0.0003,0.0022,0.9918,0.9962,0.9789,0.9999,0.9864
PX502244,Klebsiella pneumoniae,0.9916,0.0,0.7212,0.8546,0.1621,0.0001,0.0001,0.0,0.0005,0.0,0.9963,0.9999,1.0,0.9997
PX502245,Klebsiella pneumoniae,0.9961,0.0,0.9423,0.9699,0.0508,0.0,0.0,0.0,0.0,0.0,1.0,0.9999,1.0,0.9999
PX502246,Klebsiella pneumoniae,0.9912,0.0,0.7026,0.848,0.1602,0.0001,0.0001,0.0,0.0007,0.0,0.9962,0.9999,0.9999,0.9996
PX502247,Klebsiella pneumoniae,0.9759,0.0003,0.9144,0.837,0.0762,0.0002,0.0226,0.0001,0.0023,0.0001,0.9944,1.0,0.9995,0.996
PX502248,Klebsiella pneumoniae,0.9908,0.0,0.7224,0.8571,0.1505,0.0,0.0001,0.0,0.0003,0.0,0.9972,1.0,1.0,0.9997
PX502249,Klebsiella pneumoniae,0.9944,0.0001,0.6476,0.9538,0.1608,0.0001,0.0032,0.0002,0.001,0.0002,0.9816,0.9852,1.0,0.9985
PX502250,Klebsiella pneumoniae,0.9899,0.0,0.7692,0.8397,0.0581,0.0145,0.0004,0.0,0.0038,0.0,0.9776,0.9993,1.0,0.9989
PX502252,Escherichia coli,0.1566,0.9983,0.2215,0.6956,0.9358,1.0,0.9983,1.0,0.9989,1.0,0.2085,0.0,0.0,0.0079
PX514237,Escherichia coli,0.6866,1.0,0.0158,0.5417,0.9619,0.9998,1.0,0.9999,0.9601,0.9917,0.0001,0.0,0.0788,0.0028
PX516694,Escherichia coli,0.3063,0.9999,0.0066,0.2904,0.97,1.0,1.0,1.0,0.9998,1.0,0.0,0.0,0.001,0.0002
PX521586,Escherichia coli,0.8308,0.9952,0.1063,0.3273,0.9941,0.9999,0.9999,0.9999,0.9994,1.0,0.0001,0.0002,0.092,0.0025
PX521587,Escherichia coli,0.9212,0.9998,0.1218,0.2876,0.9955,1.0,1.0,1.0,1.0,1.0,0.0,0.0001,0.431,0.0022
PX521588,Escherichia coli,0.3004,0.9997,0.0227,0.1242,0.9412,1.0,1.0,1.0,0.9997,1.0,0.0,0.0,0.0032,0.0005
PX529439,Klebsiella pneumoniae,0.9116,0.0001,0.9982,0.939,0.0409,0.0,0.0,0.0001,0.0002,0.0,1.0,1.0,1.0,0.9993
PX550018,Klebsiella pneumoniae,0.8125,0.0,0.9732,0.9728,0.052,0.0,0.0,0.0,0.0001,0.0,1.0,1.0,1.0,1.0
PX557717,Klebsiella pneumoniae,0.9068,0.0035,0.5824,0.8682,0.9424,0.0027,0.8574,0.0113,0.0519,0.1776,0.9247,0.9229,0.995,0.9729
PX577203,Klebsiella pneumoniae,0.9384,0.0,0.7806,0.9454,0.097,0.0012,0.0001,0.0,0.005,0.0,0.9999,1.0,0.9987,0.9999
PX583170,Escherichia coli,0.6429,0.9902,0.0025,0.9979,0.8968,1.0,1.0,1.0,1.0,1.0,0.0,0.0,0.0006,0.0012
PX586628,Escherichia coli,0.7948,0.9998,0.0204,0.4546,0.9799,0.6929,1.0,1.0,0.9935,1.0,0.0003,0.0,0.007,0.0087
PX620741,Escherichia coli,0.3026,0.9732,0.2064,0.7515,0.9957,0.9396,0.6001,0.997,0.9288,0.9998,0.0341,0.0,0.0912,0.0464
PX620742,Escherichia coli,0.8564,0.9909,0.1178,0.8177,0.9426,0.9655,0.9612,0.9978,0.9995,0.9843,0.0096,0.0,0.1364,0.6829
PX630711,Klebsiella pneumoniae,0.9502,0.0,0.9804,0.9939,0.2161,0.0003,0.0001,0.0,0.0001,0.0,1.0,0.9971,1.0,1.0
PX641096,Klebsiella pneumoniae,0.9932,0.0,0.9333,0.9801,0.0509,0.0,0.0,0.0,0.0,0.0,1.0,1.0,1.0,1.0
PX645697,Escherichia coli,0.7338,1.0,0.0429,0.6436,0.986,0.9604,0.9999,1.0,0.9999,0.9959,0.002,0.0,0.0005,0.0193
PX651718,Escherichia coli,0.8125,0.0957,0.1512,0.4848,0.7544,0.4704,0.9879,0.972,1.0,1.0,0.118,0.0013,0.0023,0.0546
PX651778,Klebsiella pneumoniae,0.9559,0.0005,0.7125,0.3003,0.2646,0.0002,0.0024,0.0097,0.0151,0.0,0.9795,0.9982,0.9994,0.997
PX655591,Escherichia coli,0.1144,0.0,0.7632,0.9207,0.2589,0.0004,0.0022,0.0009,0.002,0.0001,0.9994,0.9885,0.9977,0.9776
PX666696,Klebsiella pneumoniae,0.9945,0.0,0.7957,0.7744,0.2708,0.0008,0.0,0.0,0.0018,0.0,0.997,1.0,0.9999,0.9999
PX667728,Escherichia coli,0.5918,0.9981,0.0197,0.9999,0.9696,0.9996,1.0,0.9998,0.9968,0.9994,0.0001,0.0,0.0196,0.6276
PX670388,Klebsiella pneumoniae,0.8565,0.0,0.995,0.9679,0.0937,0.1926,0.0,0.0001,0.0024,0.0012,0.9999,0.9995,0.9986,0.9976
PX670390,Klebsiella pneumoniae,0.9809,0.0,0.9413,0.9953,0.6442,0.0,0.0049,0.0,0.0,0.0,0.9963,0.9495,1.0,0.9999
PX670391,Klebsiella pneumoniae,0.9641,0.0,0.9609,0.9702,0.0703,0.0,0.0,0.0,0.0,0.0001,1.0,1.0,0.9994,0.9999
PX670392,Klebsiella pneumoniae,0.9641,0.0,0.9609,0.9702,0.0703,0.0,0.0,0.0,0.0,0.0001,1.0,1.0,0.9994,0.9999
PX670396,Klebsiella pneumoniae,0.2773,0.002,0.9266,0.7268,0.5294,0.0,0.0462,0.8397,0.0008,0.505,0.9994,0.8265,0.9902,0.8896
PX670399,Klebsiella pneumoniae,0.9632,0.0,0.9714,0.9177,0.0601,0.0,0.0,0.0,0.0,0.0,0.9995,1.0,1.0,1.0
PX670400,Klebsiella pneumoniae,0.8883,0.0,0.92,0.9889,0.0773,0.0,0.0,0.0,0.0,0.0,0.9994,0.9999,0.9999,1.0
PX670401,Klebsiella pneumoniae,0.9046,0.0003,0.7088,0.8804,0.6746,0.0195,0.0,0.0013,0.0001,0.0001,0.9903,0.9479,0.997,0.9995
PX670402,Klebsiella pneumoniae,0.8506,0.0,0.9948,0.9637,0.0862,0.237,0.0,0.0001,0.002,0.0013,0.9999,0.9995,0.9986,0.9974
PX670403,Klebsiella pneumoniae,0.923,0.0,0.9676,0.9972,0.0723,0.0,0.0,0.0,0.0,0.0,0.9999,1.0,1.0,1.0
PX670404,Klebsiella pneumoniae,0.9796,0.0002,0.8199,0.7863,0.4789,0.0003,0.002,0.0228,0.5938,0.0,0.9732,0.9998,0.4031,0.9999
PX670405,Klebsiella pneumoniae,0.9091,0.0,0.7982,0.9983,0.0608,0.0001,0.0017,0.0,0.0001,0.0001,0.9959,0.9876,1.0,1.0
PX670406,Klebsiella pneumoniae,0.978,0.0,0.9541,0.9798,0.0528,0.0003,0.0,0.0,0.0,0.0,1.0,1.0,1.0,1.0
PX670407,Klebsiella pneumoniae,0.9488,0.0,0.9506,0.9958,0.8261,0.0,0.0976,0.0,0.0002,0.0,0.9607,0.1549,1.0,0.9997
PX670408,Klebsiella pneumoniae,0.9925,0.0,0.9656,0.9722,0.0541,0.0,0.0,0.0,0.0,0.0,1.0,0.9997,1.0,0.9997
PX670411,Klebsiella pneumoniae,0.7301,0.0,0.9762,0.9979,0.0674,0.0,0.0,0.0273,0.0,0.0,0.9997,0.9995,1.0,1.0
PX670412,Klebsiella pneumoniae,0.8109,0.0,0.6799,0.9627,0.0999,0.0,0.0306,0.0032,0.0121,0.001,0.9495,0.9923,0.9986,0.9999
PX670413,Klebsiella pneumoniae,0.8535,0.0017,0.6556,0.918,0.7953,0.0001,0.0,0.0136,0.0084,0.0,0.9977,0.9983,0.9953,0.9998
PX670414,Klebsiella pneumoniae,0.4511,0.0,0.8779,0.4959,0.0053,0.0,0.0,0.0,0.0038,0.0002,0.9999,1.0,1.0,0.9988
PX670415,Klebsiella pneumoniae,0.9862,0.0,0.9935,0.442,0.2788,0.0,0.0,0.0012,0.0,0.0,0.9998,0.8831,1.0,0.9999
PX674087,Klebsiella pneumoniae,0.4514,0.0,0.9579,0.8867,0.3733,0.0,0.0001,1.0,0.0048,0.0,0.9977,0.9833,0.9999,1.0
PX682545,Escherichia coli,0.1611,0.5378,0.2509,0.2017,0.6263,0.2073,0.9996,0.9966,1.0,1.0,0.0586,0.0003,0.001,0.0179
PX693206,Klebsiella pneumoniae,0.9963,0.0,0.995,0.9778,0.2568,0.0,0.0,0.0,0.0,0.0,1.0,1.0,1.0,1.0
PX694288,Klebsiella pneumoniae,0.9378,0.0001,0.8076,0.9536,0.0417,0.0,0.0006,0.0,0.006,0.0,0.9991,1.0,0.9998,0.9997
PX694289,Klebsiella pneumoniae,0.7219,0.0,0.9165,0.0082,0.9144,0.0117,0.0053,0.0224,0.0013,0.0,0.9984,1.0,0.9998,0.9638
PX705375,Escherichia coli,0.9781,0.9985,0.8049,0.9959,0.9975,0.0004,0.3426,0.0001,0.5307,0.9746,0.9997,0.947,0.8479,0.9982
PX725530,Klebsiella pneumoniae,0.9984,0.0,0.8278,0.9728,0.0309,0.0,0.0,0.0,0.0,0.0,1.0,1.0,1.0,1.0
PX733326,Klebsiella pneumoniae,0.7494,0.0,0.9231,0.997,0.035,0.0,0.0,0.0,0.0,0.0,0.9999,1.0,0.9999,1.0
PX741096,Escherichia coli,0.2236,1.0,0.1895,0.2947,0.9518,0.997,0.9999,0.9999,0.9999,0.9999,0.0781,0.0001,0.0014,0.0016
PX759567,Escherichia coli,0.749,0.9993,0.066,0.8308,0.963,0.9928,0.9947,0.9994,1.0,0.978,0.0011,0.0,0.2598,0.4956
PX759568,Escherichia coli,0.9848,0.9977,0.3341,0.9633,0.9976,0.9992,1.0,1.0,0.9982,0.9711,0.0001,0.0,0.0033,0.0023
PX787811,Escherichia coli,0.5195,0.9997,0.1099,0.145,0.9579,0.9978,0.999,1.0,0.4929,0.9977,0.0095,0.002,0.1296,0.0031
PX842581,Escherichia coli,0.938,0.9925,0.1275,0.1109,0.9837,1.0,1.0,1.0,0.9998,1.0,0.0,0.0,0.0055,0.0002
PX842722,Klebsiella pneumoniae,0.9774,0.0,0.9479,0.9497,0.0165,0.0,0.0,0.0,0.0,0.0,1.0,1.0,1.0,1.0
PX843005,Klebsiella pneumoniae,0.9676,0.0,0.9009,0.9269,0.048,0.0,0.0,0.0,0.0,0.0,1.0,1.0,1.0,0.9999
PX848766,Escherichia coli,0.8692,1.0,0.0247,0.1307,0.9305,1.0,1.0,1.0,0.9999,1.0,0.0002,0.0,0.0,0.0015
PX853812,Escherichia coli,0.1633,1.0,0.0936,0.5692,0.9898,0.9995,1.0,1.0,1.0,1.0,0.0002,0.0,0.0006,0.0014
PX872123,Klebsiella pneumoniae,0.6058,0.1512,0.9423,0.9747,0.0061,0.0,0.0005,0.0005,0.0121,0.0028,0.9921,0.9988,0.9989,0.9999
PX872124,Klebsiella pneumoniae,0.6058,0.1512,0.9423,0.9747,0.0061,0.0,0.0005,0.0005,0.0121,0.0028,0.9921,0.9988,0.9989,0.9999
PX872915,Klebsiella pneumoniae,0.7536,0.0,0.6847,0.9397,0.1507,0.0007,0.0001,0.0,0.0077,0.0,0.9725,0.9981,1.0,0.9995
PX872919,Klebsiella pneumoniae,0.9889,0.0,0.9509,0.976,0.0339,0.0,0.0,0.0,0.0,0.0,1.0,0.9995,1.0,0.9997
PX872920,Klebsiella pneumoniae,0.9889,0.0,0.9509,0.976,0.0339,0.0,0.0,0.0,0.0,0.0,1.0,0.9995,1.0,0.9997
PX872921,Klebsiella pneumoniae,0.9889,0.0,0.9509,0.976,0.0339,0.0,0.0,0.0,0.0,0.0,1.0,0.9995,1.0,0.9997
PX872922,Klebsiella pneumoniae,0.755,0.0,0.887,0.7288,0.0527,0.0,0.0,0.0,0.0002,0.0,0.9997,1.0,1.0,0.9999
PX872923,Klebsiella pneumoniae,0.9864,0.0,0.8919,0.7215,0.8848,0.0003,0.0001,0.0,0.0006,0.0,0.9433,0.9953,0.9998,0.9968
PX880098,Escherichia coli,0.7344,1.0,0.1755,0.7855,0.9997,1.0,1.0,1.0,1.0,1.0,0.0,0.0,0.0009,0.0013
PX880099,Escherichia coli,0.8833,0.9409,0.0876,0.4129,0.9833,0.9948,0.9971,0.9998,0.9831,0.9999,0.0005,0.0008,0.7997,0.0773
PX880100,Escherichia coli,0.7425,0.9998,0.2162,0.282,0.9727,0.9984,0.9999,1.0,1.0,1.0,0.0011,0.0001,0.0056,0.0029
PX880101,Escherichia coli,0.6165,1.0,0.0848,0.424,0.9804,0.9727,1.0,1.0,1.0,1.0,0.0019,0.0,0.0034,0.0027
PX880102,Escherichia coli,0.9772,0.5568,0.255,0.3783,0.9934,0.9967,1.0,1.0,0.9893,0.3879,0.0,0.0,0.0194,0.0025
PX880103,Escherichia coli,0.9826,0.0964,0.2872,0.5716,0.9871,0.8961,0.9989,0.999,0.6259,0.1009,0.0001,0.0004,0.9729,0.0259
PX880622,Klebsiella pneumoniae,0.6676,0.0,0.3464,0.9524,0.2538,0.0005,0.0008,0.0,0.0105,0.0,0.9667,0.9983,0.9999,0.9998
PX904472,Klebsiella pneumoniae,0.8544,0.0003,0.9105,0.8011,0.2525,0.0409,0.2464,0.1302,0.0072,0.0137,0.9297,0.9643,0.9615,0.9955
PX904473,Klebsiella pneumoniae,0.9929,0.0,0.9049,0.9252,0.0252,0.0,0.0,0.0,0.0001,0.0,0.9998,1.0,1.0,0.9999
PX904586,Escherichia coli,0.6873,0.9997,0.0174,0.3645,0.998,0.0122,1.0,0.9881,0.9812,1.0,0.0001,0.0,0.0796,0.0113
PX907401,Escherichia coli,0.7373,1.0,0.7073,0.8279,0.8471,0.5814,1.0,0.9994,0.7677,1.0,0.3773,0.0,0.0001,0.7409
PX907402,Escherichia coli,0.7742,0.9994,0.0732,0.1742,0.8812,0.0051,1.0,1.0,1.0,1.0,0.0032,0.0,0.8133,0.0373
PX907403,Escherichia coli,0.7742,0.9994,0.0732,0.1742,0.8812,0.0051,1.0,1.0,1.0,1.0,0.0032,0.0,0.8133,0.0373
PX915625,Klebsiella pneumoniae,0.8044,0.0,0.9668,0.8884,0.0375,0.0,0.0,0.0,0.0,0.0,1.0,1.0,1.0,0.9999
PX915672,Klebsiella pneumoniae,0.7929,0.0,0.6547,0.9746,0.1394,0.0001,0.0006,0.0,0.0003,0.0,0.9812,0.9992,1.0,0.9999
PX915673,Klebsiella pneumoniae,0.9558,0.0,0.9187,0.9906,0.0518,0.0,0.001,0.0,0.0005,0.0,0.9996,1.0,0.9999,1.0
PX915674,Klebsiella pneumoniae,0.9902,0.0,0.959,0.9657,0.0322,0.0,0.0,0.0,0.0,0.0,1.0,0.9997,1.0,0.9997
PX915675,Klebsiella pneumoniae,0.9913,0.0,0.9551,0.9751,0.077,0.0,0.0,0.0,0.0001,0.0,0.9999,0.9974,1.0,0.9997
PX915678,Escherichia coli,0.4711,0.8548,0.1017,0.1809,0.9908,0.9846,0.9999,0.9287,0.9826,1.0,0.0028,0.0004,0.5246,0.0016
PX930192,Escherichia coli,0.6445,0.9946,0.0019,0.9993,0.6924,1.0,1.0,0.9999,1.0,1.0,0.0,0.0,0.0004,0.025
PX930851,Escherichia coli,0.9878,0.5157,0.2507,0.2443,0.9896,1.0,1.0,1.0,0.9997,0.9968,0.0,0.0,0.0188,0.001
PX930852,Escherichia coli,0.7731,0.9983,0.012,0.9268,0.8125,0.9994,1.0,0.9996,1.0,0.3851,0.0,0.0,0.8289,0.1567
PX930853,Escherichia coli,0.8647,0.384,0.2607,0.2135,0.9799,0.9941,0.9999,0.9962,0.9999,1.0,0.0,0.0,0.0223,0.0956
PX930854,Escherichia coli,0.6513,0.8483,0.0068,0.9991,0.8876,1.0,1.0,0.9998,0.9972,1.0,0.0,0.0,0.007,0.2103
PX943615,Klebsiella pneumoniae,0.9707,0.0,0.9135,0.3984,0.0241,0.0,0.0154,0.0004,0.0002,0.0,1.0,1.0,1.0,0.2808
PX943720,Klebsiella pneumoniae,0.8333,0.0,0.9135,0.9817,0.2999,0.001,0.0,0.0001,0.0007,0.0,0.9993,0.9975,0.9969,0.9989
PX943856,Escherichia coli,0.8473,0.7022,0.1892,0.6927,0.9892,0.8263,0.9969,0.9973,0.9956,0.9995,0.0307,0.0037,0.0149,0.0116
PX946034,Klebsiella pneumoniae,0.6193,0.0004,0.7025,0.0353,0.002,0.0004,0.4852,0.6231,0.0072,0.9807,0.974,0.9554,0.9999,0.2583
PX962436,Escherichia coli,0.7413,0.9997,0.014,0.4107,0.8843,0.9999,0.9997,0.9949,0.9931,1.0,0.0004,0.0,0.0026,0.01
PX969075,Escherichia coli,0.5653,1.0,0.0352,0.2988,0.9902,0.9175,1.0,0.9842,1.0,1.0,0.0,0.0,0.0031,0.0038
PX969080,Klebsiella pneumoniae,0.0494,0.0,0.9559,0.9838,0.095,0.0,0.0008,0.0,0.0005,0.0001,1.0,0.9988,0.9988,1.0
PX974237,Escherichia coli,0.2633,0.9997,0.028,0.5347,0.934,1.0,0.9999,0.8436,1.0,1.0,0.0003,0.0,0.0009,0.0058
PX974239,Klebsiella pneumoniae,0.4879,0.007,0.9575,0.0153,0.0237,0.0021,0.0036,0.9954,0.0013,0.0,0.9974,0.9958,0.9997,0.9803
PX974311,Klebsiella pneumoniae,0.989,0.0,0.9488,0.9546,0.0405,0.0,0.0,0.0,0.0,0.0,1.0,0.9996,1.0,0.9997
PX974332,Klebsiella pneumoniae,0.706,0.0,0.8511,0.8422,0.1031,0.0001,0.0,0.5774,0.0,0.0,0.9999,1.0,0.9991,0.9998
PX974333,Klebsiella pneumoniae,0.7781,0.0,0.887,0.8871,0.4969,0.0021,0.0006,0.0153,0.002,0.0,0.9953,0.9568,0.9989,0.9974
PX985797,Escherichia coli,0.0002,0.0,0.9952,0.3645,1.0,0.9985,1.0,0.0,1.0,1.0,0.9751,0.0075,0.0,0.0187
PX985798,Escherichia coli,0.4325,0.9998,0.0117,0.3118,0.8354,0.9986,0.9998,0.9252,1.0,1.0,0.0001,0.0,0.0017,0.0002
PX985799,Escherichia coli,0.4146,0.9995,0.0589,0.6177,0.8101,0.9998,0.9366,0.9998,0.9986,0.9988,0.0435,0.0022,0.042,0.0051
PX997131,Klebsiella pneumoniae,0.9972,0.0,0.9621,0.1953,0.2964,0.0,0.0,0.0,0.0,0.0,1.0,1.0,1.0,0.9991
PZ000615,Escherichia coli,0.7963,1.0,0.0455,0.0933,0.9844,0.9909,1.0,1.0,1.0,1.0,0.0007,0.0,0.0018,0.0018
PZ000751,Klebsiella pneumoniae,0.8768,0.0,0.6568,0.933,0.0894,0.0001,0.0008,0.0,0.0002,0.0,0.9608,0.9997,1.0,0.9998
PZ000752,Klebsiella pneumoniae,0.0593,0.0002,0.9596,0.9774,0.1536,0.0,0.0029,0.0,0.0019,0.0008,0.9999,0.9951,0.9979,0.9999
PZ012685,Escherichia coli,0.8279,1.0,0.0495,0.2692,0.9286,0.9383,0.9978,0.9997,1.0,0.9999,0.0027,0.0,0.0129,0.249
PZ019082,Escherichia coli,0.6236,0.023,0.1337,0.8555,0.9934,0.5664,1.0,0.0001,0.9998,1.0,0.0008,0.0,0.0177,0.0832
PZ019083,Escherichia coli,0.8885,0.9153,0.1316,0.8055,0.9865,0.9054,1.0,0.0229,1.0,1.0,0.0001,0.0,0.0047,0.0587
PZ019084,Escherichia coli,0.9294,0.9948,0.7038,0.3662,0.976,0.5224,0.9572,0.9983,0.9995,0.9985,0.0008,0.0017,0.0316,0.305
PZ019085,Escherichia coli,0.5584,0.9996,0.0929,0.4763,0.9852,0.9996,0.9992,1.0,0.9659,0.9998,0.0016,0.0001,0.0,0.0067
PZ019086,Escherichia coli,0.6585,0.9995,0.4414,0.4114,0.9795,0.7859,0.9994,0.9999,0.9998,0.9999,0.0001,0.0,0.0,0.064
PZ026127,Escherichia coli,0.5932,0.0019,0.0219,0.1804,0.915,0.0038,0.9998,0.9988,0.0014,0.0,0.0001,0.0007,0.5075,0.009
PZ036784,Klebsiella pneumoniae,0.9469,0.0,0.9557,0.8605,0.0539,0.0,0.0001,0.0,0.0001,0.0,0.9999,0.1612,1.0,0.9964
PZ049337,Escherichia coli,0.7437,0.247,0.2548,0.8107,0.7157,0.0022,0.5985,0.9978,0.9992,0.9856,0.1235,0.0233,0.7682,0.2031
PZ049694,Escherichia coli,0.7708,0.7042,0.3524,0.9095,0.7521,0.9985,0.2748,0.9637,0.7237,0.5758,0.4669,0.7748,0.2797,0.0422
PZ050807,Escherichia coli,0.7056,1.0,0.0098,0.4688,0.9766,1.0,1.0,1.0,0.9942,0.9979,0.0,0.0,0.0166,0.0013
PZ050808,Klebsiella pneumoniae,0.2222,0.0,0.6724,0.8352,0.0176,0.0338,0.0159,0.0039,0.2311,0.0021,0.9986,0.9923,0.988,0.9881
PZ053912,Escherichia coli,0.054,1.0,0.0061,0.9801,0.8763,1.0,1.0,1.0,1.0,1.0,0.0,0.0,0.0,0.0
PZ055531,Klebsiella pneumoniae,0.9657,0.0097,0.9739,0.8854,0.0296,0.3078,0.0,0.0003,0.0,0.0013,1.0,0.9964,1.0,0.9863
PZ055532,Klebsiella pneumoniae,0.847,0.0,0.9662,0.9859,0.0306,0.0,0.0,0.003,0.0001,0.0,0.9999,1.0,0.9996,0.9999
PZ055533,Klebsiella pneumoniae,0.4578,0.0048,0.2898,0.947,0.0289,0.0,0.0002,0.9159,0.0036,0.0001,0.9943,0.9931,0.9985,0.9969
PZ055534,Klebsiella pneumoniae,0.9248,0.0253,0.061,0.6078,0.7743,0.0,0.0154,0.0347,0.9188,0.0191,0.1818,0.2707,0.9938,0.9996
PZ055535,Klebsiella pneumoniae,0.8827,0.0005,0.6409,0.8443,0.4493,0.0,0.0,0.0049,0.0,0.0016,0.9901,0.9991,0.9996,0.9999
PZ055536,Klebsiella pneumoniae,0.9692,0.0072,0.9767,0.8799,0.0341,0.2594,0.0,0.0002,0.0,0.0008,1.0,0.9976,1.0,0.9878
PZ055537,Klebsiella pneumoniae,0.9319,0.0,0.7024,0.9457,0.0363,0.0,0.0001,0.0,0.0003,0.0,0.989,0.9996,1.0,0.9999
PZ055538,Klebsiella pneumoniae,0.9332,0.0,0.7144,0.9468,0.0344,0.0,0.0001,0.0,0.0002,0.0,0.9902,0.9997,1.0,0.9999
PZ091928,Klebsiella pneumoniae,0.8746,0.0,0.9633,0.9745,0.5864,0.0265,0.0002,0.0,0.0065,0.648,1.0,0.9815,0.9995,0.7833
PZ091942,Escherichia coli,0.5891,1.0,0.0304,0.5746,0.9832,0.9969,1.0,0.9998,1.0,1.0,0.0003,0.0,0.0001,0.0042
PZ103638,Klebsiella pneumoniae,0.9413,0.0,0.8814,0.9331,0.0353,0.0,0.0,0.0,0.0,0.0,0.9999,1.0,1.0,0.9999
PZ103639,Klebsiella pneumoniae,0.9263,0.0,0.9443,0.9647,0.1192,0.0001,0.0001,0.0,0.0,0.0,0.9997,0.9999,0.9984,0.9999
PZ103640,Klebsiella pneumoniae,0.9637,0.0,0.9831,0.9708,0.0104,0.0001,0.0,0.0,0.0,0.0,1.0,1.0,0.9997,1.0
PZ103641,Klebsiella pneumoniae,0.9192,0.0,0.9429,0.9637,0.1121,0.0,0.0001,0.0,0.0,0.0,0.9997,0.9999,0.9973,0.9999
PZ103642,Klebsiella pneumoniae,0.9619,0.0,0.9112,0.9693,0.0439,0.0,0.0001,0.0033,0.0002,0.5044,0.9998,1.0,0.9619,0.9999
PZ103643,Klebsiella pneumoniae,0.9637,0.0,0.9831,0.9708,0.0104,0.0001,0.0,0.0,0.0,0.0,1.0,1.0,0.9997,1.0
PZ103644,Klebsiella pneumoniae,0.9621,0.0,0.9795,0.9676,0.0089,0.0001,0.0,0.0,0.0,0.0,1.0,1.0,0.9997,1.0
PZ103645,Klebsiella pneumoniae,0.9473,0.0,0.9916,0.9646,0.5794,0.5032,0.0001,0.0,0.1142,0.0,1.0,0.9996,0.7912,0.9997
PZ103646,Klebsiella pneumoniae,0.9873,0.0,0.9648,0.9963,0.0649,0.0013,0.0,0.0001,0.0,0.0,1.0,1.0,1.0,0.9999
PZ103647,Klebsiella pneumoniae,0.7198,0.0325,0.2136,0.87,0.953,0.9666,0.8857,0.9994,0.9246,1.0,0.2306,0.0013,0.3304,0.6888
PZ137471,Escherichia coli,0.6423,0.7107,0.1154,0.4103,0.997,1.0,0.4111,0.9997,0.9999,0.943,0.0493,0.0,0.0488,0.8688
PZ149775,Klebsiella pneumoniae,0.8377,0.0,0.5078,0.9377,0.2351,0.0091,0.0013,0.4333,0.0002,0.0,0.9837,0.4868,1.0,0.9961
PZ150740,Escherichia coli,0.6491,0.9977,0.1755,0.4156,0.9757,0.325,0.9996,0.9947,0.9992,0.9984,0.0087,0.0001,0.0064,0.0331
PZ151149,Escherichia coli,0.6682,0.0822,0.2328,0.0782,0.7298,1.0,0.081,1.0,0.995,1.0,0.0205,0.0,0.0088,0.0302
PZ154895,Escherichia coli,0.3609,0.9926,0.0246,0.3107,0.9679,1.0,1.0,1.0,0.9983,1.0,0.0002,0.0001,0.0088,0.0008
PZ154896,Escherichia coli,0.4561,0.7422,0.0482,0.1772,0.974,0.9999,0.9996,0.9949,0.9952,0.9993,0.0015,0.0008,0.0023,0.0032
PZ154897,Escherichia coli,0.3265,0.9535,0.0214,0.2995,0.9643,1.0,1.0,0.9998,0.9985,1.0,0.0002,0.0001,0.0096,0.0011
PZ155155,Klebsiella pneumoniae,0.794,0.0,0.7125,0.9019,0.6766,0.0,0.0057,0.0,0.0011,0.9387,0.9355,0.999,0.9915,0.9973
PZ156440,Klebsiella pneumoniae,0.4078,0.0,0.9906,0.9822,0.1114,0.0,0.0,0.0,0.0,0.0,1.0,1.0,1.0,0.9999
PZ156441,Klebsiella pneumoniae,0.8207,0.0003,0.6967,0.9289,0.446,0.0026,0.0147,0.0705,0.0986,0.0,0.5258,0.7343,1.0,0.9997
PZ156442,Klebsiella pneumoniae,0.8207,0.0003,0.6967,0.9289,0.446,0.0026,0.0147,0.0705,0.0986,0.0,0.5258,0.7343,1.0,0.9997
PZ156443,Klebsiella pneumoniae,0.9691,0.0,0.9876,0.9451,0.119,0.0,0.0,0.0001,0.0,0.0,1.0,1.0,1.0,0.9999
PZ156444,Klebsiella pneumoniae,0.2212,0.0,0.9752,0.9877,0.0414,0.0,0.0,0.0,0.0,0.0,1.0,1.0,1.0,1.0
PZ156445,Klebsiella pneumoniae,0.9513,0.0,0.9887,0.9595,0.0808,0.0,0.0,0.0001,0.0,0.0,1.0,1.0,1.0,1.0
PZ156446,Klebsiella pneumoniae,0.8133,0.0,0.9035,0.9914,0.0278,0.0,0.0,0.0,0.0,0.0,0.9999,1.0,1.0,1.0
PZ156447,Klebsiella pneumoniae,0.9983,0.0,0.9727,0.251,0.5119,0.0,0.0,0.0,0.0,0.0,1.0,1.0,1.0,0.9989
PZ166175,Escherichia coli,0.7613,1.0,0.0844,0.9026,0.9935,0.9977,0.9997,0.9915,0.9997,1.0,0.0015,0.0,0.0001,0.2253
PZ166176,Escherichia coli,0.8336,0.9976,0.0865,0.5891,0.9749,0.9662,0.9982,0.9983,0.9355,1.0,0.0044,0.0014,0.7187,0.0847
PZ168289,Escherichia coli,0.7238,0.9601,0.1113,0.2144,0.9755,0.6506,0.9971,0.9991,0.2815,1.0,0.0003,0.0001,0.033,0.0144
PZ168308,Klebsiella pneumoniae,0.9527,0.0,0.3967,0.9174,0.0043,0.0,0.0006,0.0013,0.0,0.0,0.9746,0.9994,1.0,1.0
PZ168832,Escherichia coli,0.5764,0.9995,0.0266,0.2374,0.9988,0.1213,1.0,0.9846,0.9958,1.0,0.0,0.0,0.0507,0.0611
PZ169089,Klebsiella pneumoniae,0.9086,0.0005,0.9787,0.9421,0.0706,0.0,0.0056,0.494,0.0,0.0003,0.9996,0.9965,0.991,0.9993
PZ171032,Escherichia coli,0.7357,1.0,0.0285,0.4886,0.9455,0.9998,1.0,1.0,1.0,0.9996,0.0004,0.0,0.0061,0.0158
PZ172995,Escherichia coli,0.2983,0.0077,0.1097,0.9927,0.7247,0.9403,0.9968,0.9982,0.8138,1.0,0.0026,0.0016,0.0119,0.2755
PZ195872,Klebsiella pneumoniae,0.8473,0.0057,0.4174,0.6102,0.0136,0.0,0.0212,0.1167,0.0191,0.0001,0.8958,0.7178,1.0,0.9994
PZ212788,Escherichia coli,0.6891,1.0,0.0854,0.44,0.9807,0.958,1.0,1.0,1.0,1.0,0.0015,0.0,0.0037,0.0024
PZ227171,Klebsiella pneumoniae,0.997,0.0,0.8707,0.9663,0.0617,0.0,0.0001,0.0001,0.0001,0.0,0.9999,1.0,1.0,0.9999
PZ228299,Klebsiella pneumoniae,0.6631,0.0,0.684,0.9991,0.1827,0.0002,0.3089,0.0995,0.0057,0.0,0.9325,0.9904,0.9146,1.0
PZ229304,Escherichia coli,0.467,0.9599,0.46,0.8772,0.8492,0.0105,0.9999,1.0,0.6008,1.0,0.5687,0.2251,0.0012,0.9175
PZ233469,Klebsiella pneumoniae,0.9998,0.0,0.9997,0.9898,0.9469,0.0,0.0,0.0,0.004,0.9581,1.0,1.0,1.0,0.9999
PZ233470,Klebsiella pneumoniae,0.9871,0.0,0.8833,0.9411,0.0087,0.0,0.0,0.0,0.0,0.0,0.9999,1.0,1.0,0.9999
PZ233471,Klebsiella pneumoniae,0.9681,0.0,0.8911,0.9679,0.0122,0.0,0.0002,0.0,0.0001,0.0,0.9996,1.0,1.0,0.9999
PZ233472,Klebsiella pneumoniae,0.9681,0.0,0.8911,0.9679,0.0122,0.0,0.0002,0.0,0.0001,0.0,0.9996,1.0,1.0,0.9999
PZ233473,Klebsiella pneumoniae,0.9101,0.0,0.8237,0.9438,0.0282,0.0,0.0022,0.0,0.0059,0.0,0.9977,0.9999,0.999,0.9997
PZ233474,Klebsiella pneumoniae,0.9188,0.0086,0.6445,0.9201,0.1042,0.0,0.2256,0.0214,0.0215,0.002,0.9388,0.9976,0.9969,0.9986
PZ233475,Klebsiella pneumoniae,0.9956,0.0,0.8584,0.9623,0.0846,0.0,0.0001,0.0,0.0001,0.0,0.9997,1.0,1.0,0.9999
PZ233476,Klebsiella pneumoniae,0.7454,0.4096,0.8754,0.8881,0.061,0.0,0.0271,0.022,0.7774,0.0237,0.95,0.9635,0.9853,0.9993
PZ233477,Klebsiella pneumoniae,0.8366,0.0,0.9336,0.8938,0.0095,0.0,0.0002,0.0,0.0,0.0,1.0,1.0,1.0,0.9994
PZ233478,Klebsiella pneumoniae,0.9543,0.0001,0.9757,0.9725,0.024,0.0,0.0001,0.0009,0.0001,0.0001,0.9997,0.9989,0.9997,0.9999
PZ244632,Klebsiella pneumoniae,0.9932,0.0,0.9505,0.9614,0.0769,0.0,0.0,0.0,0.0,0.0,1.0,0.9995,1.0,0.9997
PZ244633,Klebsiella pneumoniae,0.976,0.0,0.9604,0.9731,0.0271,0.0,0.0,0.0,0.0,0.0009,1.0,1.0,1.0,1.0
PZ244634,Klebsiella pneumoniae,0.976,0.0,0.9604,0.9731,0.0271,0.0,0.0,0.0,0.0,0.0009,1.0,1.0,1.0,1.0
PZ244635,Klebsiella pneumoniae,0.9919,0.0,0.9484,0.8345,0.0492,0.0004,0.0009,0.0,0.0001,0.0,0.9987,1.0,1.0,0.9995
PZ247578,Escherichia coli,0.0933,0.9922,0.0859,0.0647,0.6522,0.9776,0.9996,1.0,1.0,1.0,0.0212,0.0019,0.0,0.0007
PZ256258,Klebsiella pneumoniae,0.7011,0.0,0.9441,0.8931,0.0268,0.0,0.0002,0.0001,0.0,0.0,1.0,1.0,1.0,0.9999
PZ256259,Klebsiella pneumoniae,0.7011,0.0,0.9441,0.8931,0.0268,0.0,0.0002,0.0001,0.0,0.0,1.0,1.0,1.0,0.9999
PZ256260,Klebsiella pneumoniae,0.7011,0.0,0.9441,0.8931,0.0268,0.0,0.0002,0.0001,0.0,0.0,1.0,1.0,1.0,0.9999
PZ256261,Klebsiella pneumoniae,0.6897,0.0,0.9411,0.8975,0.0262,0.0,0.0002,0.0001,0.0,0.0,1.0,1.0,1.0,0.9999
PZ256262,Klebsiella pneumoniae,0.7011,0.0,0.9441,0.8931,0.0268,0.0,0.0002,0.0001,0.0,0.0,1.0,1.0,1.0,0.9999
PZ256263,Escherichia coli,0.4423,1.0,0.022,0.4657,0.9807,0.9399,1.0,0.9999,1.0,1.0,0.0002,0.0,0.0,0.0046
PZ256264,Escherichia coli,0.5726,1.0,0.0228,0.4477,0.9787,0.9354,1.0,0.9998,1.0,0.9998,0.0003,0.0001,0.0001,0.0148
PZ256265,Escherichia coli,0.46,1.0,0.0201,0.4697,0.9769,0.8238,1.0,0.9991,0.9999,0.9998,0.0004,0.0,0.0001,0.01
PZ261141,Klebsiella pneumoniae,0.991,0.0,0.9625,0.9704,0.0484,0.0,0.0,0.0,0.0,0.0,1.0,0.9995,1.0,0.9997
PZ273787,Escherichia coli,0.8494,0.9999,0.0374,0.3051,0.9946,0.8555,1.0,0.9997,1.0,1.0,0.0002,0.0001,0.0015,0.0016
PZ278543,Klebsiella pneumoniae,0.9813,0.0448,0.5149,0.4163,0.0259,0.0,0.9851,0.0228,0.0001,0.1782,0.0013,0.9478,1.0,0.9999
PZ278544,Klebsiella pneumoniae,0.8258,0.0004,0.8739,0.8738,0.8754,0.0001,0.0017,0.0198,0.9914,0.0011,0.7112,0.9989,0.0011,1.0
PZ278545,Klebsiella pneumoniae,0.7243,0.9992,0.1243,0.6727,0.9891,0.0835,0.9985,0.9913,1.0,1.0,0.0017,0.001,0.0038,0.0043
PZ295659,Escherichia coli,0.9233,0.9989,0.0578,0.0331,0.9734,1.0,1.0,1.0,0.9995,1.0,0.0,0.0,0.0002,0.0002
PZ295673,Klebsiella pneumoniae,0.8869,0.0,0.8643,0.9706,0.1319,0.0,0.0,0.0001,0.0001,0.0,0.9998,0.9997,0.9996,1.0
PZ311405,Escherichia coli,0.7233,1.0,0.0831,0.7868,0.9758,0.9978,0.9999,1.0,0.9962,1.0,0.0,0.0,0.0,0.0231
PZ311406,Escherichia coli,0.714,0.9376,0.245,0.9676,0.9055,1.0,0.9999,0.9987,0.9909,0.2531,0.046,0.4568,0.069,0.0039
PZ311407,Escherichia coli,0.9886,0.9946,0.3489,0.289,0.9897,0.9853,0.9998,1.0,0.9969,0.9816,0.0001,0.0,0.1912,0.0034
PZ315864,Klebsiella pneumoniae,0.8882,0.0003,0.9192,0.7747,0.0581,0.0,0.4127,0.0001,0.0052,0.0001,0.9993,0.9992,0.9974,0.5708
PZ324404,Escherichia coli,0.1917,1.0,0.0141,0.0484,0.9891,0.0039,1.0,1.0,1.0,1.0,0.0,0.0,0.0001,0.0022
PZ324406,Escherichia coli,0.4484,0.0064,0.0083,0.8035,0.8052,0.9783,0.9998,1.0,0.9467,1.0,0.0006,0.0,0.0043,0.3666
PZ324407,Escherichia coli,0.6615,1.0,0.0986,0.4446,0.9739,0.966,1.0,1.0,1.0,1.0,0.0044,0.0,0.0063,0.0033
PZ324408,Escherichia coli,0.6629,0.7756,0.2341,0.9376,0.7111,0.1696,0.0016,0.7162,0.3513,0.0003,0.5071,0.0001,0.0103,0.9827
PZ324409,Escherichia coli,0.8852,0.0,0.973,0.1452,0.0109,0.0,0.0,0.0,0.0,0.0,1.0,1.0,1.0,0.9998
PZ324410,Escherichia coli,0.0968,0.0,0.2028,0.9957,0.3385,0.9994,0.9992,0.0,0.998,1.0,0.0024,0.2959,0.0031,0.0018
PZ334583,Escherichia coli,0.108,1.0,0.0269,0.8939,0.9719,1.0,1.0,1.0,1.0,1.0,0.0003,0.0,0.0004,0.0012
PZ340978,Escherichia coli,0.9437,1.0,0.1596,0.013,0.9522,0.9959,0.9999,1.0,0.9586,1.0,0.0007,0.0,0.0003,0.0023
PZ344153,Klebsiella pneumoniae,0.9421,0.0,0.9315,0.8264,0.0593,0.0,0.0007,0.0,0.0002,0.0026,0.9998,1.0,0.9999,0.9994
PZ344858,Escherichia coli,0.6844,1.0,0.1629,0.3921,0.8859,1.0,0.9995,0.9999,0.9995,0.9993,0.0379,0.0,0.0349,0.0051
PZ347775,Escherichia coli,0.2627,0.9983,0.0395,0.4592,0.9847,0.9998,1.0,0.9999,0.9999,1.0,0.0001,0.0,0.0003,0.0009
PZ357121,Escherichia coli,0.944,0.0054,0.1558,0.7048,0.9683,0.9961,0.9807,0.7098,0.6135,0.6619,0.0555,0.0111,0.8876,0.2998
PZ362812,Escherichia coli,0.7688,1.0,0.122,0.5324,0.9938,0.9993,1.0,1.0,1.0,1.0,0.0004,0.0,0.0003,0.004
PZ379074,Escherichia coli,0.5988,0.9999,0.0338,0.3832,0.995,0.9622,1.0,0.9882,0.9859,1.0,0.0001,0.0001,0.0443,0.0074
PZ379075,Escherichia coli,0.4424,1.0,0.0233,0.5333,0.978,0.9896,1.0,1.0,1.0,0.9999,0.0,0.0,0.0,0.0024
PZ379076,Escherichia coli,0.2461,0.9999,0.0345,0.6735,0.964,1.0,1.0,0.9206,1.0,1.0,0.0001,0.0,0.0004,0.0128
PZ379176,Escherichia coli,0.5063,0.9923,0.0093,0.29,0.9763,0.444,1.0,0.9998,0.9998,0.0285,0.0129,0.0,0.2967,0.0391
PZ379177,Escherichia coli,0.5728,0.9998,0.0192,0.3916,0.9975,0.0217,1.0,0.985,0.99,1.0,0.0,0.0,0.0241,0.007
PZ379178,Escherichia coli,0.6429,0.9999,0.1155,0.6349,0.9913,1.0,1.0,0.9998,1.0,1.0,0.0,0.0,0.0,0.0004
PZ379179,Escherichia coli,0.4659,0.9916,0.2699,0.7657,0.8701,0.9329,0.9999,0.9999,0.9998,1.0,0.0033,0.0,0.0228,0.1382
PZ379180,Escherichia coli,0.5393,1.0,0.0634,0.8721,0.9962,1.0,1.0,0.9999,1.0,0.9998,0.0002,0.0,0.0,0.0085
PZ379181,Escherichia coli,0.9058,0.4753,0.0934,0.9828,0.9857,1.0,0.0119,0.9998,1.0,0.9795,0.0001,0.0045,0.0108,0.009
PZ379182,Escherichia coli,0.5694,1.0,0.1063,0.6633,0.992,1.0,1.0,0.9998,1.0,1.0,0.0,0.0,0.0,0.0005
PZ379183,Escherichia coli,0.2826,0.9994,0.0846,0.6529,0.9922,1.0,0.9991,0.9965,0.9998,0.977,0.0001,0.0,0.0,0.0007
PZ379184,Escherichia coli,0.896,0.9999,0.1222,0.0249,0.904,0.9976,0.999,1.0,1.0,1.0,0.0,0.0,0.0035,0.0012
PZ379185,Escherichia coli,0.3371,0.9997,0.0753,0.3771,0.9931,1.0,0.9994,0.9986,0.9998,0.9956,0.0001,0.0,0.0,0.0005
PZ379296,Klebsiella pneumoniae,0.4704,0.0231,0.8125,0.909,0.4004,0.0,0.0001,0.0,0.0001,0.0082,0.9988,0.9996,1.0,1.0
PZ379297,Klebsiella pneumoniae,0.9898,0.0,0.9537,0.9545,0.0515,0.0,0.0,0.0,0.0003,0.0,1.0,0.9975,1.0,0.9996
PZ379298,Klebsiella pneumoniae,0.9901,0.0,0.96,0.9608,0.0501,0.0,0.0,0.0,0.0002,0.0,1.0,0.9983,1.0,0.9996
PZ379299,Klebsiella pneumoniae,0.4704,0.0231,0.8125,0.909,0.4004,0.0,0.0001,0.0,0.0001,0.0082,0.9988,0.9996,1.0,1.0
PZ379300,Klebsiella pneumoniae,0.8316,0.0,0.9919,0.9752,0.1157,0.0,0.0015,0.0002,0.0,0.0,1.0,1.0,1.0,1.0
PZ379305,Klebsiella pneumoniae,0.9719,0.0,0.9236,0.9317,0.3789,0.0057,0.004,0.0,0.0009,0.0082,0.9971,0.9986,0.9997,0.9443
PZ379541,Escherichia coli,0.2826,0.9994,0.0846,0.6529,0.9922,1.0,0.9991,0.9965,0.9998,0.977,0.0001,0.0,0.0,0.0007
PZ379542,Escherichia coli,0.5369,1.0,0.1131,0.6427,0.9921,1.0,1.0,0.9998,1.0,1.0,0.0,0.0,0.0,0.0005
PZ379543,Escherichia coli,0.5694,1.0,0.1063,0.6633,0.992,1.0,1.0,0.9998,1.0,1.0,0.0,0.0,0.0,0.0005
PZ379544,Escherichia coli,0.896,0.9999,0.1222,0.0249,0.904,0.9976,0.999,1.0,1.0,1.0,0.0,0.0,0.0035,0.0012
PZ379545,Escherichia coli,0.6009,0.9988,0.0134,0.121,0.9457,0.9991,0.9999,1.0,1.0,1.0,0.0001,0.0,0.0,0.0002
PZ379546,Escherichia coli,0.2826,0.9994,0.0846,0.6529,0.9922,1.0,0.9991,0.9965,0.9998,0.977,0.0001,0.0,0.0,0.0007
PZ379547,Escherichia coli,0.5209,0.9988,0.1266,0.6418,0.9205,0.9878,1.0,1.0,1.0,1.0,0.0006,0.0,0.0021,0.0162
PZ379549,Escherichia coli,0.2826,0.9994,0.0846,0.6529,0.9922,1.0,0.9991,0.9965,0.9998,0.977,0.0001,0.0,0.0,0.0007
PZ379550,Escherichia coli,0.2826,0.9994,0.0846,0.6529,0.9922,1.0,0.9991,0.9965,0.9998,0.977,0.0001,0.0,0.0,0.0007
PZ379594,Escherichia coli,0.4208,0.4514,0.0257,0.2481,0.8472,0.3133,0.9813,1.0,1.0,1.0,0.0007,0.0007,0.0011,0.0035
PZ379595,Escherichia coli,0.5209,0.9988,0.1266,0.6418,0.9205,0.9878,1.0,1.0,1.0,1.0,0.0006,0.0,0.0021,0.0162
PZ379596,Escherichia coli,0.2826,0.9994,0.0846,0.6529,0.9922,1.0,0.9991,0.9965,0.9998,0.977,0.0001,0.0,0.0,0.0007
PZ379597,Escherichia coli,0.5694,1.0,0.1063,0.6633,0.992,1.0,1.0,0.9998,1.0,1.0,0.0,0.0,0.0,0.0005
PZ379598,Escherichia coli,0.6238,0.9995,0.0806,0.7872,0.9821,0.9391,1.0,0.9999,1.0,1.0,0.0001,0.0,0.0039,0.0065
PZ379599,Escherichia coli,0.5694,1.0,0.1063,0.6633,0.992,1.0,1.0,0.9998,1.0,1.0,0.0,0.0,0.0,0.0005
PZ379600,Escherichia coli,0.5694,1.0,0.1063,0.6633,0.992,1.0,1.0,0.9998,1.0,1.0,0.0,0.0,0.0,0.0005
PZ379601,Escherichia coli,0.5694,1.0,0.1063,0.6633,0.992,1.0,1.0,0.9998,1.0,1.0,0.0,0.0,0.0,0.0005
PZ379602,Escherichia coli,0.5954,0.9999,0.1215,0.6703,0.993,1.0,1.0,0.9997,1.0,1.0,0.0,0.0,0.0,0.0009
PZ379603,Escherichia coli,0.5694,1.0,0.1063,0.6633,0.992,1.0,1.0,0.9998,1.0,1.0,0.0,0.0,0.0,0.0005
PZ383863,Escherichia coli,0.4916,1.0,0.0232,0.2513,0.9585,1.0,1.0,1.0,1.0,1.0,0.0,0.0,0.0,0.0006
PZ386946,Escherichia coli,0.6843,0.8943,0.0543,0.921,0.9827,0.992,0.9988,0.5704,0.9994,1.0,0.0068,0.0003,0.0003,0.4279
PZ386947,Escherichia coli,0.9653,1.0,0.817,0.3601,0.9712,0.9982,0.9999,1.0,0.9999,1.0,0.0001,0.0,0.014,0.0155
PZ386948,Escherichia coli,0.9537,1.0,0.815,0.2585,0.9753,0.9981,0.9999,1.0,1.0,1.0,0.0,0.0,0.0025,0.0048
PZ386949,Escherichia coli,0.9593,1.0,0.7876,0.2659,0.9672,0.999,0.9999,1.0,1.0,1.0,0.0,0.0,0.0016,0.0083
PZ386951,Escherichia coli,0.4578,1.0,0.6356,0.5468,0.9119,0.9981,1.0,1.0,1.0,1.0,0.0,0.0,0.0001,0.0091
PZ386952,Escherichia coli,0.7961,1.0,0.0996,0.6716,0.9829,0.9992,1.0,1.0,1.0,0.9999,0.0009,0.0,0.0002,0.0031
PZ386953,Escherichia coli,0.4939,1.0,0.0942,0.4294,0.9971,0.9996,1.0,1.0,1.0,1.0,0.0001,0.0,0.0001,0.0006
PZ386955,Escherichia coli,0.8421,0.3341,0.2487,0.7725,0.9855,0.9958,0.9999,1.0,0.931,1.0,0.0143,0.0001,0.0035,0.3487
PZ386956,Escherichia coli,0.8603,1.0,0.0221,0.1285,0.9235,1.0,1.0,1.0,1.0,1.0,0.0011,0.0001,0.0,0.0013
PZ386957,Escherichia coli,0.2973,1.0,0.0287,0.1714,0.9925,1.0,1.0,1.0,1.0,1.0,0.0,0.0,0.0,0.0005
PZ386958,Escherichia coli,0.3279,0.7353,0.0025,1.0,0.5407,0.9997,1.0,0.9997,0.9999,1.0,0.0001,0.0002,0.0002,0.0409
PZ386959,Escherichia coli,0.5895,0.873,0.0076,0.9999,0.8021,1.0,1.0,0.9998,0.9984,0.9999,0.0,0.0,0.0033,0.1443
PZ386960,Escherichia coli,0.7369,0.8982,0.0273,0.1623,0.9481,0.9805,0.7896,0.2259,0.9964,0.6097,0.0075,0.0,0.2071,0.7861
PZ386961,Escherichia coli,0.5159,0.9458,0.0022,0.9997,0.4825,1.0,1.0,1.0,1.0,1.0,0.0,0.0,0.0003,0.0078
PZ386963,Escherichia coli,0.6679,0.9999,0.0009,0.9998,0.3937,1.0,1.0,1.0,1.0,1.0,0.0,0.0,0.0003,0.0037
PZ386964,Escherichia coli,0.539,0.9967,0.0409,0.46,0.996,0.1703,0.9999,0.8608,0.7635,1.0,0.0006,0.0034,0.2034,0.0987
PZ386965,Escherichia coli,0.4017,0.9987,0.382,0.8006,0.9236,0.9934,0.9994,1.0,0.974,0.9987,0.0126,0.2427,0.0,0.0365
PZ386966,Escherichia coli,0.7363,0.9993,0.0024,0.9998,0.3809,1.0,1.0,1.0,0.999,1.0,0.0,0.0,0.0006,0.0632
PZ386967,Escherichia coli,0.5026,0.9775,0.1141,0.4587,0.9598,0.9466,0.9958,0.9996,0.8485,1.0,0.0178,0.0063,0.0012,0.0091
PZ386968,Escherichia coli,0.5023,0.9769,0.1153,0.4587,0.9597,0.9453,0.9957,0.9996,0.8452,1.0,0.0184,0.0065,0.0012,0.0093
PZ386969,Escherichia coli,0.5251,0.9684,0.1107,0.4605,0.9621,0.9496,0.9941,0.9996,0.8395,1.0,0.0178,0.0057,0.0012,0.0095
PZ386970,Escherichia coli,0.4089,0.9911,0.2261,0.6608,0.9698,0.9934,0.9978,1.0,0.9518,0.9947,0.0232,0.0043,0.0,0.0093
PZ386971,Escherichia coli,0.6672,0.5525,0.4269,0.5702,0.8939,0.6145,0.9339,0.9798,0.4381,1.0,0.3745,0.0818,0.0272,0.0422
PZ386972,Escherichia coli,0.3964,0.994,0.121,0.5486,0.9688,0.9881,0.9997,1.0,0.9964,1.0,0.0051,0.0,0.0064,0.003
PZ386973,Escherichia coli,0.2826,0.9976,0.0827,0.336,0.938,0.92,0.9999,1.0,0.9986,1.0,0.0034,0.0001,0.0107,0.0033
PZ386974,Escherichia coli,0.5759,0.9982,0.1477,0.9523,0.982,0.9964,0.9989,1.0,0.5026,0.9979,0.001,0.0621,0.0,0.0299
PZ386975,Escherichia coli,0.6317,0.9997,0.0011,0.9999,0.3587,1.0,1.0,1.0,0.9999,1.0,0.0,0.0,0.0002,0.0142
PZ386976,Escherichia coli,0.8503,0.9985,0.0053,1.0,0.5175,1.0,1.0,1.0,0.9995,1.0,0.0,0.0001,0.001,0.0478
PZ386977,Escherichia coli,0.5336,0.9998,0.1449,0.8802,0.9956,0.9932,0.9999,1.0,0.9808,0.9972,0.0034,0.0002,0.0,0.0049
PZ386978,Escherichia coli,0.6382,0.9997,0.001,0.9999,0.3527,1.0,1.0,1.0,1.0,1.0,0.0,0.0,0.0002,0.014
PZ386979,Escherichia coli,0.6465,0.9999,0.0567,0.3775,0.9898,0.9966,1.0,0.9949,0.9999,0.992,0.0004,0.0,0.0026,0.0023
PZ402300,Escherichia coli,0.1609,0.9996,0.1334,0.7819,0.8956,0.1433,0.997,0.885,0.9768,0.8581,0.004,0.0174,0.0328,0.0117
PZ402301,Escherichia coli,0.9707,0.8673,0.2961,0.199,0.992,0.9946,1.0,1.0,0.987,0.6736,0.0,0.0001,0.0605,0.0013
PZ402302,Escherichia coli,0.3487,1.0,0.0477,0.6956,0.9895,0.7571,0.9999,1.0,1.0,1.0,0.0,0.0,0.0,0.0011
PZ402303,Escherichia coli,0.9005,1.0,0.0724,0.8011,0.98,0.9996,1.0,1.0,0.9996,1.0,0.0,0.0,0.0002,0.0112
PZ402304,Escherichia coli,0.9627,0.7722,0.139,0.3767,0.9844,0.9839,1.0,1.0,0.9375,0.0059,0.0011,0.0,0.0098,0.0151
PZ402305,Escherichia coli,0.534,0.9998,0.1159,0.2955,0.9738,0.6225,1.0,1.0,0.9992,1.0,0.004,0.0032,0.0026,0.0048
PZ402949,Klebsiella pneumoniae,0.97,0.0,0.9108,0.9413,0.2414,0.0,0.0018,0.0,0.0003,0.0049,0.9999,0.9996,0.9999,0.9985
PZ405898,Klebsiella pneumoniae,0.9037,0.0,0.6103,0.9526,0.0231,0.0006,0.9809,0.0133,0.1279,0.0,0.8874,0.9383,0.9999,0.9939
PZ405899,Klebsiella pneumoniae,0.995,0.0,0.9941,0.9746,0.2058,0.0,0.0,0.0,0.0,0.0,1.0,1.0,1.0,0.9999
PZ405959,Klebsiella pneumoniae,0.5275,0.0,0.9557,0.9353,0.8352,0.0,0.0018,0.0,0.0006,0.0004,0.9987,0.2715,1.0,0.999
PZ406325,Klebsiella pneumoniae,0.7334,0.0,0.6373,0.3999,0.0174,0.0,0.0,0.0,0.0002,0.0001,0.9981,1.0,1.0,0.9995
PZ406326,Klebsiella pneumoniae,0.7334,0.0,0.6373,0.3999,0.0174,0.0,0.0,0.0,0.0002,0.0001,0.9981,1.0,1.0,0.9995
PZ406327,Klebsiella pneumoniae,0.7334,0.0,0.6373,0.3999,0.0174,0.0,0.0,0.0,0.0002,0.0001,0.9981,1.0,1.0,0.9995
PZ406328,Klebsiella pneumoniae,0.7334,0.0,0.6373,0.3999,0.0174,0.0,0.0,0.0,0.0002,0.0001,0.9981,1.0,1.0,0.9995
PZ406330,Klebsiella pneumoniae,0.7334,0.0,0.6373,0.3999,0.0174,0.0,0.0,0.0,0.0002,0.0001,0.9981,1.0,1.0,0.9995
PZ406331,Klebsiella pneumoniae,0.7334,0.0,0.6373,0.3999,0.0174,0.0,0.0,0.0,0.0002,0.0001,0.9981,1.0,1.0,0.9995
PZ406332,Klebsiella pneumoniae,0.7334,0.0,0.6373,0.3999,0.0174,0.0,0.0,0.0,0.0002,0.0001,0.9981,1.0,1.0,0.9995
PZ433559,Klebsiella pneumoniae,0.9888,0.0,0.9425,0.9771,0.0332,0.0,0.0,0.0,0.0,0.0,1.0,0.9998,1.0,0.9998
PZ436093,Escherichia coli,0.752,0.9999,0.1111,0.4874,0.9742,0.9984,0.9999,1.0,0.9999,0.9959,0.0026,0.0,0.0007,0.0099
PZ440473,Klebsiella pneumoniae,0.9368,0.0,0.6328,0.8823,0.0242,0.0,0.0,0.0,0.0005,0.0,0.9941,0.9998,1.0,0.9997
PZ440474,Klebsiella pneumoniae,0.9287,0.0,0.6033,0.8749,0.0259,0.0,0.0,0.0,0.0008,0.0,0.9916,0.9998,1.0,0.9997
PZ445134,Escherichia coli,0.9627,0.7722,0.139,0.3767,0.9844,0.9839,1.0,1.0,0.9375,0.0059,0.0011,0.0,0.0098,0.0151
PZ445405,Escherichia coli,0.7434,0.825,0.0417,0.908,0.9787,0.9166,0.6715,0.9967,0.9993,1.0,0.0004,0.0,0.0032,0.0833
PZ445406,Escherichia coli,0.7528,0.9173,0.1101,0.9368,0.9934,0.9232,0.9938,0.5371,0.9982,0.9881,0.015,0.0006,0.0012,0.6111
PZ445407,Escherichia coli,0.8126,0.0389,0.1299,0.9866,0.9748,0.8473,0.8041,0.0361,0.4247,0.9995,0.2162,0.0239,0.0044,0.9911
PZ445408,Escherichia coli,0.7614,1.0,0.1345,0.7074,0.9838,1.0,1.0,1.0,1.0,1.0,0.0,0.0,0.0001,0.0006
PZ445409,Escherichia coli,0.4414,1.0,0.1532,0.4708,0.9697,1.0,1.0,1.0,1.0,1.0,0.0,0.0,0.0,0.0014
PZ445410,Escherichia coli,0.3961,0.9997,0.0816,0.5315,0.9917,1.0,0.9995,1.0,1.0,1.0,0.0001,0.0,0.0,0.0129
PZ445411,Escherichia coli,0.8122,0.9986,0.0712,0.3136,0.984,0.9998,0.9956,1.0,0.9996,1.0,0.0002,0.0001,0.0034,0.0021
PZ445412,Escherichia coli,0.7526,0.9938,0.0587,0.182,0.9912,0.9877,1.0,1.0,0.9999,1.0,0.0002,0.0,0.0001,0.0053
PZ445413,Escherichia coli,0.8628,0.9949,0.0627,0.5573,0.9855,0.9998,0.9995,1.0,1.0,1.0,0.0002,0.0001,0.0004,0.0045
PZ445414,Escherichia coli,0.8435,0.9959,0.0603,0.6931,0.9852,0.8769,0.9983,0.9987,0.9993,0.9991,0.0041,0.0001,0.009,0.112
PZ445415,Escherichia coli,0.4728,0.9981,0.036,0.2925,0.9971,0.1195,1.0,0.9106,0.9684,1.0,0.0001,0.0004,0.0512,0.0639
PZ445416,Escherichia coli,0.7506,0.9923,0.0623,0.287,0.9948,0.9985,0.9976,0.9984,0.9999,0.9997,0.0077,0.0,0.0636,0.0622
PZ445417,Escherichia coli,0.3589,0.9995,0.039,0.2719,0.9391,0.9186,0.9997,0.9999,0.9995,0.9916,0.0012,0.0,0.0013,0.0351
PZ445418,Escherichia coli,0.3592,1.0,0.0164,0.2443,0.9844,1.0,1.0,1.0,0.9993,1.0,0.0006,0.0,0.001,0.0005
PZ445419,Escherichia coli,0.7351,1.0,0.0491,0.5045,0.9911,1.0,1.0,1.0,1.0,0.9987,0.0,0.0,0.0001,0.0022
PZ445420,Escherichia coli,0.873,1.0,0.1039,0.5912,0.9939,1.0,1.0,1.0,1.0,1.0,0.0008,0.0,0.0018,0.001
PZ445421,Escherichia coli,0.7952,1.0,0.1124,0.1956,0.9853,0.9996,1.0,1.0,0.9999,1.0,0.0002,0.0,0.0011,0.0035
PZ445422,Escherichia coli,0.4706,1.0,0.0417,0.562,0.9956,1.0,0.9994,1.0,1.0,1.0,0.0,0.0,0.0,0.0064
PZ445423,Escherichia coli,0.6387,1.0,0.0174,0.6221,0.9942,1.0,0.9996,0.9971,1.0,0.9997,0.0,0.0,0.0002,0.0036
PZ445424,Escherichia coli,0.6862,1.0,0.1257,0.2608,0.9827,0.9949,0.9997,1.0,0.9952,1.0,0.0071,0.0008,0.0125,0.0047
PZ445425,Escherichia coli,0.6092,1.0,0.0465,0.4126,0.977,0.9997,0.9998,1.0,0.9997,1.0,0.0004,0.0,0.0001,0.0042
PZ445426,Escherichia coli,0.9222,1.0,0.0626,0.3444,0.9851,1.0,1.0,1.0,1.0,0.9998,0.001,0.0,0.0009,0.0007
PZ445427,Escherichia coli,0.8868,1.0,0.3118,0.3856,0.9875,1.0,1.0,1.0,1.0,1.0,0.0,0.0,0.0001,0.0007
PZ445428,Escherichia coli,0.6457,0.9998,0.3306,0.2904,0.9735,0.9938,0.9998,0.9999,0.9998,1.0,0.0022,0.0006,0.0112,0.0023
PZ445429,Escherichia coli,0.8597,0.9999,0.2429,0.3531,0.9808,0.9999,1.0,1.0,1.0,1.0,0.0005,0.0003,0.0015,0.0009
PZ445430,Escherichia coli,0.5142,1.0,0.1603,0.4005,0.9858,0.9999,1.0,1.0,1.0,1.0,0.0,0.0,0.0,0.0003
PZ445431,Escherichia coli,0.5264,1.0,0.1188,0.3305,0.9812,0.9993,1.0,1.0,1.0,1.0,0.0001,0.0,0.0,0.0007
PZ445432,Escherichia coli,0.2888,0.9989,0.1164,0.3058,0.9239,0.9434,0.9999,1.0,0.9994,1.0,0.0024,0.0,0.0186,0.0019
PZ445433,Escherichia coli,0.8929,1.0,0.7743,0.2034,0.965,0.9929,0.9996,1.0,1.0,1.0,0.0,0.0,0.0005,0.0039
PZ445434,Escherichia coli,0.8663,1.0,0.7623,0.2208,0.9681,0.9943,0.9998,1.0,1.0,1.0,0.0,0.0,0.0001,0.0028
PZ445435,Escherichia coli,0.2447,1.0,0.1095,0.5121,0.9425,0.9999,1.0,1.0,1.0,1.0,0.0,0.0,0.0,0.0012
PZ445436,Escherichia coli,0.3241,1.0,0.7833,0.7679,0.8912,0.9986,1.0,1.0,1.0,1.0,0.0,0.0,0.0,0.0106
PZ445437,Escherichia coli,0.6195,1.0,0.3173,0.2963,0.9826,0.9997,0.9992,0.9999,1.0,1.0,0.0001,0.0,0.0,0.0051
PZ445438,Escherichia coli,0.299,1.0,0.7795,0.7955,0.8924,0.9924,0.9999,1.0,1.0,1.0,0.0002,0.0,0.0,0.0287
PZ445439,Escherichia coli,0.7632,1.0,0.4488,0.3037,0.9627,0.9994,0.9996,1.0,0.9974,0.9999,0.0001,0.0,0.0001,0.0187
PZ445440,Escherichia coli,0.9358,0.9853,0.1694,0.1591,0.9891,0.9862,0.9984,1.0,0.4468,0.9998,0.0042,0.0001,0.0002,0.0044
PZ445441,Escherichia coli,0.617,1.0,0.0777,0.4155,0.9972,0.9996,1.0,1.0,1.0,1.0,0.0001,0.0,0.0001,0.0006
PZ445442,Escherichia coli,0.5317,1.0,0.0826,0.4164,0.9976,0.9998,1.0,1.0,1.0,1.0,0.0001,0.0,0.0001,0.0006
PZ445443,Escherichia coli,0.596,1.0,0.1022,0.5245,0.9975,0.9999,1.0,1.0,1.0,1.0,0.0,0.0,0.0,0.0006
PZ445444,Escherichia coli,0.6502,1.0,0.0895,0.3871,0.9978,0.9997,1.0,1.0,1.0,1.0,0.0001,0.0,0.0002,0.0006
PZ445445,Escherichia coli,0.5968,1.0,0.0948,0.4494,0.9977,0.9997,1.0,1.0,1.0,1.0,0.0,0.0,0.0001,0.0006
PZ445446,Escherichia coli,0.6869,1.0,0.0877,0.3223,0.9978,0.9999,1.0,1.0,1.0,1.0,0.0001,0.0,0.0001,0.0006
PZ445447,Escherichia coli,0.6223,1.0,0.0977,0.4627,0.9979,0.9998,1.0,1.0,1.0,1.0,0.0,0.0,0.0001,0.0006
PZ445448,Escherichia coli,0.5729,1.0,0.0943,0.4725,0.9978,0.9991,1.0,1.0,1.0,1.0,0.0001,0.0,0.0001,0.0007
PZ445449,Escherichia coli,0.5757,1.0,0.0947,0.4042,0.9977,0.9999,1.0,1.0,1.0,1.0,0.0,0.0,0.0,0.0006
PZ445450,Escherichia coli,0.5294,1.0,0.1087,0.3842,0.9977,0.9995,1.0,1.0,1.0,1.0,0.0001,0.0,0.0001,0.0006
PZ445451,Escherichia coli,0.436,0.9609,0.2112,0.447,0.9601,0.3656,1.0,1.0,0.9984,1.0,0.0005,0.0009,0.0001,0.058
PZ445452,Escherichia coli,0.6459,0.9997,0.1274,0.4573,0.9894,0.9973,1.0,1.0,0.9994,1.0,0.0,0.0,0.0001,0.0123
PZ445453,Escherichia coli,0.6685,0.9996,0.137,0.3829,0.9921,0.999,1.0,1.0,0.9988,1.0,0.0,0.0,0.0001,0.0068
PZ445454,Escherichia coli,0.7066,0.9956,0.0024,0.999,0.8383,0.9999,1.0,1.0,0.9993,1.0,0.0,0.0,0.0017,0.0722
PZ445455,Escherichia coli,0.4025,0.9296,0.1648,0.9035,0.9715,0.0187,0.6258,0.9882,0.617,0.9649,0.0736,0.0009,0.7608,0.6979
PZ445456,Escherichia coli,0.2804,1.0,0.0231,0.0517,0.941,0.825,1.0,0.9999,1.0,1.0,0.0,0.0,0.0231,0.0059
PZ445457,Escherichia coli,0.1225,1.0,0.0228,0.6367,0.9181,0.7375,0.998,0.9996,0.9992,0.9954,0.0001,0.0,0.0005,0.0803
PZ445458,Escherichia coli,0.379,0.9999,0.2131,0.3251,0.3958,0.4802,0.9999,1.0,1.0,0.6574,0.0644,0.003,0.0529,0.0016
PZ445459,Escherichia coli,0.7976,0.9999,0.2623,0.8497,0.9997,0.9999,0.9999,0.9993,1.0,1.0,0.0,0.0,0.0257,0.0052
PZ445460,Escherichia coli,0.8139,1.0,0.2025,0.8271,0.9997,1.0,1.0,0.9996,1.0,1.0,0.0,0.0,0.0047,0.0027
PZ445461,Escherichia coli,0.8663,1.0,0.2442,0.8785,0.9998,1.0,1.0,0.9997,1.0,1.0,0.0,0.0,0.0055,0.0033
PZ445462,Escherichia coli,0.6565,0.6714,0.4019,0.7302,0.9989,0.831,0.9981,0.9999,0.9995,0.9979,0.0001,0.0,0.0003,0.0047
PZ445463,Escherichia coli,0.2781,0.7962,0.1818,0.2401,0.9904,0.9999,1.0,0.9999,0.9996,0.9986,0.0,0.0,0.0002,0.0011
PZ445464,Escherichia coli,0.463,0.1428,0.1325,0.4868,0.9824,1.0,0.9998,0.9801,0.9999,0.6746,0.0006,0.0,0.0167,0.0122
PZ445465,Escherichia coli,0.8301,0.9804,0.1122,0.9686,0.9992,1.0,1.0,1.0,0.9999,1.0,0.0003,0.0,0.0178,0.005
PZ445466,Escherichia coli,0.8081,0.9883,0.1023,0.9656,0.9991,1.0,1.0,1.0,0.9997,1.0,0.0003,0.0,0.0088,0.0066
PZ445467,Escherichia coli,0.8688,0.9594,0.1466,0.978,0.9993,0.9873,0.9999,0.9993,0.999,1.0,0.0033,0.0012,0.1614,0.0149
PZ445469,Escherichia coli,0.464,1.0,0.184,0.8724,0.9984,1.0,1.0,1.0,1.0,1.0,0.0,0.0,0.0,0.0012
PZ445470,Escherichia coli,0.7847,1.0,0.0582,0.0847,0.978,1.0,1.0,1.0,1.0,1.0,0.0,0.0,0.0001,0.0005
PZ445471,Escherichia coli,0.7526,1.0,0.0317,0.088,0.9759,1.0,1.0,1.0,1.0,1.0,0.0,0.0,0.0001,0.0005
PZ445472,Escherichia coli,0.6324,1.0,0.0244,0.4826,0.982,0.9894,1.0,0.9999,1.0,0.9999,0.0001,0.0,0.0,0.008
PZ445473,Escherichia coli,0.5868,0.9998,0.0256,0.588,0.9689,0.4631,0.9999,0.9953,0.9978,0.9944,0.0127,0.0012,0.0007,0.0539
PZ445484,Escherichia coli,0.4055,0.9999,0.0247,0.6195,0.9749,0.7088,0.9999,0.9982,0.9994,0.9989,0.0022,0.0002,0.0009,0.04
PZ445485,Escherichia coli,0.5059,0.9511,0.2739,0.6588,0.9065,0.9004,1.0,0.9956,0.9837,0.7585,0.001,0.0021,0.1078,0.0118
PZ445487,Escherichia coli,0.7439,0.1725,0.3105,0.9122,0.9712,0.7864,0.9256,0.9997,0.4433,0.9888,0.6226,0.0637,0.0441,0.5352
PZ445488,Escherichia coli,0.8669,0.9996,0.1588,0.1846,0.9929,0.9692,1.0,1.0,0.9641,0.9999,0.0011,0.0,0.0,0.0024
PZ445489,Escherichia coli,0.5463,0.9994,0.09,0.272,0.9777,0.9999,1.0,0.9999,0.9999,1.0,0.0006,0.0,0.0009,0.0006
PZ445492,Escherichia coli,0.2734,1.0,0.0728,0.3615,0.971,0.9941,1.0,1.0,1.0,1.0,0.0003,0.0,0.0029,0.0013
PZ445493,Escherichia coli,0.8326,0.7685,0.0755,0.476,0.9811,0.9902,0.9913,0.9705,1.0,0.9994,0.0093,0.0001,0.0113,0.0132
PZ445495,Escherichia coli,0.7814,1.0,0.1517,0.7164,0.9858,1.0,1.0,1.0,1.0,1.0,0.0,0.0,0.0001,0.0005
PZ445496,Escherichia coli,0.544,1.0,0.1632,0.4074,0.9863,0.9999,1.0,1.0,1.0,1.0,0.0,0.0,0.0,0.0003
PZ445497,Escherichia coli,0.7276,0.9236,0.0551,0.0707,0.9868,0.9971,0.9998,1.0,0.9943,0.9975,0.0005,0.0,0.0015,0.0048
PZ445498,Escherichia coli,0.5488,1.0,0.0588,0.4561,0.9748,0.9997,1.0,1.0,1.0,1.0,0.0001,0.0001,0.0,0.0007
PZ445499,Escherichia coli,0.8173,1.0,0.1335,0.243,0.9887,1.0,1.0,1.0,1.0,1.0,0.0002,0.0,0.0001,0.0004
PZ445500,Escherichia coli,0.3707,1.0,0.1093,0.3021,0.9656,1.0,1.0,1.0,0.9999,1.0,0.0001,0.0,0.0,0.002
PZ445501,Escherichia coli,0.3007,1.0,0.1264,0.5126,0.9615,1.0,1.0,1.0,0.9998,1.0,0.0001,0.0,0.0,0.0032
PZ445502,Escherichia coli,0.4882,1.0,0.0957,0.7163,0.9685,1.0,1.0,1.0,1.0,1.0,0.0,0.0,0.0,0.0013
PZ445503,Escherichia coli,0.7931,0.9856,0.0042,0.9984,0.6537,0.9998,1.0,0.9997,0.9995,1.0,0.0001,0.0,0.0136,0.0404
PZ445504,Escherichia coli,0.8204,1.0,0.0389,0.3442,0.987,1.0,0.9999,1.0,1.0,1.0,0.0,0.0,0.0001,0.0008
PZ445505,Escherichia coli,0.8174,0.5763,0.1364,0.0834,0.9754,0.9969,0.9997,1.0,0.9926,0.9676,0.0055,0.0003,0.0436,0.0111
PZ445506,Escherichia coli,0.6688,0.9996,0.0938,0.4277,0.991,0.9997,0.9989,1.0,0.9996,1.0,0.0006,0.0,0.0003,0.0018
PZ445507,Escherichia coli,0.8911,0.9923,0.0297,0.9684,0.9778,0.1207,0.9989,0.9991,1.0,1.0,0.0,0.0,0.0016,0.0855
PZ445508,Escherichia coli,0.8328,0.9999,0.0861,0.3836,0.9946,1.0,1.0,1.0,1.0,1.0,0.0,0.0,0.0002,0.0005
PZ445509,Escherichia coli,0.9021,0.9999,0.5021,0.3817,0.9861,0.0067,0.9978,0.9996,0.9322,0.9992,0.4337,0.0736,0.0006,0.002
PZ445510,Escherichia coli,0.5904,0.9999,0.0422,0.222,0.9745,1.0,0.9999,1.0,0.9999,0.4454,0.0003,0.0,0.0047,0.0367
PZ445512,Escherichia coli,0.6451,0.9962,0.0427,0.2305,0.9846,0.9999,1.0,1.0,1.0,1.0,0.0,0.0,0.0,0.0018
PZ445513,Escherichia coli,0.5023,1.0,0.0768,0.4584,0.9971,0.9999,1.0,1.0,1.0,1.0,0.0,0.0,0.0,0.0006
PZ445514,Escherichia coli,0.7173,0.9999,0.0225,0.5574,0.9361,0.9998,1.0,1.0,1.0,0.9995,0.0003,0.0,0.0114,0.0232
PZ445515,Escherichia coli,0.4609,0.9998,0.0563,0.3277,0.9748,1.0,1.0,1.0,1.0,1.0,0.0002,0.0,0.0005,0.0006
PZ445516,Escherichia coli,0.5636,0.9795,0.1237,0.3619,0.9771,0.9745,0.9963,0.9989,0.9992,0.9999,0.0426,0.001,0.0436,0.021
PZ445517,Escherichia coli,0.9707,0.9999,0.8317,0.4922,0.9702,0.9802,0.998,1.0,0.9975,0.9993,0.0002,0.0,0.0109,0.0789
PZ445529,Escherichia coli,0.5751,1.0,0.1563,0.3341,0.9926,1.0,1.0,1.0,1.0,1.0,0.0,0.0,0.0,0.0002
PZ445530,Escherichia coli,0.7012,1.0,0.0976,0.4869,0.9979,0.9998,1.0,1.0,1.0,1.0,0.0,0.0,0.0001,0.0006
PZ445531,Escherichia coli,0.5751,1.0,0.1563,0.3341,0.9926,1.0,1.0,1.0,1.0,1.0,0.0,0.0,0.0,0.0002
PZ445532,Escherichia coli,0.85,1.0,0.0532,0.175,0.987,1.0,1.0,1.0,1.0,0.9793,0.0001,0.0,0.0001,0.0012
PZ445533,Escherichia coli,0.3754,1.0,0.0679,0.6126,0.9591,1.0,1.0,1.0,1.0,1.0,0.0,0.0,0.0,0.0015
PZ445534,Escherichia coli,0.6091,0.9851,0.0033,0.9978,0.7448,1.0,1.0,0.9995,1.0,1.0,0.0,0.0,0.0002,0.0153
PZ445535,Escherichia coli,0.3133,0.9999,0.1247,0.5313,0.9627,0.9998,1.0,0.9999,1.0,0.9988,0.0001,0.0,0.0002,0.3649
PZ445536,Escherichia coli,0.1151,1.0,0.6368,0.6423,0.8118,0.9853,1.0,1.0,1.0,1.0,0.0,0.0,0.0,0.0017
PZ445537,Escherichia coli,0.8079,0.8547,0.0864,0.8024,0.9888,0.9884,0.9458,0.9562,1.0,0.0005,0.0499,0.0001,0.0485,0.4618
PZ445538,Escherichia coli,0.7738,1.0,0.1046,0.6848,0.9915,1.0,1.0,1.0,1.0,1.0,0.0,0.0,0.0,0.0003
PZ445539,Escherichia coli,0.8342,1.0,0.0666,0.2552,0.9968,1.0,1.0,0.9992,1.0,1.0,0.0,0.0,0.0,0.0131
PZ445540,Escherichia coli,0.6356,0.703,0.0303,0.2389,0.9869,0.5919,0.4081,0.9898,0.9917,1.0,0.0031,0.0005,0.6711,0.039
PZ445541,Escherichia coli,0.6604,0.9997,0.1203,0.4791,0.9906,0.9977,1.0,1.0,0.9994,1.0,0.0,0.0,0.0001,0.014
PZ445542,Escherichia coli,0.7617,0.9999,0.2322,0.411,0.9762,0.9997,1.0,1.0,1.0,1.0,0.0001,0.0,0.0002,0.0006
PZ445543,Escherichia coli,0.9272,1.0,0.8102,0.2971,0.9869,0.9976,0.9998,1.0,1.0,0.9999,0.0,0.0,0.0004,0.0048
PZ445544,Escherichia coli,0.87,0.9999,0.1136,0.334,0.9958,0.5368,0.997,0.8827,1.0,1.0,0.001,0.0,0.0125,0.0408
PZ445545,Escherichia coli,0.6119,1.0,0.0675,0.3632,0.9967,0.9997,1.0,1.0,1.0,1.0,0.0001,0.0,0.0001,0.0005
PZ445546,Escherichia coli,0.6506,0.9998,0.125,0.4597,0.9893,0.9975,1.0,1.0,0.9995,1.0,0.0,0.0,0.0001,0.0121
PZ445547,Escherichia coli,0.444,0.9997,0.0461,0.7457,0.9868,0.9963,1.0,0.9742,0.9974,1.0,0.0002,0.0001,0.003,0.0146
PZ445548,Escherichia coli,0.7486,0.9992,0.4347,0.2456,0.9611,0.5855,0.9963,0.9999,0.9993,1.0,0.0003,0.0004,0.0001,0.2181
PZ445549,Escherichia coli,0.6147,1.0,0.2844,0.2522,0.9706,0.9896,1.0,1.0,1.0,1.0,0.0,0.0,0.0,0.0011
PZ445550,Escherichia coli,0.2981,0.9926,0.0595,0.179,0.9278,0.8473,0.9988,1.0,0.991,1.0,0.0031,0.0,0.1477,0.0265
PZ445551,Escherichia coli,0.6603,0.9997,0.1305,0.4542,0.9891,0.9974,1.0,1.0,0.9995,1.0,0.0,0.0,0.0001,0.0116
PZ445552,Escherichia coli,0.9342,1.0,0.8058,0.3113,0.9855,0.998,0.9997,1.0,1.0,0.9999,0.0,0.0,0.0005,0.0056
PZ445553,Escherichia coli,0.6863,0.9994,0.0995,0.4453,0.989,0.9997,0.9978,1.0,0.9993,0.9999,0.0008,0.0,0.0007,0.0041
PZ445554,Escherichia coli,0.9114,1.0,0.569,0.4011,0.9758,0.9991,1.0,1.0,1.0,1.0,0.0,0.0,0.0002,0.0016
PZ447393,Klebsiella pneumoniae,0.9494,0.0,0.6908,0.9554,0.1439,0.0003,0.0095,0.0001,0.0034,0.0009,0.9694,0.9955,1.0,0.9992
PZ447394,Klebsiella pneumoniae,0.6185,0.0002,0.9117,0.9678,0.332,0.0,0.0039,0.0004,0.012,0.0,0.9937,0.9996,0.9999,0.9998
PZ452593,Escherichia coli,0.9503,0.9999,0.794,0.2805,0.9706,0.0909,0.9901,0.9999,0.9997,0.999,0.0009,0.0001,0.0028,0.0873
PZ452599,Escherichia coli,0.8284,0.9996,0.1759,0.366,0.9924,0.9992,0.9999,0.9998,1.0,0.9922,0.0012,0.0,0.0017,0.0081
PZ452604,Escherichia coli,0.9177,0.9866,0.1876,0.203,0.9898,0.9714,0.9999,1.0,0.7975,0.6736,0.0045,0.0001,0.0002,0.0218
PZ452605,Escherichia coli,0.804,0.9992,0.0926,0.3729,0.9943,0.9999,0.9999,1.0,0.9999,0.9999,0.0001,0.0,0.0018,0.0014
PZ452606,Escherichia coli,0.6186,0.9999,0.3578,0.3602,0.9631,0.9873,0.9999,1.0,0.9999,1.0,0.0,0.0,0.0,0.0168
PZ452607,Escherichia coli,0.8013,0.9999,0.0393,0.0893,0.9951,0.9965,1.0,0.9997,1.0,0.9998,0.0,0.0,0.0009,0.0011
PZ454251,Klebsiella pneumoniae,0.9576,0.0,0.7459,0.8834,0.0381,0.0,0.0,0.0001,0.0007,0.0,0.9945,0.9996,1.0,0.9995
PZ465523,Escherichia coli,0.2981,0.0012,0.7504,0.4265,0.4761,0.0,0.0005,0.046,0.8793,0.9737,0.9968,0.5486,0.0455,0.9978
PZ465524,Klebsiella pneumoniae,0.6594,0.0029,0.9581,0.9637,0.1465,0.0,0.0,0.0,0.0,0.0215,0.9999,0.9834,1.0,1.0
PZ465525,Escherichia coli,0.5488,1.0,0.0602,0.0381,0.7713,0.4148,0.999,0.9999,0.7017,0.4319,0.0004,0.0,0.0045,0.0124
PZ465526,Escherichia coli,0.6538,0.1137,0.0688,0.7411,0.9544,0.9977,0.9912,0.0425,0.9989,0.9994,0.015,0.0021,0.0007,0.2029
PZ465527,Escherichia coli,0.9965,1.0,0.4092,0.5054,0.9999,0.9999,1.0,1.0,1.0,0.9911,0.0004,0.0,0.0001,0.4837
PZ465528,Klebsiella pneumoniae,0.851,0.0001,0.7473,0.9795,0.1154,0.0,0.0,0.0001,0.0,0.0008,0.9998,1.0,1.0,1.0
PZ465698,Klebsiella pneumoniae,0.9561,0.0,0.9355,0.9156,0.3494,0.0002,0.0008,0.0,0.0261,0.0457,0.9986,1.0,0.9984,0.9998
PZ466121,Klebsiella pneumoniae,0.9677,0.0002,0.9779,0.9794,0.1131,0.0,0.0012,0.001,0.0001,0.0001,0.9997,0.9896,0.9999,0.9998
PZ466139,Klebsiella pneumoniae,0.0497,0.0001,0.9487,0.9626,0.0095,0.0,0.0011,0.0003,0.0021,0.0,0.9995,1.0,0.9998,0.9998
PZ467946,Klebsiella pneumoniae,0.7946,0.0031,0.9281,0.9912,0.1067,0.0,0.0,0.018,0.9937,0.0,0.8763,0.9963,0.997,0.9999
PZ476263,Escherichia coli,0.9567,1.0,0.0516,0.9516,0.9935,0.9936,0.9999,0.9998,1.0,1.0,0.0,0.0,0.0313,0.0165
PZ481756,Klebsiella pneumoniae,0.9862,0.0,0.9531,0.9388,0.0542,0.0,0.0,0.0,0.0,0.0015,1.0,0.9998,1.0,0.9999
PZ481759,Klebsiella pneumoniae,0.9484,0.0,0.9529,0.9811,0.0652,0.0,0.0,0.0001,0.0,0.0002,1.0,1.0,1.0,1.0
PZ486388,Klebsiella pneumoniae,0.8579,0.0,0.9527,0.9894,0.7457,0.0001,0.0,0.0,0.0008,0.0001,0.9989,0.9658,0.9999,0.9993
PZ490076,Escherichia coli,0.1204,0.0242,0.193,0.0196,0.4535,0.0338,0.762,0.5051,1.0,0.5003,0.6095,0.9535,0.0,0.0046
PZ495249,Escherichia coli,0.8914,0.8934,0.0507,0.6181,0.9837,0.9999,1.0,0.7602,1.0,0.9943,0.0004,0.0018,0.0122,0.0109
PZ496580,Escherichia coli,0.6649,0.9987,0.0393,0.0591,0.9914,1.0,1.0,1.0,0.9995,1.0,0.0,0.0,0.0,0.0012
PZ496581,Escherichia coli,0.7193,0.9999,0.1093,0.5081,0.9903,0.9999,0.9999,1.0,0.9957,0.9998,0.0004,0.0001,0.0,0.0023
PZ501484,Escherichia coli,0.5833,0.9552,0.076,0.3503,0.9819,1.0,0.9957,1.0,1.0,0.9167,0.0001,0.0001,0.0009,0.6127
PZ501485,Escherichia coli,0.5833,0.9552,0.076,0.3503,0.9819,1.0,0.9957,1.0,1.0,0.9167,0.0001,0.0001,0.0009,0.6127
PZ501486,Escherichia coli,0.5833,0.9552,0.076,0.3503,0.9819,1.0,0.9957,1.0,1.0,0.9167,0.0001,0.0001,0.0009,0.6127
PZ502448,Klebsiella pneumoniae,0.95,0.0007,0.9472,0.816,0.1268,0.0004,0.009,0.0001,0.075,0.0075,0.9972,0.8248,0.9804,0.9991
PZ502561,Klebsiella pneumoniae,0.919,0.0,0.9421,0.8733,0.0355,0.0,0.0,0.0,0.0,0.0058,1.0,1.0,0.9991,0.9997
PZ502562,Escherichia coli,0.9718,0.9887,0.339,0.9035,0.9697,0.0369,0.9992,1.0,0.8791,1.0,0.0769,0.0,0.0033,0.9078
PZ509021,Escherichia coli,0.7199,0.9998,0.1109,0.5202,0.99,0.9999,0.9999,1.0,0.9954,0.9998,0.0005,0.0001,0.0,0.0025
PZ509022,Escherichia coli,0.9833,0.9958,0.3563,0.2097,0.9865,0.9963,0.9998,1.0,0.9954,0.9958,0.0001,0.0,0.027,0.0012
PZ513996,Escherichia coli,0.7375,0.6714,0.5177,0.5687,0.8779,0.9998,0.9999,1.0,0.9061,0.0006,0.0991,0.0005,0.0072,0.0015
PZ513997,Escherichia coli,0.9391,0.0007,0.079,0.8726,0.83,0.0005,0.1175,0.0003,0.9999,0.0004,0.0047,0.011,0.6955,0.9755
PZ527900,Escherichia coli,0.2222,1.0,0.1068,0.2106,0.9725,0.9793,1.0,1.0,1.0,0.649,0.0002,0.0,0.0001,0.0003
PZ533728,Klebsiella pneumoniae,0.7647,0.0,0.9059,0.9915,0.047,0.0,0.0,0.0,0.0,0.0,0.9999,0.9999,0.9999,1.0
PZ533729,Klebsiella pneumoniae,0.8442,0.0,0.949,0.9972,0.0376,0.0,0.0,0.0,0.0,0.0,0.9999,0.9999,1.0,1.0
PZ533730,Klebsiella pneumoniae,0.9886,0.0,0.7257,0.7316,0.1455,0.0004,0.0,0.0,0.0014,0.0,0.9963,1.0,0.9999,0.9997
PZ533731,Klebsiella pneumoniae,0.7812,0.5716,0.9973,0.3973,0.0046,0.0,0.0021,0.0002,0.0,0.0,1.0,1.0,0.9999,0.9615
PZ533732,Klebsiella pneumoniae,0.7149,0.0002,0.5333,0.7576,0.0915,0.0,0.0019,0.0537,0.007,0.0042,0.8624,0.9956,1.0,0.9985
PZ533733,Klebsiella pneumoniae,0.9911,0.0001,0.9358,0.4263,0.7164,0.0468,0.0013,0.0001,0.0,0.0,0.9828,0.9875,0.9999,0.9697
PZ533734,Klebsiella pneumoniae,0.6691,0.0,0.7607,0.9696,0.1392,0.0,0.0001,0.0,0.0001,0.0,0.9834,0.9999,1.0,1.0
PZ533735,Klebsiella pneumoniae,0.7621,0.0,0.9822,0.936,0.0611,0.0,0.0,0.0,0.0,0.0,1.0,1.0,1.0,0.9999
PZ533736,Klebsiella pneumoniae,0.8323,0.0,0.9639,0.9866,0.0274,0.0009,0.0,0.0,0.0,0.0,1.0,0.9906,0.9998,0.9999
PZ533737,Klebsiella pneumoniae,0.9018,0.0,0.4547,0.7664,0.0999,0.0,0.0,0.0,0.0,0.0,1.0,1.0,1.0,0.9995
PZ533738,Klebsiella pneumoniae,0.8356,0.0,0.9291,0.9966,0.0431,0.0,0.0,0.0,0.0,0.0,0.9999,1.0,1.0,1.0
PZ533739,Klebsiella pneumoniae,0.9666,0.0,0.9655,0.6193,0.0601,0.0,0.0037,0.0002,0.0,0.0,1.0,1.0,1.0,0.8635
PZ533740,Klebsiella pneumoniae,0.9917,0.0,0.9643,0.9698,0.0435,0.0,0.0,0.0,0.0,0.0,1.0,0.9998,1.0,0.9997
PZ533741,Klebsiella pneumoniae,0.2814,0.0161,0.6808,0.9318,0.0971,0.0,0.0328,0.0129,0.1075,0.0046,0.9988,0.855,0.9372,0.9982
PZ533742,Klebsiella pneumoniae,0.3115,0.0,0.8721,0.9269,0.0626,0.0,0.0289,0.0234,0.0356,0.0002,0.9941,0.9945,0.9951,0.9989
PZ533743,Klebsiella pneumoniae,0.9762,0.0287,0.9459,0.9793,0.4054,0.0,0.0001,0.0004,0.0,0.0196,0.9999,1.0,1.0,1.0
PZ534511,Escherichia coli,0.7335,0.9999,0.0256,0.5645,0.9421,0.9995,1.0,1.0,1.0,0.9998,0.0006,0.0,0.0135,0.0271
PZ534512,Escherichia coli,0.3602,1.0,0.0022,1.0,0.8481,1.0,1.0,1.0,1.0,1.0,0.0,0.0,0.0001,0.0002
PZ534515,Escherichia coli,0.573,0.9875,0.0025,0.9974,0.6649,1.0,1.0,1.0,0.9999,0.9998,0.0,0.0,0.0004,0.0215
PZ534532,Escherichia coli,0.6981,1.0,0.0998,0.4053,0.9822,0.9578,1.0,1.0,1.0,1.0,0.0027,0.0,0.0033,0.0028
PZ534534,Escherichia coli,0.6981,1.0,0.0998,0.4053,0.9822,0.9578,1.0,1.0,1.0,1.0,0.0027,0.0,0.0033,0.0028
PZ540269,Escherichia coli,0.7107,1.0,0.0482,0.5277,0.9951,1.0,1.0,1.0,1.0,1.0,0.0,0.0,0.0,0.0005
PZ542107,Klebsiella pneumoniae,0.9952,0.0,0.6684,0.9648,0.0258,0.0,0.0,0.0,0.0001,0.0,0.9998,1.0,1.0,0.9999
PZ543597,Escherichia coli,0.9879,0.9855,0.3918,0.2618,0.9911,0.955,0.9996,1.0,0.9955,0.9868,0.0001,0.0,0.0535,0.0024
PZ544513,Escherichia coli,0.572,0.9979,0.1416,0.7456,0.9509,0.9684,0.9999,0.9985,0.9999,1.0,0.0063,0.0,0.1196,0.019
PZ544685,Escherichia coli,0.3668,0.9828,0.1582,0.1593,0.9392,0.4878,0.9799,0.9998,0.9997,0.8762,0.0806,0.6455,0.0009,0.0002
PZ547843,Klebsiella pneumoniae,0.997,0.0,0.9186,0.9706,0.0757,0.0,0.0,0.0,0.0,0.0,0.9999,0.9999,1.0,0.9999
PZ554334,Escherichia coli,0.5646,0.9875,0.0024,0.9973,0.6622,1.0,1.0,1.0,0.9999,0.9999,0.0,0.0,0.0004,0.0193
PZ564098,Klebsiella pneumoniae,0.4889,0.0,0.9806,0.7453,0.0153,0.0,0.0,0.0136,0.0,0.0,0.9999,1.0,0.9992,0.9999
PZ568324,Klebsiella pneumoniae,0.8595,0.001,0.7358,0.477,0.5898,0.0002,0.0016,0.0,0.0552,0.1132,0.9821,0.9148,1.0,0.9923
PZ569104,Klebsiella pneumoniae,0.8376,0.0,0.7495,0.8481,0.416,0.0,0.0007,0.028,0.0035,0.0001,0.983,0.9999,0.9956,0.9995
PZ593571,Klebsiella pneumoniae,0.9821,0.0968,0.0902,0.3117,0.922,0.1003,0.0192,1.0,1.0,0.9986,0.1847,0.0004,1.0,0.0711
PZ618369,Escherichia coli,0.759,0.0082,0.8144,0.9637,0.9965,0.0015,0.9048,0.0,0.8582,1.0,0.9606,0.002,0.0252,0.9963
PZ618370,Escherichia coli,0.6493,0.108,0.7625,0.9488,0.9979,0.0131,0.9283,0.0015,0.9091,1.0,0.9079,0.0006,0.0034,0.9892
PZ654711,Klebsiella pneumoniae,0.656,0.0,0.3668,0.8984,0.0756,0.0028,0.0002,0.0001,0.0003,0.0001,0.9274,0.9967,0.9994,0.9999
PZ654712,Klebsiella pneumoniae,0.8829,0.0,0.947,0.6538,0.073,0.0,0.0,0.0,0.0,0.0,0.9999,1.0,1.0,0.9998
PZ654713,Klebsiella pneumoniae,0.9383,0.0025,0.7934,0.4191,0.0304,0.0202,0.2237,0.0003,0.0121,0.0001,0.9987,0.8865,0.9982,0.9874
PZ662386,Escherichia coli,0.196,0.8074,0.0089,0.9993,0.5017,0.9997,1.0,1.0,0.9975,1.0,0.0,0.0024,0.0011,0.1891
PZ671982,Escherichia coli,0.899,1.0,0.0686,0.7444,0.9967,1.0,1.0,1.0,1.0,1.0,0.0,0.0,0.0131,0.0055
PZ674595,Escherichia coli,0.8564,0.9998,0.0133,0.3282,0.8439,1.0,0.9959,0.9995,0.9979,1.0,0.0,0.0,0.0101,0.0159
PZ683213,Escherichia coli,0.9756,0.0,0.9765,0.905,0.1144,0.0001,0.0044,0.0,0.0168,0.2135,0.9997,0.9346,0.9915,0.9991
PZ683264,Escherichia coli,0.4052,1.0,0.9958,0.1092,0.8499,0.979,0.9995,1.0,1.0,1.0,0.0,0.0,0.0,0.2133
PZ686473,Klebsiella pneumoniae,0.6441,0.9972,0.2084,0.3166,0.0227,0.0003,0.967,0.9995,0.5201,0.9996,0.8595,0.0094,0.018,0.998
PZ689225,Klebsiella pneumoniae,0.9572,0.0,0.9552,0.9961,0.1334,0.0,0.0,0.0,0.0004,0.0,0.9998,1.0,0.9997,1.0
PZ689226,Klebsiella pneumoniae,0.9644,0.0,0.9736,0.9938,0.1182,0.0001,0.0,0.0,0.0001,0.0,1.0,0.9987,1.0,0.9999
PZ715802,Escherichia coli,0.7363,1.0,0.0404,0.5158,0.9753,1.0,1.0,1.0,1.0,1.0,0.0,0.0,0.0001,0.0053
PZ715803,Escherichia coli,0.6191,0.9918,0.2628,0.5574,0.9912,1.0,1.0,0.9998,1.0,1.0,0.0001,0.0,0.0006,0.0063
PZ715804,Escherichia coli,0.468,0.0181,0.3345,0.2988,0.9938,0.0636,0.2505,0.9598,0.9999,0.9997,0.6293,0.0007,0.0009,0.7956
PZ721830,Klebsiella pneumoniae,0.3152,0.0246,0.916,0.9693,0.1979,0.0032,0.0001,0.011,0.0002,0.0312,0.9561,0.9957,0.9626,0.9996
PZ721902,Escherichia coli,0.7931,0.4901,0.0915,0.9204,0.9867,0.9716,0.9999,0.9991,0.9907,0.0044,0.0048,0.0,0.0377,0.4527
PZ721903,Escherichia coli,0.522,0.0218,0.4272,0.2281,0.9926,0.726,0.2335,0.989,0.9999,0.9996,0.7245,0.0001,0.0006,0.6064
PZ725262,Escherichia coli,0.4883,0.996,0.1088,0.8278,0.9978,0.9998,0.9999,0.9998,0.9992,1.0,0.0007,0.0,0.0,0.0785
PZ736737,Klebsiella pneumoniae,0.9739,0.0,0.9466,0.9535,0.5954,0.0007,0.0134,0.0,0.01,0.0296,0.9873,0.9548,0.9985,0.9997
PZ738962,Escherichia coli,0.593,0.9572,0.0608,0.0846,0.9877,0.9999,0.9999,1.0,0.9917,1.0,0.0005,0.0,0.0003,0.0078
PZ744579,Escherichia coli,0.4731,0.9998,0.0288,0.3821,0.981,1.0,1.0,1.0,0.9998,0.9987,0.0012,0.0,0.0013,0.0277
PZ748594,Escherichia coli,0.708,0.9994,0.0374,0.3412,0.9588,0.861,0.999,0.9938,0.9979,0.9997,0.0051,0.0005,0.0061,0.0557
PZ754631,Escherichia coli,0.9432,1.0,0.0396,0.3225,0.9737,1.0,1.0,1.0,1.0,1.0,0.0,0.0,0.0001,0.0013
PZ754632,Escherichia coli,0.6156,0.9862,0.0015,0.9916,0.7417,0.9989,1.0,0.9994,0.9994,1.0,0.0,0.0,0.0032,0.0513
PZ754749,Escherichia coli,0.4771,1.0,0.0137,0.5117,0.9643,1.0,1.0,1.0,1.0,1.0,0.0,0.0,0.0,0.0003
PZ755731,Klebsiella pneumoniae,0.8878,0.0,0.7716,0.9564,0.7849,0.0101,0.0059,0.0026,0.017,0.0048,0.9975,0.9749,0.9481,0.9978
PZ782780,Escherichia coli,0.8677,1.0,0.1394,0.1312,0.9675,0.5722,1.0,1.0,1.0,1.0,0.0,0.0,0.0,0.0007
PZ786312,Escherichia coli,0.995,0.0046,0.1424,0.5423,0.9511,0.9929,1.0,0.998,0.5451,0.0,0.0004,0.0,0.0179,0.5395
PZ787336,Escherichia coli,0.4024,0.9909,0.014,0.8871,0.9478,0.965,1.0,0.9582,1.0,1.0,0.0,0.0,0.0161,0.0166
PZ787841,Escherichia coli,0.0089,1.0,0.4999,0.1055,0.9555,0.5404,1.0,0.9943,0.9987,1.0,0.3818,0.0001,0.0,0.0395
PZ788954,Klebsiella pneumoniae,0.9987,0.0,0.8219,0.9328,0.0621,0.0,0.0001,0.0,0.0001,0.0,0.9992,1.0,1.0,0.9992
PZ789118,Klebsiella pneumoniae,0.6516,0.0,0.9612,0.9923,0.1012,0.0,0.0001,0.0046,0.0001,0.0,0.9991,0.9983,1.0,1.0
PZ789120,Klebsiella pneumoniae,0.8241,0.0,0.9119,0.9892,0.1607,0.0,0.0,0.0,0.0,0.0,0.9984,0.9942,0.9997,0.9999
PZ789432,Escherichia coli,0.0708,0.9999,0.0428,0.8601,0.9769,0.1564,1.0,0.9999,0.999,0.6915,0.0001,0.0,0.0058,0.0017
PZ793367,Escherichia coli,0.7858,0.9948,0.0165,0.987,0.6375,0.9996,1.0,0.9994,0.9988,0.9998,0.0001,0.0,0.0058,0.1899
PZ797503,Escherichia coli,0.8239,0.0,0.9919,0.9034,0.1054,0.0023,0.0,0.0021,0.0033,0.1638,0.9999,0.9994,0.9966,0.9953
PZ798257,Klebsiella pneumoniae,0.9982,0.0003,0.7744,0.9401,0.2119,0.0,0.0012,0.0003,0.0002,0.0001,0.9945,0.9844,1.0,0.9986
PZ809289,Escherichia coli,0.8496,0.9558,0.0531,0.343,0.9729,0.9923,1.0,1.0,0.9971,0.5128,0.0,0.0,0.0004,0.0011
PZ835552,Escherichia coli,0.9626,1.0,0.8292,0.3329,0.9811,0.9976,0.9999,1.0,0.9998,0.9998,0.0001,0.0,0.0084,0.0131
PZ836354,Klebsiella pneumoniae,0.9257,0.0,0.6785,0.9875,0.0334,0.0,0.0,0.0,0.0044,0.0,0.9999,1.0,0.9995,1.0
PZ869731,Escherichia coli,0.9922,0.9982,0.3225,0.1405,0.9868,0.9914,1.0,1.0,0.9984,0.9911,0.0001,0.0,0.0237,0.0006
PZ871095,Escherichia coli,0.7174,0.9999,0.6216,0.5701,0.9051,0.9992,0.9999,0.9998,0.9998,0.9396,0.0228,0.0,0.0109,0.017
PZ871096,Escherichia coli,0.8726,1.0,0.1589,0.1596,0.983,1.0,1.0,1.0,1.0,1.0,0.0,0.0,0.0,0.0006
PZ871097,Escherichia coli,0.8726,1.0,0.1589,0.1596,0.983,1.0,1.0,1.0,1.0,1.0,0.0,0.0,0.0,0.0006
PZ871099,Escherichia coli,0.7392,0.9997,0.2859,0.4022,0.9711,0.9357,1.0,0.9992,1.0,0.9701,0.0006,0.0,0.0001,0.0225
PZ871100,Escherichia coli,0.8784,1.0,0.2381,0.0581,0.9694,1.0,0.7015,1.0,0.9998,1.0,0.0229,0.0,0.0001,0.0007
PZ878405,Escherichia coli,0.7174,0.9999,0.6216,0.5701,0.9051,0.9992,0.9999,0.9998,0.9998,0.9396,0.0228,0.0,0.0109,0.017
PZ885831,Klebsiella pneumoniae,0.9896,0.0,0.9822,0.9687,0.1631,0.0,0.0,0.0,0.0001,0.0,0.9999,0.9997,1.0,1.0
PZ886036,Klebsiella pneumoniae,0.8262,0.0,0.8775,0.9648,0.0031,0.0,0.0,0.9879,0.0,0.005,0.9829,1.0,1.0,1.0
PZ900181,Klebsiella pneumoniae,0.9886,0.0,0.9482,0.9617,0.0332,0.0,0.0,0.0,0.0002,0.0,1.0,0.9987,1.0,0.9996
PZ917099,Escherichia coli,0.9625,0.9838,0.931,0.7516,0.5797,0.0,0.7617,0.9396,0.9384,0.9991,0.9849,0.9999,0.0183,0.9994
PZ943414,Klebsiella pneumoniae,0.9349,0.0,0.9784,0.9786,0.04,0.0,0.0001,0.0003,0.0001,0.0002,0.9988,0.9995,0.9995,0.9999
