target,evalue,score
NC_100129_0,0.0,3589.4736328125
NC_101820_0,0.0,3486.87841796875
PZ445409_0,0.0,3431.192626953125
PZ445502_0,0.0,3424.81494140625
PZ445500_0,0.0,3424.489990234375
PZ445501_0,0.0,3423.274658203125
PZ445533_0,0.0,3419.601806640625
PZ445499_0,0.0,3404.791015625
PZ445410_0,0.0,3317.520263671875
PZ452599_0,0.0,3219.261962890625
PZ386979_0,0.0,3159.2939453125
NC_101840_0,0.0,3072.190673828125
PZ445508_0,0.0,3072.190673828125
PZ452605_0,0.0,3050.31591796875
PZ445506_0,0.0,3049.140869140625
PZ445538_0,0.0,3043.9853515625
PZ445553_0,0.0,3039.378662109375
PZ445495_0,0.0,3031.2646484375
PZ445408_0,0.0,3024.37841796875
PZ445411_0,0.0,3004.651611328125
PZ278545_0,0.0,2965.641845703125
PZ445504_0,0.0,2887.88720703125
PZ445413_0,0.0,2883.023681640625
PZ445414_0,0.0,2605.313232421875
PZ445512_0,0.0,2476.0927734375
NC_102605_0,0.0,2462.672607421875
PZ445412_0,0.0,2460.427978515625
NC_103567_0,0.0,2455.204833984375
PZ273787_0,0.0,2345.6806640625
PZ445416_0,0.0,2336.572021484375
PZ452607_0,0.0,2324.561767578125
PX132331_0,0.0,2243.60595703125
OR090980_0,0.0,2185.68701171875
OR090977_0,0.0,2185.390625
PX904473_0,0.0,2182.181884765625
NC_105638_0,0.0,2133.64892578125
NC_104628_0,0.0,2133.310791015625
PZ440473_0,0.0,2131.402587890625
NC_104631_0,0.0,2130.866455078125
PZ440474_0,0.0,2130.80712890625
NC_104632_0,0.0,2128.97900390625
PX411091_0,0.0,2128.561279296875
NC_104633_0,0.0,2128.271484375
PZ055538_0,0.0,2122.70751953125
PZ055537_0,0.0,2121.774169921875
NC_130273_0,0.0,2098.928955078125
NC_104630_0,0.0,2095.9375
PZ000615_0,0.0,2074.83740234375
PZ465731_0,0.0,2074.5634765625
PZ465735_0,0.0,2074.251220703125
PZ000751_0,0.0,2061.0205078125
NC_106494_0,0.0,2060.32568359375
NC_109729_0,0.0,2059.44482421875
NC_103859_0,0.0,2057.805419921875
NC_104812_0,0.0,2054.401123046875
NC_103145_0,0.0,2052.587890625
NC_105644_0,0.0,2047.42822265625
NC_105640_0,0.0,2046.3939208984375
PX866606_0,0.0,2044.845458984375
NC_104395_0,0.0,2042.710205078125
NC_129888_0,0.0,2041.9608154296875
PX502241_0,0.0,2035.3450927734375
PX502242_0,0.0,2033.1658935546875
NC_105721_0,0.0,2031.0582275390625
PZ454251_0,0.0,2026.771728515625
NC_105155_0,0.0,2026.70068359375
NC_110359_0,0.0,2025.75537109375
PX502248_0,0.0,2024.918701171875
PX502246_0,0.0,2024.90185546875
PX502244_0,0.0,2024.77001953125
NC_104627_0,0.0,2021.9483642578125
PZ447393_0,0.0,2018.937744140625
PZ445493_0,0.0,2015.9229736328125
NC_105154_0,0.0,2014.23486328125
NC_105792_0,0.0,2014.23486328125
PX502229_0,0.0,2012.60595703125
NC_110358_0,0.0,1995.952392578125
PX502245_0,0.0,1995.609619140625
PZ547843_0,0.0,1991.757568359375
NC_105611_0,0.0,1987.29345703125
NC_129956_0,0.0,1986.9482421875
PX641096_0,0.0,1986.556396484375
PX843005_0,0.0,1982.26318359375
NC_107952_0,0.0,1979.6785888671875
OR090988_0,0.0,1958.2686767578125
PQ621130_0,0.0,1949.733154296875
PZ386946_0,0.0,1942.7508544921875
PZ445407_0,0.0,1936.3323974609375
PX502249_0,0.0,1935.583740234375
PZ725262_0,0.0,1920.1883544921875
PZ542107_0,0.0,1901.1390380859375
NC_106518_0,0.0,1889.921875
PX725530_0,0.0,1878.8880615234375
NC_130765_0,0.0,1877.03271484375
NC_106517_0,0.0,1876.990478515625
PZ798257_0,0.0,1875.3701171875
PZ445405_0,0.0,1871.451904296875
PZ788954_0,0.0,1871.0877685546875
PQ628034_0,0.0,1870.585693359375
PZ445406_0,0.0,1868.459716796875
NC_107953_0,0.0,1867.89892578125
PZ227171_0,0.0,1865.894287109375
PZ233475_0,0.0,1865.6392822265625
NC_129957_0,0.0,1860.9945068359375
PZ445507_0,0.0,1857.0098876953125
PZ166175_0,0.0,1815.1995849609375
PZ445544_0,0.0,1135.2308349609375
PZ445537_0,0.0,1100.0220947265625
PZ445539_0,0.0,1087.0706787109375
PX969075_0,0.0,1072.9287109375
PZ445540_0,8.9138365e-317,1050.25537109375
PX502250_0,1.2541167599058609e-288,956.9136962890625
PZ445532_0,5.441604936713392e-246,815.5250854492188
PZ445531_0,1.1505197555001577e-244,811.1307373046875
PZ445529_0,2.4841705151273763e-244,810.022216796875
PZ445417_0,2.7218516311808653e-244,809.890625
PZ445510_0,1.6013871927744102e-242,804.0223999023438
PZ445418_0,2.815358038276813e-242,803.2098388671875
PZ445419_0,1.0909678909624271e-236,784.6787109375
PZ445535_0,7.37949481793513e-234,775.2935180664062
PZ445470_0,7.797479771651238e-234,775.2141723632812
PZ445471_0,2.183032417791988e-232,770.4154663085938
PZ744579_0,5.929569568820823e-223,739.1317749023438
OL657228_0,9.452610567482168e-157,519.5994873046875
PZ871096_0,1.9557096663206392e-156,518.5524291992188
PZ871097_0,1.9557096663206392e-156,518.5524291992188
PZ445547_0,4.226192917749057e-147,487.59808349609375
OL657226_0,6.90507346080089e-121,400.6731872558594
OL657227_0,8.04150596434885e-121,400.4537658691406
NC_105100_0,1.826406356710987e-93,309.73846435546875
PZ445515_0,7.398969868619892e-67,221.505859375
NC_105101_0,1.1914636347481053e-66,220.81973266601562
PZ445489_0,1.5093345689292986e-66,220.47915649414062
PZ568324_0,4.5017837574318553e-61,202.3249969482422
NC_105104_0,9.668052697962788e-61,201.22421264648438
PX930853_0,2.8462581894956326e-59,196.35311889648438
PX872922_0,2.7695943847644486e-58,193.0763702392578
OQ817854_0,4.727424095939562e-58,192.3063507080078
PZ654712_0,6.791521854492353e-58,191.7845916748047
PZ754631_0,2.253763303601313e-57,190.05711364746094
OR896823_0,5.354220471063044e-57,188.81097412109375
PZ406325_0,4.418512860340404e-56,185.7715301513672
PZ406326_0,4.418512860340404e-56,185.7715301513672
PZ406327_0,4.418512860340404e-56,185.7715301513672
PZ406328_0,4.418512860340404e-56,185.7715301513672
PZ406330_0,4.418512860340404e-56,185.7715301513672
PZ406331_0,4.418512860340404e-56,185.7715301513672
PZ406332_0,4.418512860340404e-56,185.7715301513672
PZ871099_0,9.93859757078969e-56,184.60411071777344
PZ150740_0,1.0098989513790368e-55,184.5810546875
PZ871100_0,8.681257585415408e-55,181.4828338623047
PZ715802_0,1.1982567919787813e-53,177.70262145996094
PZ715803_0,1.2913672450543794e-51,170.96270751953125
PV357171_0,6.800648558053964e-50,165.25408935546875
PV357172_0,1.1737274425939075e-49,164.46812438964844
PZ383863_0,1.7143231338536915e-49,163.92254638671875
NC_105102_0,4.198117894615458e-49,162.63272094726562
PZ055534_0,8.446337562444289e-48,158.30984497070312
NC_109358_0,1.590612850714172e-46,154.0821990966797
PZ012685_0,5.1559516763033475e-46,152.38853454589844
NC_130051_0,5.502814191317319e-46,152.29476928710938
PZ465523_0,2.6670052309990388e-45,150.0218048095703
PZ721903_0,1.0673119779439001e-44,148.02464294433594
PZ465527_0,1.7239010495875382e-44,147.33416748046875
PZ748594_0,2.3037041933779797e-43,143.60055541992188
PZ715804_0,8.410335493283238e-43,141.7356414794922
PZ533737_0,2.429832857570885e-41,136.8916473388672
PX586628_0,3.457219889262473e-41,136.3837890625
PX974332_0,4.226625908497354e-41,136.0944061279297
PV402689_0,9.001556940990093e-41,135.0056610107422
PV081216_0,9.895467932173221e-41,134.8693084716797
PZ533732_0,2.123084989995616e-40,133.76992797851562
PV402688_0,7.276920902140331e-40,131.9958953857422
NC_107939_0,8.950199104536704e-40,131.6978302001953
NC_107938_0,1.1249119611374975e-39,131.36859130859375
PX670406_0,1.4780499728553647e-39,130.97540283203125
PZ233474_0,1.802439834497602e-39,130.6896514892578
PV081217_0,2.517491518530875e-39,130.20846557617188
PQ305823_0,2.769019378107038e-39,130.07131958007812
PZ533730_0,8.565270213789528e-39,128.445068359375
PX666696_0,1.0762125827729504e-38,128.1162567138672
PX132564_0,1.080371201623061e-38,128.11070251464844
PX872915_0,2.4516174400368887e-38,126.93058013916016
PZ445426_0,3.7222315893191203e-38,126.32920837402344
PZ155155_0,3.945418250669593e-38,126.24534606933594
NC_105106_0,3.987358757866704e-38,126.23011779785156
PZ137471_0,3.987358757866704e-38,126.23011779785156
PX241558_0,5.021664915615685e-38,125.8979721069336
PZ654711_0,1.2426242316075357e-37,124.59312438964844
PX915672_0,1.69240683512676e-37,124.14822387695312
PZ533734_0,1.88462851807157e-37,123.99329376220703
PV240279_0,8.352950459851239e-37,121.84907531738281
NC_107940_0,1.1410804795450023e-36,121.39982604980469
PZ149775_0,1.224827073248639e-36,121.2978286743164
NC_105105_0,1.4469500568845961e-36,121.05781555175781
PZ324404_0,1.684016699258917e-35,117.52323913574219
PV402687_0,2.025936716311395e-35,117.25702667236328
NC_104629_0,3.768437911306186e-35,116.36322784423828
PZ445423_0,5.906844852308875e-35,115.71595001220703
PX974333_0,1.1291252757557795e-34,114.78285217285156
PX132334_0,2.2906151218065442e-34,113.76412200927734
PZ445442_0,5.35573974678546e-34,112.54093170166016
PX880622_0,5.631880388344863e-34,112.4685287475586
PZ445513_0,1.1679094123493543e-33,111.41814422607422
PZ445545_0,4.284825571204884e-33,109.546142578125
PZ445441_0,5.136354998491514e-33,109.28509521484375
PZ362812_0,2.720491895376358e-32,106.88428497314453
PZ436093_0,8.302502422880096e-29,95.32923126220703
PZ721902_0,6.4810786432761165e-28,92.36984252929688
PZ386952_0,1.2393855023079227e-27,91.43617248535156
PZ445421_0,1.2765150873386776e-26,88.07759094238281
PZ379182_0,5.24428998928968e-26,86.04264831542969
PZ379543_0,5.24428998928968e-26,86.04264831542969
PZ379597_0,5.24428998928968e-26,86.04264831542969
PZ379599_0,5.24428998928968e-26,86.04264831542969
PZ379600_0,5.24428998928968e-26,86.04264831542969
PZ379601_0,5.24428998928968e-26,86.04264831542969
PZ379603_0,5.24428998928968e-26,86.04264831542969
PZ379181_0,5.75610868658276e-26,85.90853881835938
PZ379178_0,6.654793178128468e-26,85.6996078491211
PZ379602_0,7.043362100941034e-26,85.61788177490234
PZ379542_0,7.045153360039572e-26,85.61751556396484
PZ379185_0,8.130779527920279e-26,85.41111755371094
PZ379183_0,9.636033273975177e-26,85.16650390625
PZ379541_0,9.636033273975177e-26,85.16650390625
PZ379546_0,9.636033273975177e-26,85.16650390625
PZ379549_0,9.636033273975177e-26,85.16650390625
PZ379550_0,9.636033273975177e-26,85.16650390625
PZ379596_0,9.636033273975177e-26,85.16650390625
PZ445420_0,5.771587880516393e-25,82.5886001586914
PZ465526_0,2.136783184404551e-24,80.70352935791016
PZ445514_0,2.4682867753308186e-24,80.4958267211914
PX021331_0,3.1281768997206704e-24,80.15461730957031
PZ445446_0,4.362065863367262e-24,79.67577362060547
PX068455_0,5.2171856651424895e-24,79.41796875
PZ445450_0,8.206416924098488e-24,78.76564025878906
PZ445445_0,8.232761247357395e-24,78.76102447509766
PZ324407_0,1.2276475929082779e-23,78.18559265136719
PZ445448_0,1.2508214050136733e-23,78.15866088867188
PZ445444_0,1.3967824796348668e-23,77.99971008300781
PZ445447_0,1.468644630226172e-23,77.92745971679688
PZ445443_0,1.7045008907531185e-23,77.71297454833984
NC_105137_0,1.9669274897309457e-23,77.50674438476562
PZ445449_0,7.421669711031877e-23,75.59432220458984
PZ445425_0,1.1200948065131834e-22,75.0015640258789
PZ445530_0,1.8426708883380468e-22,74.28465270996094
PZ540269_0,6.9700804459784555e-22,72.36865997314453
PX068454_0,1.0600965476603855e-21,71.76477813720703
PZ445422_0,4.1072255627341624e-21,69.81425476074219
PZ212788_0,4.3049431075335035e-20,66.43047332763672
PZ445424_0,5.154131935490948e-20,66.17119598388672
PX880101_0,1.48359426261351e-19,64.64859008789062
PZ386953_0,1.2603710945605333e-18,61.567352294921875
PZ171032_0,2.446165311346826e-18,60.61236572265625
PZ534511_0,4.0202615566743956e-18,59.8968620300293
PZ534532_0,4.943828846191741e-18,59.59904861450195
PZ534534_0,4.943828846191741e-18,59.59904861450195
PZ445432_0,1.5314998340716242e-17,57.970680236816406
PV833090_0,2.0277069720628898e-17,57.566490173339844
PV976138_0,5.253394773909116e-17,56.19551086425781
PZ671982_0,1.144517668276382e-16,55.074073791503906
PX741096_0,1.5899651098467177e-16,54.60065460205078
PZ050808_0,1.4783318212305715e-15,51.38942337036133
PZ871095_0,1.6696414451338859e-15,51.21416473388672
PZ878405_0,1.6696414451338859e-15,51.21416473388672
PZ340978_0,1.0321578576782813e-12,41.95860290527344
NC_129898_0,1.2739791002204984e-12,41.655460357666016
NC_101842_0,1.4394535443641928e-12,41.479591369628906
NC_101838_0,2.40682598857396e-12,40.739288330078125
PZ386972_0,3.4529492085545744e-12,40.21950912475586
PZ793367_0,3.7634102249845755e-11,36.77944564819336
PX260882_0,3.758566107257235e-09,30.149158477783203
PX907402_0,7.895897394428079e-09,29.08012580871582
PX907403_0,7.895897394428079e-09,29.08012580871582
PX405663_0,1.0949959773339535e-08,28.609207153320312
PZ593571_0,9.507144628394957e-08,25.496618270874023
PZ445456_0,4.457549387637214e-06,19.955310821533203
PZ501484_0,9.426217013879442e-05,15.56071662902832
PZ501485_0,9.426217013879442e-05,15.56071662902832
PZ501486_0,9.426217013879442e-05,15.56071662902832
OM418626_0,0.0008341405700390749,12.420722961425781
