structure,n_residues_ca,helix_frac,sheet_frac,total_sasa_A2
8A8C,1224,0.017,0.372,37185.5
A0A1V0PKW0,366,0.016,0.314,18029.4
A0A2P1E303,359,0.017,0.301,18239.9
P02930,493,0.584,0.162,31414.7
P02931,362,0.0,0.348,18198.2
P02943,446,0.0,0.383,22816.1
P05825,746,0.035,0.412,32412.7
P06129,614,0.023,0.497,28821.9
P06971,747,0.008,0.456,34167.7
P06996,367,0.016,0.316,18224.0
P0A910,346,0.133,0.355,21364.2
P0A927,294,0.0,0.418,14819.0
P0A940,810,0.152,0.299,43210.9
P24017,344,0.134,0.369,19940.6
P31242,429,0.0,0.413,22245.4
