queryVirus	score	_maxScoreHost
PZ379541.fasta	1452.2798324176772	1354253
OQ817854.fasta	1447.391859790694	1403944
PZ797503.fasta	1455.981261642674	1827481
PZ433559.fasta	1430.614857680089	1715130
PZ386961.fasta	1448.8372525630775	1948640
PZ440473.fasta	1451.0959361378796	752785
NC_105106.fasta	1453.5253584895597	1444150
PV357749.fasta	1440.6060430593084	1951908
PZ542107.fasta	1451.0434250598184	1173690
PZ445405.fasta	1455.6891239135723	1182704
PZ445463.fasta	1458.9093898440126	766160
PZ227171.fasta	1451.9162588180566	550691
OM867526.fasta	1458.0890179462597	44574
PZ166176.fasta	1455.3772086742736	479936
PX670413.fasta	1445.5982016050623	1951908
PZ618369.fasta	1448.2096802213116	1686380
PV402687.fasta	1446.5004406856224	1173690
PX904472.fasta	1454.5468482812003	1114922
PZ683213.fasta	1447.2337458092068	2066047
PZ445530.fasta	1458.241825571631	2030813
PZ445470.fasta	1450.7607662039177	749547
PX670415.fasta	1448.8471472013666	1218113
PZ445542.fasta	1459.1586748485872	1401259
PZ445411.fasta	1447.7242671838212	1444150
OM418625.fasta	1459.1185037982978	1055543
PZ871097.fasta	1448.2341469616404	1412489
PZ736737.fasta	1455.6320633759021	527005
PZ534532.fasta	1458.0948462930583	2030813
PQ821741.fasta	1451.3129639882957	1218113
PZ386948.fasta	1458.8974480130225	1328444
PZ386970.fasta	1459.6757772904248	2093900
PZ386947.fasta	1458.867203060614	1328444
PZ445516.fasta	1460.001879222896	2026767
PX315804.fasta	1428.2485030716525	1951918
PZ533735.fasta	1455.6489715624239	1686382
NC_104629.fasta	1451.909829672211	752785
PV357746.fasta	1437.1496282631606	1516104
PZ787336.fasta	1451.7168956260248	1354255
PZ789118.fasta	1443.7690893717138	1951908
PZ445424.fasta	1449.396552780302	1288347
PX130993.fasta	1455.008388440077	1951673
PX024856.fasta	1460.2807868883342	2093900
PX943615.fasta	1426.4529377762083	271098
PZ533743.fasta	1431.649539666088	1560356
OR090985.fasta	1451.833142231743	1218113
PZ386963.fasta	1452.9431687790977	344601
PX666696.fasta	1451.7937467693896	622
PX411090.fasta	1428.1383675923444	582744
PZ445460.fasta	1458.7372243589555	766160
NC_130765.fasta	1450.5464465300229	1173690
OM867527.fasta	1449.4149025407196	1686381
PV872879.fasta	1427.2754221126975	1951918
NC_105113.fasta	1459.0028654980476	38080
PQ621122.fasta	1455.4892499909367	1686382
PZ315864.fasta	1416.2543597497292	686666
PZ445425.fasta	1448.2872994485579	1288347
PX060902.fasta	1444.2039226044535	1951908
PZ445487.fasta	1459.632513655271	1508507
PZ357121.fasta	1448.6743011683866	1403944
NC_103859.fasta	1451.6565523508564	622
PZ871100.fasta	1448.1355231552297	1444150
PQ621121.fasta	1455.9124749030404	2080752
PX521587.fasta	1455.8209062452074	479936
PZ256265.fasta	1454.6641039819976	1214065
PX974332.fasta	1453.401198091989	622
PZ445539.fasta	1458.5741342000658	1177180
PZ445454.fasta	1452.899922294893	344601
PX915675.fasta	1449.8839457685312	1218112
PZ715804.fasta	1452.2351009688127	1367852
PZ445546.fasta	1454.875422747484	1255690
PZ445467.fasta	1455.930671257908	909209
PX848766.fasta	1450.6616799196938	1872400
PZ721903.fasta	1453.5203848618119	1367852
OR090977.fasta	1452.061561477199	1444194
PZ055531.fasta	1451.0552526373438	1218112
PZ379542.fasta	1455.2076158725486	1354255
PZ156446.fasta	1445.1805454224948	1951908
PQ400079.fasta	1446.460802613426	2077147
PZ465525.fasta	1434.5858168101195	1298872
PZ156442.fasta	1455.0130595939272	1686382
PZ154895.fasta	1453.4794233051234	2066047
PZ344153.fasta	1459.2585996018918	1508507
PZ055535.fasta	1444.4523571992327	1951908
NC_104631.fasta	1447.9728894788113	1444074
PZ533742.fasta	1463.542611706837	1856302
PZ533729.fasta	1444.0744919489864	1951908
PZ618370.fasta	1448.2859629352938	1686380
NC_105792.fasta	1449.2359249087963	1173690
PX131005.fasta	1460.1852309471406	1855371
PZ445497.fasta	1457.0679792501242	1444150
PX502252.fasta	1447.7884540884165	44574
PZ445492.fasta	1459.261413318794	2026767
PX418922.fasta	1455.9256520141878	479936
PZ445540.fasta	1461.5804139841352	869695
PZ533738.fasta	1442.642861777182	1951908
PZ324408.fasta	1441.4800694229552	1714300
PZ049694.fasta	1460.2638236022935	2093900
PZ386969.fasta	1456.3907453231996	1261127
PZ278545.fasta	1445.0090598221536	1646340
PZ168832.fasta	1449.4520277314818	1219085
PZ229304.fasta	1455.4036858612742	1255690
PV946933.fasta	1452.4269436791335	2066047
PZ786312.fasta	1455.1589734372133	1686380
PZ445503.fasta	1453.5732264239973	344601
PZ379074.fasta	1451.01432278101	399742
PZ445430.fasta	1458.774829663192	38080
PZ445440.fasta	1459.661301540395	2093900
PX974333.fasta	1448.2829622382715	340190
PZ445452.fasta	1455.3334172272407	1255690
PZ445464.fasta	1459.4992246445574	766160
PZ445456.fasta	1445.8095137622092	595495
PZ445471.fasta	1453.074696691774	749547
PZ465523.fasta	1450.488925960529	550691
PZ055533.fasta	1463.2881496140435	1856302
PZ534511.fasta	1457.018560241783	2030813
PZ943414.fasta	1454.540498811819	1686382
PZ386959.fasta	1453.334512843473	1403944
PX655591.fasta	1446.859247795433	1563222
PZ540269.fasta	1447.2620404355453	1288347
PQ724394.fasta	1456.7214102284233	1122977
PZ050807.fasta	1454.975073596533	1286347
PX670399.fasta	1443.7901803311938	1951908
PZ311406.fasta	1460.2362265870597	2093900
PZ917099.fasta	1456.483144335449	2077149
PZ871095.fasta	1452.4510084225856	749547
PZ445407.fasta	1454.3158158136935	82977
PV963843.fasta	1458.513974311434	1656094
PZ440474.fasta	1451.3211969352064	752785
PZ554334.fasta	1453.3290982607543	344601
PV871783.fasta	1455.4381346972027	685
PZ496581.fasta	1460.4570211194032	2093900
PX502238.fasta	1443.363476984328	1951908
PV833093.fasta	1446.9969247862014	869689
OQ863736.fasta	1449.608563435674	73098
NC_129957.fasta	1455.1428487912149	622
PX880099.fasta	1455.261041159642	479936
PX880101.fasta	1457.4804474874759	2030813
PZ445439.fasta	1459.8052370357225	1328444
PZ445431.fasta	1458.7458085025398	38080
PZ671982.fasta	1450.6812393634482	749547
PZ379296.fasta	1451.8694515193292	1218113
PX985798.fasta	1459.3802388697343	766153
PZ593571.fasta	1463.3033426919685	622
PZ244635.fasta	1458.9078372310823	1508507
PX246281.fasta	1454.9013898708697	1951654
PX405663.fasta	1452.2415276236356	749547
PZ156447.fasta	1449.9906473360245	1898961
PZ445436.fasta	1458.7444797466437	1328444
PZ452604.fasta	1459.9194504618172	2093900
PZ379185.fasta	1452.4683155437497	1354253
PZ379550.fasta	1452.3163496638604	1354253
PX946034.fasta	1458.3747566013756	1948131
PZ137471.fasta	1453.539886672405	1444150
PX872921.fasta	1428.0485884429995	1560356
PZ534515.fasta	1453.305213877222	344601
PZ386974.fasta	1460.4377220206127	2093900
PZ445415.fasta	1449.8106538159548	2025587
PZ278544.fasta	1449.3386518732568	1951719
